id,lang
8867,sv
9855,tr
16401,it
16713,de
8302,pt
8140,en
15296,nl
10339,nl
10753,tl
11427,fr
15010,it
6177,it
12182,id
5820,sv
468,af
8774,id
16266,sv
14567,en
4638,sv
1351,id
14762,tr
7500,en
7778,nl
3907,pt
13907,af
2704,nl
1071,pt
10981,es
16061,fr
7613,pt
14646,es
3623,tr
7981,tl
1982,tr
16846,tr
3725,tr
4452,es
9361,tl
3418,it
12104,tr
11999,es
4232,it
2796,es
5406,de
10357,nl
5919,nl
7847,es
11476,af
9137,it
8251,es
6575,af
4882,af
6682,sv
1684,nl
13115,tr
7583,pt
3546,tl
2753,id
8782,es
9881,sv
6997,it
7289,pt
6027,de
16989,en
6282,id
8320,de
6477,es
11238,es
2220,fr
1722,es
3600,it
15700,sv
7912,fr
7353,pt
14241,it
3582,pt
12581,fr
9088,sv
281,sv
10224,fr
12802,es
4982,fr
3030,de
17005,en
631,tl
3118,id
10125,af
967,es
12618,fr
6403,de
2258,it
2234,tl
14418,de
5196,fr
7820,pt
5661,af
15133,pt
15454,es
4023,pt
16318,tr
9738,id
11860,af
6248,id
3623,af
10038,id
2174,af
12818,sv
13165,nl
7117,pt
16777,af
506,fr
12818,pt
6127,it
7542,de
10915,de
9225,af
9909,id
6557,es
10759,af
1546,pt
12736,en
4189,sv
15199,nl
16166,id
7666,en
1640,nl
6061,id
11437,it
8005,tl
12558,it
2591,nl
8916,af
10855,sv
329,id
12256,tl
6072,de
5524,tl
8568,nl
3503,nl
7808,en
15635,en
4081,es
15276,fr
14746,id
6694,nl
16872,af
1575,id
6382,nl
13363,de
9706,tl
10858,sv
7556,nl
8431,tl
15199,en
10678,it
2412,nl
7768,pt
1542,tr
1076,id
8825,tl
12054,fr
86,it
6937,af
2220,es
11302,nl
6446,de
5919,fr
13102,fr
13984,id
12982,en
5955,en
4290,af
11582,sv
1671,pt
7966,nl
1589,es
16698,en
3780,af
12972,sv
1449,tl
11460,nl
8828,sv
1377,tr
8402,es
6902,it
4104,tr
11720,id
11858,tr
13591,it
5757,af
14,de
790,tl
8150,it
14368,nl
12759,it
1655,id
16275,id
14053,id
9746,tr
1575,sv
14023,es
8640,de
8904,af
15444,tl
17148,id
168,sv
399,nl
12377,id
14323,it
3980,nl
9116,id
5697,tr
14877,id
16146,tl
14239,it
59,de
6485,nl
3193,en
7061,id
12797,id
16162,pt
4283,es
12582,pt
412,en
5328,fr
11296,pt
3686,sv
13926,it
6376,sv
9353,nl
16814,nl
6059,nl
10760,af
13867,en
6424,en
17143,id
15275,id
2355,tr
506,tl
7257,pt
3761,en
13689,af
7894,tr
5296,nl
85,nl
6385,pt
7808,pt
16271,af
3835,nl
16410,id
3829,nl
15593,it
5401,af
13929,pt
8925,sv
6926,tr
10349,de
10224,tr
4145,nl
13342,pt
4187,tr
8474,en
4130,nl
3138,fr
7266,it
16178,sv
3606,pt
6304,it
5619,fr
3444,tl
216,fr
16410,tl
761,tr
2386,sv
2480,af
5902,pt
16245,pt
59,tl
15732,en
3967,tr
1047,sv
6539,tr
15732,fr
726,nl
16733,id
15970,en
8824,en
216,nl
8900,en
11954,tl
7879,pt
427,tl
7044,it
10349,es
6109,it
6633,de
9569,it
16989,it
10570,id
334,id
16402,es
15464,es
1803,nl
16470,pt
182,sv
10494,nl
8056,nl
2108,en
9250,nl
12240,en
16163,sv
1807,tr
4023,de
13346,nl
7461,tl
12835,tr
12306,tl
16158,af
10493,pt
15399,sv
13150,en
969,nl
4125,tl
12905,it
7741,nl
11343,sv
8795,it
8442,af
17113,it
13869,sv
15565,pt
2265,it
5301,pt
290,de
15359,it
9895,tr
9011,tr
10981,nl
31,tr
6469,pt
7170,es
8037,nl
11339,es
13888,nl
14044,en
15456,af
14700,id
322,af
9678,sv
14742,tl
9680,it
6500,en
5043,tr
12604,fr
1741,es
12999,it
13761,tr
14368,it
11678,af
15995,fr
12972,tr
11459,id
14440,af
11802,en
4896,en
9542,pt
10786,fr
484,es
7209,af
2708,tr
4155,en
1745,fr
3859,pt
14591,pt
4921,sv
7918,id
3654,en
2914,pt
10226,nl
13411,en
437,af
3809,it
16045,en
1617,es
8631,af
3980,fr
5707,it
7876,sv
4312,fr
10927,it
16975,sv
6596,sv
8001,pt
3021,tl
15593,en
1589,nl
5658,fr
15133,id
6980,es
8967,id
5027,pt
3606,sv
12986,tl
939,af
891,pt
864,it
14567,nl
15656,id
11455,sv
13199,tr
827,en
12235,fr
10990,de
560,es
14268,id
15124,tl
5813,fr
10786,id
11916,it
4921,fr
1593,pt
250,de
4838,fr
12413,it
10213,fr
9640,af
12150,pt
12127,it
4249,pt
17015,es
16229,nl
782,pt
9856,tr
10832,pt
2796,it
59,fr
1061,es
10338,pt
6295,sv
2679,nl
10812,tl
8906,af
16703,nl
16763,id
1474,sv
6542,it
13714,id
1811,it
11172,fr
3834,pt
5952,de
10166,tl
3011,es
5886,nl
9112,id
5047,en
5278,en
13361,af
13124,es
3447,id
14857,fr
5985,it
12582,sv
14355,pt
4560,it
2206,de
2384,pt
6448,tl
8681,nl
16228,tr
9187,es
2983,id
5365,sv
8387,af
9124,af
6116,es
1804,en
14189,sv
5570,nl
2717,es
1933,de
8302,fr
14958,de
7319,pt
13242,en
5570,en
15508,it
5118,es
8767,it
10442,de
6331,sv
8230,fr
10790,tl
7293,en
6177,pt
9554,sv
6417,id
6850,id
8001,id
2134,id
12127,sv
15472,sv
14926,af
9528,nl
2201,sv
13252,nl
128,tr
13685,id
6159,id
4154,fr
15113,nl
19,pt
9986,fr
12710,en
1692,de
1377,es
14884,en
2264,tl
9857,af
6074,nl
5160,nl
9275,en
15557,tr
9923,tr
15635,tl
13154,nl
8035,it
8868,fr
9923,nl
14770,nl
14025,it
16178,tl
296,tl
14757,tl
4227,pt
128,nl
10027,nl
5727,tr
9962,en
7278,af
2441,af
15890,af
9059,es
13761,sv
1579,af
15039,en
7892,de
12986,es
4361,fr
3298,pt
6720,de
6319,es
612,es
443,es
13372,es
14822,it
3576,pt
12537,af
2225,en
16914,tl
10770,sv
7026,it
8085,pt
3967,id
2898,nl
360,nl
1400,id
11024,tl
6039,sv
6860,fr
451,de
9761,id
4934,tr
15457,tr
1428,pt
6112,tl
5414,it
17098,es
3771,pt
8387,tr
9720,sv
5333,af
15113,pt
4953,id
171,tr
11162,en
11778,id
13439,af
11770,de
10335,id
174,fr
3474,fr
8245,tl
1042,de
11695,de
5573,it
6268,af
15337,id
12377,nl
12254,pt
14382,de
3398,af
10433,nl
12245,it
12835,af
14509,pt
12779,es
2030,it
9629,de
11306,it
258,af
17143,de
10790,sv
16248,id
14038,fr
4040,es
10981,tl
12717,tl
3207,af
11180,af
5573,en
9746,pt
3774,id
1176,en
13341,tl
4443,en
6515,sv
11189,sv
12245,sv
16496,af
4680,fr
1872,it
10357,af
10753,sv
14323,nl
5468,tl
8762,id
2146,af
14189,de
6041,tr
11862,es
3936,en
13738,fr
5414,fr
10045,en
14555,es
41,de
4764,pt
15511,es
3907,tr
15075,nl
940,tr
2796,tl
3146,es
3008,de
11490,af
16563,es
11273,tl
13869,af
6732,tl
197,tr
4240,sv
1675,es
11168,af
10048,sv
1941,it
3568,en
8079,es
2311,pt
2330,it
15862,de
16005,nl
6936,es
407,nl
10100,nl
1750,af
4376,af
6572,nl
13340,en
10216,sv
1509,tr
9269,af
3387,it
13221,af
16317,it
2094,nl
16666,de
15296,sv
10851,tr
2898,de
6713,es
14761,tl
16559,pt
2960,sv
348,id
15333,en
15459,de
5159,af
8496,it
1832,pt
13348,tl
3492,pt
10156,es
3127,af
3413,tl
13796,fr
2798,en
355,nl
9620,af
6747,tl
4272,it
6221,de
8968,id
3426,tl
7014,en
4253,it
7100,it
9554,it
5270,pt
11905,id
9254,en
15359,de
11582,tr
10508,en
486,it
3819,es
15225,de
10366,tl
14044,tl
11502,nl
5219,tr
15647,de
14015,sv
3387,nl
11685,en
13283,pt
6127,tr
5250,sv
13491,de
10790,en
11174,nl
263,tr
15946,af
10156,en
12212,es
8453,tl
7567,pt
14742,sv
6557,fr
5396,sv
10956,sv
5691,fr
7502,nl
15274,en
399,tl
17115,tr
11273,de
4212,af
3614,es
16221,id
2496,id
10321,tl
15652,af
9676,es
2957,en
14406,en
6039,it
9656,id
6446,es
12693,tl
1377,fr
12473,fr
8925,es
7500,tl
14545,sv
6600,id
13900,id
7654,fr
14457,nl
2914,fr
11515,nl
9885,de
13223,sv
9851,af
391,en
14142,es
6496,fr
3750,fr
6201,pt
8651,sv
1148,pt
3546,af
362,id
4838,tl
4090,nl
15055,af
1745,af
3486,af
2330,fr
4273,it
8992,tl
3780,tl
6959,nl
14926,tr
5043,tl
4400,fr
6860,it
3936,sv
13043,en
11272,tl
5774,it
369,tr
2434,es
8013,tr
14673,tr
11695,es
12004,tr
2591,af
16361,sv
4130,it
9528,tl
10097,id
7808,af
6785,tl
10338,en
2721,it
14767,af
2898,tl
15199,tr
12070,tr
1014,it
14791,en
9520,de
385,it
13457,id
13363,tl
1371,fr
1862,fr
2709,en
5358,pt
8466,en
6129,es
8449,sv
10049,es
10027,tl
10808,es
3694,nl
10285,de
6426,es
17090,tr
525,sv
10263,es
5040,fr
3543,es
2082,tr
8042,nl
15304,nl
6672,nl
14770,it
1127,tl
12779,de
1427,en
4851,tl
11636,nl
14620,nl
1774,pt
13896,pt
10527,nl
12851,pt
13684,id
5614,tr
10080,id
5014,es
7778,es
2564,tl
14465,tl
13122,pt
7539,tr
15229,it
10868,de
2611,es
11140,tr
16766,tr
456,en
3460,af
13694,it
9460,it
14151,sv
16120,en
2531,de
12623,fr
13411,sv
12299,id
3894,tr
5997,sv
3539,tr
9815,de
6936,sv
1318,sv
16772,af
12672,af
2208,pt
15911,tr
16622,en
16038,pt
10292,it
5661,fr
3779,fr
4772,en
2146,tr
1924,nl
5347,es
10909,id
6701,sv
9738,es
8968,es
7397,de
13310,de
8302,tl
9202,tl
10843,af
10426,af
10772,af
10956,fr
1308,tl
5082,nl
13297,de
4671,pt
12581,it
7730,tr
13040,id
999,it
686,es
5988,es
1489,nl
11636,de
4439,tr
4809,tl
15364,id
3838,id
1300,sv
7181,pt
15203,id
10256,tr
8004,de
2711,id
11467,es
9317,en
10350,id
11770,sv
4412,af
86,pt
5365,pt
3338,fr
9565,de
13412,tl
14223,it
7693,sv
1483,tr
2615,sv
334,de
6417,it
783,fr
14239,sv
6958,fr
13867,sv
16914,it
10655,de
16603,de
292,nl
7606,af
17052,nl
4998,it
764,fr
9676,pt
17043,sv
15703,it
10815,tl
5279,af
9326,de
7628,nl
13154,fr
4881,af
14170,tr
15488,fr
13997,it
13554,tl
11650,es
7014,it
15792,tl
16838,nl
10759,nl
14118,pt
2965,nl
1048,nl
9236,nl
14859,tl
14498,es
7660,de
13858,pt
11177,id
1249,tl
6926,es
13554,en
9011,fr
8,sv
17098,tr
2128,af
6268,it
3837,it
10759,id
2638,af
2721,es
2859,nl
15708,sv
322,sv
15556,de
1084,id
5330,tl
400,af
1151,id
11204,nl
4667,de
17051,tl
10260,af
631,tr
103,it
6559,en
9952,tl
6542,de
14544,af
2796,af
8302,sv
5296,sv
10812,af
10335,nl
5529,en
13407,sv
9014,id
11353,it
5703,id
6473,nl
7751,af
5321,it
14214,pt
6372,id
10100,id
12442,it
15652,it
7520,sv
2775,id
13618,it
7111,en
16353,it
1425,es
1474,de
3295,en
5017,pt
14605,tl
10696,pt
3695,id
8968,en
12581,id
4268,de
10824,tr
4137,tr
11954,af
14368,fr
456,nl
17113,fr
13102,nl
11858,fr
11107,tl
15532,tr
1640,pt
2265,pt
635,it
14912,tr
2309,es
16455,nl
14817,pt
13762,it
14368,tr
8044,af
9107,nl
4953,pt
4232,tr
6761,de
4544,de
2995,de
16201,id
1549,sv
12159,es
10256,de
9103,fr
7117,sv
16501,nl
8013,tl
13592,af
10931,pt
5627,pt
12961,id
6477,tl
12932,pt
7598,es
4653,sv
13513,fr
14475,sv
15911,de
8188,nl
15138,nl
14857,tr
8469,es
14453,tr
16791,id
15032,en
10588,fr
9562,tl
9327,pt
16314,en
9629,en
14794,de
7879,en
14033,tr
13494,en
8968,it
15197,id
3532,it
15094,af
14449,en
11467,tr
15032,af
13031,id
7712,es
12159,af
3566,nl
16983,de
10816,it
1684,sv
6774,tr
5919,sv
6039,fr
2678,fr
4772,id
13823,pt
13927,id
8520,fr
5529,es
14473,af
15032,es
3329,tl
4953,sv
7291,tl
14330,es
6485,tr
3907,tl
2315,sv
7117,es
1830,en
5401,tr
4673,es
3361,pt
13997,de
10938,id
8857,af
3750,de
14001,sv
4104,af
9871,pt
11685,it
12846,tl
3174,de
15311,de
7890,af
14417,tr
6568,pt
13591,sv
2898,af
15318,tl
3669,de
411,pt
999,af
8148,sv
13341,af
1059,es
14053,tl
4119,fr
9855,en
14761,it
16168,id
12856,fr
7258,en
16401,es
10286,sv
13819,pt
7461,af
13741,fr
11695,sv
3214,tr
9301,nl
14770,sv
861,fr
14138,id
14605,af
2384,es
15214,nl
3128,sv
11502,id
1722,sv
7141,es
17019,af
4567,pt
10776,sv
6856,it
2166,it
1059,de
16410,de
17115,de
5270,fr
4881,tl
6050,id
13705,de
3320,en
6411,nl
16221,tr
5774,tr
13625,tl
4851,fr
12054,tr
826,pt
9494,en
6785,en
12054,it
5414,pt
11259,es
7185,sv
6897,tr
16145,pt
8261,id
5074,fr
15598,sv
13547,it
5158,sv
13714,es
7539,it
3812,tl
15199,sv
9980,tr
9316,it
12419,tr
16944,fr
10493,af
14673,en
8585,tl
7966,de
13744,de
951,fr
10105,fr
14356,it
6633,tl
6515,es
2201,fr
13487,tr
5970,en
13312,fr
366,en
348,pt
12553,it
15456,sv
12293,fr
15459,it
3780,tr
6014,tr
10636,de
2336,fr
9979,pt
12409,af
3492,it
9406,af
11140,en
10731,id
12281,pt
4187,en
16314,fr
13548,af
6109,sv
15229,id
13896,it
14601,nl
555,tl
16103,tr
329,de
475,it
16461,sv
13340,de
17095,tr
6670,es
10887,id
15841,es
13744,sv
9212,fr
6045,pt
2903,de
2396,it
9844,en
11999,nl
6774,tl
8140,fr
9720,de
2898,id
533,nl
15337,nl
10940,es
1158,de
15563,tr
5358,tr
12685,tl
360,pt
3980,en
6710,pt
2263,sv
15304,it
15610,es
2164,fr
4258,sv
10090,tr
14919,en
8245,af
7693,de
7817,en
3305,tl
6962,pt
1940,es
1862,tr
10256,tl
8496,es
14767,it
10770,fr
4309,en
8541,af
15706,tr
14214,id
10709,tl
2840,tr
4346,id
13607,en
11272,es
1379,de
11341,it
6403,fr
9317,it
11189,nl
400,id
13154,tl
13197,en
6041,nl
15756,it
4671,nl
3091,sv
12963,en
16045,de
5544,tr
296,tr
8449,it
10038,af
3694,af
13457,nl
9856,fr
10936,nl
15994,fr
11453,fr
15459,es
5468,nl
12019,es
12166,es
16158,es
9772,es
2770,fr
13625,en
9353,af
15225,nl
11905,af
6860,tl
10858,pt
1655,af
15971,nl
13929,en
6402,en
5333,sv
15185,sv
13122,en
11685,de
7955,de
14138,pt
1962,es
168,af
13186,en
2542,de
424,nl
11947,fr
10792,de
14315,es
1427,tr
0,tl
8857,en
11081,af
9656,fr
1874,nl
6172,tr
790,tr
17095,it
16399,af
10936,af
8,af
15062,sv
12051,es
8516,af
5292,tr
16437,de
7726,fr
50,sv
13619,id
13223,id
6403,nl
10099,pt
12856,tl
4187,sv
12263,de
4601,fr
12905,tr
427,id
4764,af
11141,fr
5953,fr
8795,tr
16229,id
16754,af
16846,fr
7500,sv
6646,tl
9674,pt
10808,en
8001,tl
7319,it
8975,tr
4136,af
11259,tr
11720,es
3298,af
1719,id
7113,id
15618,it
6860,es
3834,it
16593,tr
4874,de
16846,id
3407,en
10105,en
4040,tr
10426,pt
16145,sv
13554,fr
16162,fr
5010,id
7503,af
281,it
15618,tl
2859,sv
5525,de
15205,id
13491,nl
4813,it
89,fr
2898,en
8868,en
974,tl
4391,tl
9761,af
360,tr
2868,de
16163,tr
8985,sv
16376,en
7194,es
15271,tr
16766,en
4502,fr
2824,fr
16799,tr
3077,id
11677,nl
5688,pt
1474,es
2816,en
5118,pt
7026,fr
7292,fr
16263,af
2271,pt
12722,es
15203,af
540,fr
12526,de
11296,it
4951,it
11174,tl
8182,nl
11286,de
5047,sv
9009,tr
15890,es
5697,it
1108,nl
12008,tr
967,sv
6806,fr
16591,it
1874,id
10055,pt
2408,en
10081,pt
10577,sv
14053,fr
15560,af
3967,it
5341,tr
4402,es
2057,id
12182,tl
651,es
1684,tl
2906,pt
3603,de
9088,it
2796,nl
17147,tr
1428,af
16730,sv
16506,en
635,tl
16560,id
16297,nl
411,sv
17075,af
5270,de
5550,tr
4355,es
7449,de
13150,af
10268,nl
9940,sv
16890,nl
3883,id
2338,es
17075,id
2962,fr
10308,nl
6596,tr
4119,de
15598,de
4125,fr
334,af
182,nl
11279,fr
10285,nl
4492,it
10292,nl
6112,af
13986,af
9726,es
5568,pt
15785,nl
1677,sv
13040,tr
5600,es
15857,pt
8343,es
13740,pt
4346,en
9562,id
3364,pt
7570,id
2400,tl
7956,en
2733,en
6220,en
9361,it
1982,nl
3986,tr
10895,de
8498,tl
5574,nl
2128,pt
15626,tr
9896,tr
5016,fr
6134,nl
4077,es
297,it
16052,af
1533,nl
16711,sv
442,sv
10451,af
14553,id
8466,nl
17143,fr
9918,sv
2163,it
8882,it
2605,tr
8043,pt
7039,de
10825,de
3305,pt
14117,tr
6166,fr
9669,af
15113,sv
16317,en
14904,pt
15845,fr
16859,de
12797,fr
2690,tr
16317,tr
15634,de
1474,tl
10494,pt
10853,fr
9009,it
5627,it
8042,es
15592,de
16772,tl
14859,it
10858,tr
14239,tr
13934,en
6720,it
13966,sv
6221,tr
6600,tr
9107,es
16373,tl
1148,nl
11914,af
2387,fr
9793,nl
8230,es
6282,af
9352,tr
13966,en
10674,es
9761,sv
4813,tr
4119,es
14170,fr
12736,fr
12469,fr
12121,af
322,tl
3214,fr
7199,tr
7559,sv
3253,pt
3819,id
3982,sv
12511,en
15488,nl
4477,en
3400,nl
1639,af
3280,tr
2205,en
7664,en
7847,af
12409,id
5219,it
6371,af
2548,id
12354,nl
5149,tl
2320,en
9095,af
7168,sv
10078,it
16987,es
1710,tl
6294,en
1666,id
15205,pt
5584,it
4112,en
14304,id
2201,af
16271,tl
344,de
15815,es
12618,nl
1121,pt
486,tr
15723,nl
4492,tl
8165,en
9364,tr
6764,fr
11607,de
5026,tl
1870,it
3600,id
9986,id
10523,de
7189,tl
7503,id
3780,es
10406,en
5953,it
12299,fr
14339,sv
6151,en
2588,de
6968,tr
11502,it
8857,tr
12233,es
14917,pt
12707,id
9236,fr
2085,en
14884,sv
13206,tl
12675,es
17113,sv
10590,af
9964,es
5243,tl
9637,it
11969,en
13102,es
9912,nl
428,tr
10999,tr
14395,it
10107,af
6694,af
11610,it
8635,af
9198,de
4968,tl
4073,pt
16082,nl
9941,tl
2354,tr
15706,en
5584,nl
8125,af
11582,fr
13473,es
11858,en
11420,tr
9124,it
4968,af
17138,de
4567,af
3614,fr
14567,es
13407,af
7697,de
14509,fr
1750,de
16120,fr
5165,sv
7170,fr
1467,sv
15409,en
14762,af
16765,id
17051,pt
8679,tl
1640,fr
2542,af
11424,it
4428,af
5678,af
12291,id
6382,tr
8978,tr
1575,fr
1423,af
10226,tl
7287,pt
10843,it
3021,tr
8774,fr
1276,fr
348,tl
525,af
8085,en
8670,es
14138,en
13348,tr
13101,fr
8230,en
7606,en
10981,pt
9924,pt
8925,fr
14620,en
7567,af
1427,nl
5307,it
5176,en
8672,id
4272,pt
286,it
4659,sv
8056,pt
31,tl
6366,nl
1160,nl
8073,id
6201,af
13135,es
7919,de
832,tr
14925,nl
11610,id
4023,tr
16320,nl
14504,af
4073,af
8535,nl
8651,id
1360,tr
1658,sv
12121,en
6594,sv
12446,sv
15587,it
16781,nl
15199,pt
15275,tl
10182,fr
6997,en
14239,tl
11563,tr
2178,fr
13412,fr
2098,sv
12098,tl
5955,fr
16072,it
12473,de
10915,af
1160,id
11798,id
11922,tl
11700,sv
2264,nl
14347,pt
10497,tl
11861,tr
16859,es
10684,tr
4346,de
8978,en
15948,it
13591,id
1428,sv
5501,es
13853,pt
16642,sv
3030,pt
2651,it
2703,tr
9594,id
15700,de
13881,id
13016,tl
7141,id
8925,en
1374,es
7730,sv
4375,tr
10640,es
3492,en
16797,tl
16120,nl
7666,tl
8358,it
7686,de
86,af
348,fr
6195,nl
11875,fr
6385,tr
9851,de
10150,tl
16354,en
4524,de
12004,sv
4266,id
2578,it
9270,sv
11273,id
10164,tr
16032,id
13372,fr
6992,tl
6015,tl
3002,it
4216,af
6701,es
171,fr
178,fr
16961,tr
12606,id
7569,sv
5324,pt
1904,nl
1084,nl
10097,de
4232,tl
1458,it
14544,de
15723,tr
8461,pt
804,en
15796,en
1158,tr
10770,af
4346,sv
2610,it
12745,de
8336,id
4580,tl
9577,nl
4001,sv
6918,de
15358,af
4692,it
6561,fr
8058,sv
13135,it
6039,pt
4212,sv
10381,id
297,tl
5912,pt
10132,id
10816,tr
6962,nl
8230,pt
197,id
4837,fr
14367,pt
14770,fr
6539,sv
15337,tl
5774,id
9541,tl
6050,tl
861,en
1904,it
15557,de
13140,tr
50,nl
6322,pt
158,af
17042,nl
16662,tl
17170,en
12366,pt
16296,nl
10355,es
2007,sv
10790,es
2542,es
16459,nl
10772,it
4988,de
738,af
12999,nl
17115,fr
1301,de
3883,sv
1831,en
10756,tr
15670,nl
15652,sv
2531,pt
12051,nl
3298,tl
13135,af
16459,af
11303,it
9853,af
614,tl
5043,es
16419,tr
12161,tl
8409,es
5116,tr
5671,pt
3127,tr
1377,tl
16713,tl
3101,nl
4273,sv
4376,pt
2322,de
11146,tr
3683,id
15785,id
103,tl
15847,tr
11186,es
128,id
6594,en
11839,tl
13847,tl
2414,sv
1796,it
7751,sv
2134,af
12716,sv
16622,it
4896,nl
1646,sv
7808,de
2283,pt
5297,tl
7224,id
13796,nl
7598,en
7314,fr
2365,tl
4439,af
5732,nl
6755,de
5623,it
2957,id
11796,tr
4166,it
10078,en
11341,es
10132,sv
7718,sv
10757,sv
12127,pt
10321,tr
7686,en
1007,tr
4186,it
13192,fr
6101,tl
14917,nl
1542,it
6112,en
10667,fr
10451,tl
10214,tr
5406,pt
11778,fr
16781,de
15963,pt
3326,pt
7847,id
13312,sv
12189,tr
4336,it
14169,fr
16872,en
15651,it
5204,en
13451,pt
14189,en
11238,sv
2962,it
14509,nl
8058,tl
3562,tr
8410,de
614,fr
15634,es
14761,de
5160,pt
13524,fr
11162,id
2770,en
14904,af
11455,tr
15200,en
10792,en
12367,pt
9330,de
7449,af
8766,it
14316,it
4833,nl
16103,pt
11905,tl
3546,es
13714,fr
7520,af
9630,pt
11335,de
17138,en
2887,pt
11644,tl
2781,en
3077,en
12261,id
6650,tr
11302,tl
3444,fr
5966,fr
0,it
12685,tr
3021,af
5339,nl
3205,af
12717,es
8828,pt
11458,pt
16166,tl
12972,es
333,pt
15732,it
15763,tl
2545,it
1098,sv
8129,tr
15094,tr
3822,pt
765,fr
16314,sv
1202,nl
974,it
7140,af
4090,it
6116,fr
9923,pt
870,it
14189,tl
9138,id
7461,es
5531,de
14029,fr
13150,tr
11600,tl
10527,it
3167,pt
61,fr
10090,af
17147,pt
8985,tr
15703,id
1401,it
14118,tl
6433,de
13908,id
1786,es
5330,pt
2611,nl
8404,en
5820,es
8035,af
10156,fr
5199,id
17075,tl
8679,en
12511,nl
12121,de
6166,es
13974,fr
16045,it
11871,fr
15809,af
14925,sv
12376,af
10019,en
201,tr
2207,it
6747,fr
250,es
4620,tr
10333,sv
290,tl
15634,tl
14246,af
177,es
16050,sv
9204,id
12724,id
219,id
4896,fr
2560,sv
10053,pt
10493,es
9594,es
16613,af
3,tr
11705,it
6376,pt
6926,it
12716,af
14473,sv
14904,tl
7777,nl
5552,tr
6438,pt
14822,pt
158,nl
2801,sv
14591,tr
9341,en
11438,de
8260,tl
2777,es
10080,es
4266,fr
3212,af
4090,fr
11238,de
16446,es
14958,fr
12413,af
13451,it
15732,tr
8651,tl
6682,af
9341,af
9124,tr
1933,it
15518,it
4305,es
9827,de
12161,de
13064,es
11634,en
2035,fr
14090,tr
13074,fr
7953,pt
7295,sv
13867,fr
9524,af
1217,it
15214,pt
10709,it
10381,de
1830,af
475,af
7496,tr
5176,tr
9182,af
11770,tr
10302,pt
3280,fr
3435,id
10563,it
2610,en
11911,en
6615,es
6958,en
13616,sv
170,id
10403,fr
3020,en
10319,tl
3654,it
9095,it
9202,fr
13067,tl
6737,de
16605,de
13513,tl
10493,fr
15553,id
7216,fr
10268,tr
9971,tl
13867,de
6967,sv
12098,sv
13871,id
5250,tl
189,it
15983,en
13318,en
2384,id
6353,de
1014,es
14378,fr
4346,nl
16296,af
11858,id
16780,sv
4248,af
13467,sv
14090,sv
17095,fr
6652,en
13215,tr
13115,sv
768,es
16669,pt
11825,nl
17156,it
779,es
5199,tr
1872,sv
14746,tr
10772,es
12098,tr
9691,it
7596,en
6074,tr
1205,tl
14316,de
3581,id
10858,en
6248,es
10712,es
651,it
11266,id
14170,de
8766,tr
1217,en
12604,it
6402,fr
14530,en
7500,it
8975,nl
6623,en
6774,fr
12707,tr
5014,tl
10493,en
11460,tl
4116,pt
9542,es
11812,pt
2770,de
13740,sv
3542,it
15802,es
14272,id
5481,de
7628,af
9015,af
15862,tr
15963,de
4580,id
15213,tr
15413,es
14355,it
6072,sv
3117,fr
13799,en
2962,es
16717,fr
3852,tl
10827,en
5650,de
1427,fr
9059,tl
9689,nl
8939,es
15598,af
1144,fr
2985,pt
11875,pt
2316,id
13361,nl
668,fr
914,en
4024,de
9568,tr
5774,en
512,de
5149,es
391,nl
8925,tr
14490,tl
5911,id
10107,tr
1646,es
2311,tl
15721,it
7609,es
3280,id
2283,id
12430,en
11751,sv
2432,af
4951,es
2075,it
8394,id
5997,it
13706,nl
9732,pt
1076,af
3138,nl
9768,en
15557,id
8496,sv
5614,de
1513,pt
3576,tl
10792,sv
2423,de
3774,tl
2548,en
9112,sv
5027,de
15971,sv
3138,id
10182,id
6850,fr
10832,sv
4137,en
13101,nl
7219,fr
10440,de
2540,tr
11612,nl
3674,it
6561,en
12623,en
10931,fr
14437,af
14601,af
15032,tl
6621,tr
12707,pt
533,pt
15736,fr
5152,sv
12381,tr
15402,fr
4248,id
7463,tl
4580,pt
8336,de
8260,en
13777,sv
3884,en
16446,it
11733,es
16838,pt
2927,en
9812,fr
1413,es
3413,it
7151,de
1404,tr
9384,it
8568,sv
4247,fr
6313,en
2165,af
5570,es
14130,fr
2447,id
4554,id
16518,tr
625,en
8056,af
16892,nl
15487,it
10049,tl
3030,fr
9137,id
837,tr
1982,de
4928,sv
15216,tr
9680,fr
7073,it
14879,tl
12724,tr
5014,fr
103,sv
7953,sv
6301,it
10579,de
997,it
5475,pt
9619,id
764,nl
11343,fr
10093,tl
2497,af
12343,pt
14154,tl
13926,nl
14658,pt
7025,en
11911,id
11259,en
7232,fr
6557,it
11451,it
8670,tr
9885,es
15703,fr
1440,tr
10296,af
12381,it
738,fr
16459,id
5047,af
7140,sv
13124,de
4290,nl
1640,it
14919,de
15998,tl
6290,es
3205,it
12281,sv
13031,tr
6503,tr
12851,fr
7450,af
4917,fr
10699,tr
16273,tr
8402,de
9275,tr
4040,nl
6967,af
9112,pt
13199,sv
10308,af
16045,id
14490,en
17136,de
6118,it
13754,pt
4023,it
2434,de
11767,en
6015,fr
796,tr
13823,de
8667,sv
4662,nl
2588,it
2365,pt
2527,tl
4871,de
11215,pt
16891,af
2908,af
9270,af
4909,en
12672,pt
151,es
1093,tl
9326,tr
15732,id
14241,tl
8079,id
8781,tl
1581,sv
16446,en
6331,fr
12245,tl
14315,tl
15186,en
15703,tl
1516,de
1352,nl
8107,tr
9630,fr
13734,de
8731,pt
4491,fr
128,sv
12340,fr
11650,pt
6973,nl
310,nl
89,id
5917,es
296,pt
15560,de
14673,pt
13997,es
751,en
2931,tr
6621,es
2288,es
4767,pt
8402,it
3894,it
4982,nl
12844,es
9116,tr
16082,af
9507,sv
2298,sv
3695,af
13717,nl
2542,id
4671,en
2564,fr
13297,tl
6937,en
1833,af
8867,nl
4166,en
4077,id
1635,de
1217,af
6615,en
8347,en
6077,nl
16609,de
2447,af
15862,fr
7712,af
6101,fr
7168,es
3702,en
3184,pt
4973,en
2438,tr
6732,pt
3408,pt
8290,es
8667,nl
10381,it
2205,tl
9964,en
16529,sv
10996,sv
14958,id
4319,fr
14029,en
555,es
3834,es
3784,en
9912,af
13714,it
16419,es
8762,en
15994,sv
3193,tl
15693,tr
9689,fr
6322,tl
13926,af
7319,af
16701,fr
9187,nl
10099,de
15634,it
8005,en
158,sv
16605,es
11423,en
8559,de
4216,de
8906,fr
512,it
11616,es
4477,tr
16245,tr
11328,tl
2647,tr
5584,af
4248,en
5501,nl
8206,es
4799,sv
9897,nl
14101,de
1777,en
6352,tl
4216,fr
12963,tl
9732,de
16052,it
2850,it
8765,it
5439,it
16519,nl
17087,fr
17123,tl
13150,id
2258,en
4845,pt
2914,tl
11146,sv
3492,sv
7266,en
174,es
14229,nl
8990,pt
5488,fr
7927,tl
389,id
11124,af
3444,id
13040,nl
10571,fr
3838,pt
3020,id
8539,tr
5201,it
16886,id
1542,nl
4253,es
15693,fr
9706,es
5488,sv
8150,nl
11267,tl
4305,tl
8414,pt
16754,fr
3400,es
832,fr
16162,sv
4957,pt
15177,fr
219,fr
10571,sv
612,de
9507,af
2545,id
4881,es
12846,it
8460,id
16384,nl
8868,pt
15358,de
5160,af
13908,af
16276,pt
16038,id
11844,sv
124,sv
1379,tl
11467,sv
1360,id
16518,id
9942,es
862,en
486,sv
3361,es
6562,pt
12982,fr
796,nl
16701,it
12972,id
2386,nl
16320,sv
7450,tl
17144,sv
5917,pt
14838,sv
15963,tl
16662,en
7100,fr
1428,tr
5912,en
10016,it
14917,tl
7319,sv
8856,tl
6431,sv
7500,id
14879,sv
4516,de
1994,it
2610,de
4955,it
555,de
6937,pt
5958,af
10851,nl
9656,nl
7993,tl
4205,tl
7057,es
14891,it
14342,de
2798,sv
14412,sv
8119,tl
4058,en
12392,it
9956,id
4201,de
9754,tl
10288,af
7890,de
8182,fr
940,es
14315,nl
8672,en
11267,fr
9112,en
15933,nl
14505,af
6074,id
16859,it
5328,pt
5823,nl
4994,en
14253,tr
397,it
5497,sv
1007,id
5396,nl
15095,it
6633,en
9871,nl
9528,pt
8949,es
5307,fr
5378,af
3624,sv
16559,af
4375,fr
9121,pt
1831,sv
11612,de
9156,es
3595,nl
6050,it
9137,sv
5593,fr
168,de
11259,id
2156,af
8005,it
16028,tr
864,af
16162,it
6023,af
13777,it
2451,pt
16888,fr
9754,de
6892,tl
2638,es
9114,pt
6992,de
9321,tl
71,sv
5997,tr
9011,tl
9155,id
1483,de
1546,af
5683,es
3822,de
3550,it
13310,pt
5017,tl
14553,af
15214,es
5406,id
9193,tl
11525,af
10590,tr
15345,tl
12402,nl
9095,pt
14705,en
1866,en
15747,en
5128,es
14457,en
2898,pt
8387,it
12558,fr
14038,en
7767,pt
16710,nl
5347,id
12908,fr
16627,es
348,nl
4833,es
11423,tl
4601,de
6618,pt
13023,de
16399,it
2566,af
12213,tr
3011,id
13199,en
1400,es
344,af
15670,fr
660,sv
16801,nl
13694,pt
17111,en
11812,es
3349,es
102,id
6856,tl
12672,de
15225,es
1483,it
15399,de
3161,de
13777,fr
16535,es
1180,tr
15200,af
3829,af
5358,af
4137,it
11505,tr
334,en
441,sv
10600,es
15789,fr
7168,de
9138,nl
6093,fr
8436,pt
10577,it
1811,id
9457,fr
5411,id
9237,nl
11751,fr
6410,fr
6083,en
15792,pt
494,id
10053,es
9408,it
16763,sv
3361,sv
11529,es
14323,fr
16222,en
8635,en
7496,af
944,tl
27,af
15815,sv
9011,sv
4186,af
2796,sv
9931,tr
17098,tl
13166,fr
2296,nl
9554,pt
15561,id
7956,de
7057,sv
11455,id
1872,en
8140,nl
11098,nl
3222,fr
16710,af
299,id
10132,nl
3683,de
2639,es
11920,tr
1549,tl
12710,es
16677,tr
7953,id
16888,af
3408,en
9956,af
3859,tl
2906,tl
13457,it
9074,de
17123,en
4216,pt
14253,tl
4930,it
11442,de
11098,en
4361,de
11827,nl
5074,de
940,en
8320,en
16183,pt
14453,de
8284,pt
8230,sv
5912,nl
7170,tr
1554,sv
10760,tl
16713,en
13370,nl
4273,tl
13546,es
16758,tl
8769,sv
5871,de
11067,pt
16178,id
12526,nl
16603,en
4803,it
177,sv
5888,en
14015,it
7232,sv
11322,pt
6378,es
10501,af
9674,tr
9941,id
8294,nl
15651,fr
3338,tl
15487,af
2316,es
2098,fr
2870,de
8430,en
3829,fr
12537,fr
6621,fr
17148,sv
8013,af
15298,en
7219,de
2288,de
17113,es
13762,nl
11133,it
13688,en
13630,tl
17156,pt
6672,es
14509,tl
10954,sv
4502,tl
3605,en
15321,id
11905,en
10462,pt
13197,fr
1960,de
10321,de
10076,af
9460,es
8055,en
1400,tl
13619,sv
7000,id
3741,nl
14461,de
14599,de
13867,tl
178,sv
7257,tl
10731,sv
8651,it
6850,en
8666,sv
11607,tr
14457,de
9941,en
8868,it
13298,tr
9767,es
3894,id
11685,nl
1063,it
14498,en
5584,es
11098,id
14973,en
3212,pt
12548,en
3034,pt
3775,tl
2573,en
9254,af
9250,af
11186,id
16874,sv
16461,tr
11427,id
11867,en
4780,nl
4951,en
5160,id
9323,af
8474,fr
5278,fr
2605,nl
1061,it
9669,fr
16377,sv
5640,en
14147,it
5332,nl
15039,it
11279,pt
12430,id
6997,es
1719,de
1072,it
12537,es
13064,af
10357,id
6178,tr
6755,af
424,de
16758,it
9855,it
15155,es
15109,it
16402,it
6405,fr
4524,tr
16983,sv
17115,id
564,fr
16145,tl
1786,id
2560,nl
10898,pt
16874,tr
11098,tr
9726,tl
525,id
5550,tl
10527,id
16028,id
10805,de
9327,tr
8857,pt
16712,en
6241,af
4254,pt
2859,fr
761,de
6072,pt
6561,it
10645,en
16455,it
5009,es
14440,tl
8415,tr
11166,id
6325,tr
3492,fr
12623,tl
16401,de
11827,es
2351,tr
9746,id
7046,en
15187,sv
13780,id
13023,es
12789,id
13693,tr
14822,nl
15456,tr
6294,af
16560,en
11999,fr
9896,en
5688,es
11204,de
16956,de
665,tr
6517,af
3864,it
5475,de
11081,id
12343,af
6836,tl
13135,de
10757,en
7613,de
8436,de
4831,en
1308,it
4957,id
11999,tr
8900,es
16376,pt
19,id
14000,sv
9408,sv
2026,de
16056,nl
2497,it
1264,en
14138,es
8140,es
4125,pt
9263,fr
4362,fr
790,it
13457,de
8251,sv
6964,it
15298,af
7956,af
6708,tl
1108,id
5156,sv
5707,tr
4567,tr
11636,fr
17019,it
1750,it
7993,fr
5501,en
2566,tl
12972,nl
12244,en
1617,it
15707,sv
11085,id
4671,es
7397,en
17052,pt
5411,tl
16930,it
14063,id
11634,af
8679,pt
9364,de
891,en
6083,fr
3614,tr
14761,nl
1554,nl
660,id
12366,af
14505,es
9250,pt
5952,it
7870,tr
9827,tr
9569,nl
10851,sv
6331,tr
6388,nl
4848,tl
5823,es
15511,tr
12308,tl
15765,nl
11681,pt
15554,sv
15020,en
6322,nl
6582,it
3967,nl
16398,sv
8436,en
7140,tl
6174,tl
8284,sv
1750,sv
16151,sv
1527,en
8498,en
7549,nl
7291,es
9931,de
10285,es
14763,it
5627,af
122,af
10513,tl
14154,it
13154,es
4487,af
12582,id
10285,en
3330,pt
9795,sv
10045,nl
1635,it
11467,af
2056,fr
13618,af
3780,sv
6643,nl
15280,id
5156,pt
4319,en
2611,pt
16883,fr
310,sv
6045,sv
3702,it
576,es
11610,fr
3489,sv
6181,fr
8442,tl
46,fr
3513,id
3784,tr
16703,es
8771,en
9269,es
1440,pt
15127,it
16229,en
9043,pt
9291,tl
322,fr
9979,de
15010,tr
16100,pt
16376,id
8290,af
319,de
3034,id
10538,es
6503,de
5757,tl
6506,af
6301,tl
7955,pt
17090,fr
15651,tr
2566,tr
17019,sv
1941,tl
13181,it
4953,it
1692,tl
9316,fr
16222,tl
13630,fr
2160,id
5225,es
12376,fr
4524,sv
962,sv
14504,id
13694,id
11782,fr
6958,it
4355,en
11180,en
1719,en
8765,id
3912,pt
9155,en
16710,en
5640,pt
14465,pt
9754,nl
8880,af
14229,tl
5579,sv
5757,pt
12972,fr
16146,pt
10667,sv
16930,en
16666,tl
10216,pt
10350,de
3103,id
5051,es
3532,sv
12689,nl
11916,fr
2611,tr
10887,en
3993,es
3329,tr
6937,es
9592,de
14442,af
5697,pt
3184,tr
2496,sv
7953,it
4024,pt
2960,es
13464,id
7073,sv
8188,es
11168,en
13799,es
16318,es
16100,af
11339,tr
3779,it
12419,it
7955,tl
2423,fr
1866,tl
14658,id
5619,pt
13197,nl
11328,it
14015,pt
8960,es
15747,de
12289,de
8413,nl
15075,pt
3433,es
14395,en
3326,it
16987,id
9194,pt
3002,tl
6093,id
14490,it
6744,fr
4362,it
10757,tl
2205,af
9524,fr
13016,sv
2887,fr
2921,tl
8387,id
11451,sv
4491,tr
2316,nl
14967,tr
15401,af
9844,pt
13122,sv
14928,tl
2386,es
1256,nl
16183,id
5481,en
8541,nl
89,sv
6663,af
15693,en
10226,fr
6039,af
6836,fr
17156,af
13192,tr
8978,af
14074,fr
1458,tl
16758,de
9909,en
16229,es
6304,nl
8402,tr
4168,pt
6652,tr
4689,nl
13181,tr
11782,nl
920,it
10999,tl
14792,af
1404,af
11514,af
6325,es
13175,de
16797,de
7606,pt
4377,tl
1115,af
5488,en
6819,en
1352,en
1454,id
16975,id
2441,fr
10220,af
5196,nl
9542,nl
6034,tl
5703,fr
9760,en
1127,en
6860,af
3407,fr
7087,tl
2496,es
4921,nl
13636,sv
3775,pt
16354,id
1071,af
9969,pt
10915,es
1007,fr
6025,tl
13853,en
4710,pt
15472,pt
16467,af
14770,af
3605,id
8289,id
15747,nl
14115,it
7778,id
12972,af
13077,sv
13391,sv
4992,pt
2085,sv
12281,tl
2085,it
16168,de
13888,id
8055,fr
1351,fr
1804,nl
3387,pt
16924,id
4428,en
2156,fr
3080,pt
12608,sv
13359,fr
10220,de
10792,pt
5635,tr
11098,af
8857,fr
12814,af
16838,es
5201,fr
8618,en
3441,fr
999,tr
702,nl
15598,it
8539,id
5856,en
10667,nl
6928,es
7863,nl
6331,it
4671,sv
11272,sv
17179,tl
14585,af
15655,de
6789,sv
2921,en
15358,fr
7528,id
9897,af
5722,af
6652,nl
2868,id
16089,sv
14505,tr
11650,fr
10996,tr
4132,de
3532,en
9979,en
2322,es
680,fr
13175,nl
7278,it
9358,en
9507,de
4957,nl
15736,en
1527,es
5707,de
16354,es
9962,tr
14253,af
12851,af
3570,nl
6746,it
3717,id
2812,en
6694,fr
13077,tl
11607,fr
11467,de
7690,es
13044,es
407,pt
6936,en
2163,de
8822,af
4247,en
12294,en
10895,pt
4874,pt
14412,nl
10678,af
13303,nl
4112,it
1072,nl
16891,pt
14859,de
13370,sv
1301,es
11798,sv
2773,tl
8553,sv
10426,sv
5661,es
3184,af
4955,id
15707,de
931,es
10099,tr
6313,nl
9015,it
16461,pt
15274,fr
6159,tr
6424,fr
2165,es
10349,pt
10119,fr
4544,nl
16446,pt
2774,nl
3550,es
7680,it
15661,pt
10302,tr
6892,fr
385,tr
6294,nl
3780,nl
10696,af
8857,sv
2921,af
3205,id
7455,en
4436,tl
16563,it
2438,it
3883,af
11098,it
4882,it
12354,en
2164,pt
10349,fr
16029,tl
5886,fr
8413,af
870,tr
16851,it
17138,es
8670,fr
1308,pt
14453,en
5722,sv
6652,id
10365,de
6582,de
10756,tl
1581,tl
9323,en
4896,de
10846,fr
27,pt
5413,it
8568,en
9768,pt
15409,af
15587,sv
6594,tr
8762,tr
6301,nl
1750,en
7820,it
7057,en
6798,fr
424,tl
14973,pt
9853,de
2816,sv
13491,tr
8539,pt
1635,id
8029,af
13575,es
8765,fr
11107,fr
12932,fr
4803,sv
4001,id
6568,af
16694,es
6865,es
13459,af
13391,fr
16165,af
10846,de
11154,es
9881,nl
2338,nl
15511,pt
12883,tl
16907,es
5292,sv
2975,sv
17170,fr
11959,af
14090,pt
8553,fr
16698,fr
5410,es
10577,pt
8037,fr
16377,fr
2824,tl
1537,tr
6593,id
13140,es
9519,fr
15197,it
3774,en
12779,id
16398,pt
2075,nl
4702,en
17151,sv
11335,af
1636,tr
2812,tl
12883,es
16032,sv
15723,pt
5074,es
6072,en
6902,af
11474,af
783,de
7609,it
3002,en
15970,pt
9363,es
3330,it
2288,id
13346,de
6485,af
3320,af
4173,nl
4439,es
6432,pt
15723,tl
1924,id
6937,nl
13819,nl
6495,id
4702,tr
1048,tr
2773,en
11177,af
71,nl
14378,de
16797,tr
5919,tl
11570,nl
10936,es
6083,pt
4232,fr
5985,de
7889,sv
11343,tl
14253,fr
7660,tr
11905,es
3669,nl
6623,de
15686,id
16563,tr
6293,tr
16944,es
6439,pt
14498,nl
12759,id
525,de
2174,nl
6134,tl
13636,id
931,fr
11442,id
14498,tr
6968,nl
8460,tr
4798,tl
11453,it
4659,nl
8666,nl
2850,es
10093,id
1377,de
14170,tl
11681,en
10286,es
5997,af
9545,it
4436,tr
9592,tl
10960,sv
5640,tl
6562,en
12367,tr
1428,nl
1778,pt
10508,pt
6901,tl
6516,de
7014,sv
12814,en
14,id
17069,id
7879,tl
14498,sv
13242,fr
10038,sv
1158,pt
15849,nl
16410,fr
751,tl
15518,en
4982,en
5156,de
11705,es
11125,af
3008,id
738,id
16563,sv
9216,de
16519,af
16733,es
12685,nl
3631,tr
1360,fr
4837,af
16496,sv
220,af
11279,en
3864,de
1745,de
8148,it
5439,af
3986,nl
9202,pt
6473,id
13016,de
2775,es
2639,de
9237,pt
2316,de
9700,es
3539,fr
2531,nl
10080,sv
7583,de
11969,af
9197,tr
8056,tl
3080,es
2441,sv
14044,tr
11302,it
15587,fr
13494,sv
6806,tl
5840,es
15707,id
17019,pt
9594,it
4848,af
4606,af
10956,pt
10339,de
10214,it
15092,id
128,fr
3606,fr
5221,de
10816,pt
3852,af
9149,pt
2959,af
6024,nl
2178,af
13411,tr
15995,nl
16032,af
15950,tr
9330,en
1593,en
85,id
11273,tr
5661,nl
8653,sv
2075,de
14653,pt
12722,it
726,es
16754,sv
16995,id
767,tl
1741,sv
2560,de
10023,it
11125,en
16814,en
7876,nl
5468,fr
2365,tr
3002,nl
16886,af
2167,fr
11922,en
7655,en
13064,tr
3686,tl
16891,it
8674,fr
8414,af
4201,tl
2334,es
10107,es
3174,es
2995,sv
8868,de
9019,nl
16930,nl
4618,de
7956,it
11490,id
1794,en
12469,id
1549,it
4024,it
9194,de
16005,it
2288,fr
124,es
16384,en
15610,nl
15457,pt
1812,af
5292,af
4614,es
2753,it
15548,en
16276,nl
3912,af
1593,fr
4013,de
4667,sv
13340,sv
5557,af
3568,pt
290,af
7565,pt
13222,tr
7295,af
14792,fr
17123,de
14368,pt
14874,en
7098,it
15785,fr
17052,en
14994,nl
13847,pt
12800,af
11029,id
2868,pt
10308,sv
4224,en
10097,it
4890,pt
9881,it
8791,en
11812,fr
6517,tl
1913,sv
2322,it
5911,pt
2093,id
13035,tl
1617,id
12532,id
17042,sv
6405,tl
15847,es
13101,id
6319,sv
14526,sv
10156,af
5159,it
15062,nl
12866,tr
7528,fr
3837,de
2690,es
2957,tl
1962,id
3702,tl
16983,tr
16801,de
3516,fr
15647,nl
16662,pt
10712,tl
585,id
2082,it
11770,pt
5985,af
4168,fr
16361,en
2094,es
8269,sv
16907,sv
11467,fr
3387,de
738,tr
428,es
4254,af
16873,pt
14700,tl
14963,tl
8125,en
11650,de
1401,pt
14138,nl
4848,id
16603,id
14246,fr
14272,sv
3039,it
10260,en
14074,tr
6994,tl
15197,de
15789,sv
15862,it
3435,nl
2178,tr
5623,id
3447,tr
13983,es
3306,pt
560,id
6220,tr
13681,en
9011,de
12166,tr
11600,it
11164,pt
3550,de
7120,pt
4241,fr
8366,en
5152,es
2777,nl
13221,it
10055,es
10828,it
1300,it
8925,pt
6376,id
11705,id
8782,pt
14044,es
8494,tl
15626,de
4309,it
10770,tr
16430,es
6319,it
10687,fr
13604,en
4960,en
4491,nl
8968,af
16050,tr
9460,de
14116,de
9878,tl
11303,pt
7730,tl
14475,tr
2384,tl
6325,en
5930,it
10214,pt
15656,sv
4412,nl
7660,sv
4833,it
7768,id
4638,es
7891,it
13618,en
15548,tr
9955,tr
6798,af
7014,nl
2263,fr
3674,es
3196,en
10019,af
1777,es
4017,tl
13303,af
8347,af
2527,nl
4784,it
9030,tr
2164,en
3306,af
15839,af
10206,en
13934,es
7563,tl
16506,pt
14044,id
16170,pt
7870,de
9896,pt
5332,es
16263,nl
15401,tl
3785,fr
7878,en
8426,tr
15587,nl
5427,de
11871,de
2965,tl
702,en
5261,nl
14928,sv
920,de
2801,nl
17069,nl
448,it
4155,de
10667,pt
4780,de
10426,id
12961,sv
1960,af
16446,fr
8906,tl
7767,en
15656,it
14608,tr
8358,de
1549,tr
5258,nl
5635,es
4689,fr
14130,pt
1784,es
3091,tr
9121,es
10403,pt
16593,fr
1786,de
13099,tr
6060,en
4672,pt
12722,de
12442,de
6701,af
14763,fr
4712,nl
7569,de
13459,pt
13150,fr
16471,es
6746,pt
6159,af
12150,id
11296,af
1872,nl
10286,tl
15777,fr
1061,de
6201,de
6974,sv
4040,en
14457,id
2208,sv
16356,id
3124,id
10366,pt
12986,af
8150,id
16813,es
6417,tr
6672,it
12856,it
8461,tl
430,nl
6023,id
6431,es
7122,nl
14151,id
11570,tr
14658,en
3532,de
3834,en
3204,es
3543,af
13607,es
5813,tl
1428,id
4845,es
5820,af
8967,fr
14241,tr
11353,en
10038,en
1786,tl
15700,fr
16880,de
8795,de
1252,en
7662,it
1294,sv
5574,tl
10996,en
651,fr
2085,nl
7258,af
10563,sv
9592,sv
8904,nl
348,de
16763,nl
61,tl
10636,en
14767,fr
6744,pt
1581,id
8453,tr
10696,en
14700,nl
14605,es
7918,tl
8276,tl
7122,de
12536,es
8394,tl
7767,es
16317,fr
1542,tl
7262,pt
3162,en
726,de
9317,sv
6424,af
14683,fr
1098,es
10979,pt
10081,it
13391,id
15155,af
4955,nl
10217,id
16496,fr
5722,pt
16145,it
11267,tr
4088,es
15518,pt
9986,nl
11570,es
2007,fr
1703,de
2205,nl
13900,nl
12883,tr
1671,id
3011,pt
2540,es
15337,af
15670,id
3995,tr
1581,it
13666,es
6061,en
17054,de
11796,nl
8640,nl
10898,en
1962,en
16317,de
4845,id
4152,tl
16799,de
6755,fr
15399,fr
16609,fr
12248,it
13175,it
7569,id
4299,tr
2336,en
8347,tl
5661,tr
5037,fr
13400,it
1750,tr
11582,af
8431,nl
1301,nl
8116,en
9204,pt
4266,af
6313,es
4031,de
10045,pt
10019,fr
764,id
6973,it
3228,it
6918,nl
9694,en
4909,pt
3433,af
1509,de
3822,fr
1047,nl
3995,en
4887,sv
1043,pt
1692,pt
10353,en
12104,id
11442,it
12381,id
2203,de
533,sv
1692,sv
12553,nl
9812,nl
15785,sv
5727,it
8559,fr
5413,sv
13580,tr
13359,af
6241,pt
4934,id
15721,nl
969,tr
2350,pt
2542,it
6515,fr
12604,tr
16506,tr
712,de
321,en
15409,pt
11470,es
8004,fr
4587,id
12818,de
10019,tl
4174,pt
3785,pt
7654,tl
1217,fr
11705,tl
4309,nl
5270,nl
7927,fr
10753,fr
15464,af
8975,en
6645,it
2816,fr
5468,en
16930,tr
9545,tr
2708,id
4882,tl
6729,fr
15593,sv
2975,es
11773,sv
9732,es
13178,tl
5365,fr
5165,pt
1960,tl
5221,fr
13604,tr
491,tl
8126,id
9202,de
2578,tl
6557,id
13078,it
8968,sv
3837,af
1076,tl
6650,it
2255,it
16813,pt
9617,sv
5823,tr
5082,pt
16717,pt
334,sv
11075,fr
12008,nl
4659,tl
6268,id
7975,fr
15556,en
16377,id
10276,tr
14179,tl
16049,es
12526,es
5040,nl
2093,it
14179,tr
8320,it
7975,sv
1449,tr
6562,id
8667,id
15039,tr
1594,tl
16151,tr
12608,tl
4463,fr
1014,id
12442,tl
14151,tl
16222,nl
16314,es
9263,sv
9561,id
6439,fr
254,af
10527,tr
14442,id
2588,sv
1042,es
10776,nl
5757,id
5026,tr
6457,tr
6891,fr
9408,en
11554,es
6213,af
216,es
13683,fr
10534,af
7257,sv
13853,de
13404,nl
5296,pt
15950,en
13177,nl
11154,pt
8294,sv
13340,af
7199,it
5974,sv
11633,pt
15271,en
13242,af
13552,de
6112,nl
1666,fr
3702,es
686,pt
7768,de
2773,sv
3386,it
12212,pt
14706,sv
8824,nl
8525,fr
9619,es
12310,it
9519,tl
2517,pt
15518,af
13083,sv
686,nl
12402,id
3686,en
10076,fr
14994,it
3481,af
4620,pt
1636,id
11798,tl
2085,es
2816,nl
7946,es
14306,fr
9971,sv
9923,es
3306,it
3586,nl
12066,it
2801,es
6936,nl
11023,en
3020,sv
9689,tl
9979,fr
5600,id
15020,pt
6411,it
12104,es
11764,tl
9095,nl
3146,de
4848,tr
14417,tl
263,af
2338,tr
216,de
12818,tr
891,it
15488,es
15133,tl
16356,fr
15177,nl
6382,fr
4826,tr
1593,it
15138,tl
12961,nl
12469,es
10493,de
6366,tr
17143,sv
7140,fr
10527,fr
6516,tr
6072,it
8730,sv
14912,nl
6112,de
7718,fr
4088,tl
4492,nl
7570,fr
11272,fr
16799,nl
8085,sv
201,pt
10182,af
3337,nl
8977,en
5127,en
11751,en
3204,sv
5985,nl
3408,tl
12244,id
12558,en
4254,it
5611,tl
3631,de
13619,tr
6241,de
1093,de
16891,sv
16662,sv
13288,es
3099,sv
15345,en
3323,fr
15906,sv
9182,id
9362,tl
2962,tr
12468,nl
5911,de
13078,tr
6064,id
17157,af
16560,fr
3167,sv
4236,id
6663,tr
8900,it
15448,id
15672,tl
6891,sv
7463,sv
4452,tl
12851,es
3101,de
506,it
7916,fr
4168,id
2016,nl
197,it
1533,pt
2230,tl
11546,sv
1962,sv
4614,af
2573,nl
4955,de
13639,tl
10812,pt
1042,tl
16356,it
4776,es
3103,en
14367,nl
16225,en
15062,tl
12536,de
10256,it
5974,id
10565,tl
9074,nl
3349,tr
13688,id
6248,de
7836,es
3408,sv
15971,pt
7140,es
9326,tl
3554,tl
2824,it
5985,fr
13513,pt
5286,nl
13524,en
9149,de
12951,id
8390,sv
3400,en
10565,de
4336,fr
11969,tr
7767,tl
1933,nl
827,nl
254,nl
7531,fr
10302,es
4913,tl
9137,tr
3441,tl
7912,sv
6376,tr
540,pt
12121,sv
9408,pt
5370,fr
761,nl
5627,de
8912,de
4638,tr
13871,af
6376,nl
4283,en
7257,de
4336,de
5544,it
13546,en
2927,pt
8694,tr
6710,fr
15348,de
4477,pt
11186,de
12343,tr
4174,tl
13819,sv
5488,pt
10898,fr
10164,nl
13346,fr
14508,de
15890,fr
8,id
6744,sv
369,de
16630,tl
5270,it
13907,pt
6516,id
10960,fr
11773,af
8888,fr
5297,tr
8824,id
369,en
10655,id
16061,nl
560,de
16874,tl
16974,tr
4463,tr
15847,de
7542,nl
2798,af
3907,de
13636,fr
5027,tl
16916,tl
9301,de
11376,nl
9561,it
16924,fr
6594,de
3127,es
4486,tr
6293,en
10455,de
11361,tl
13383,id
15289,af
13516,it
6290,tl
837,af
12291,tl
10954,af
6469,en
11459,es
564,sv
9875,tl
9030,en
8520,af
15459,fr
5623,tr
17136,it
4377,sv
612,it
16987,tr
10213,sv
31,en
11999,pt
3576,tr
8730,pt
8442,de
11764,en
15133,af
8322,fr
9053,en
999,tl
13040,de
560,pt
12607,sv
5225,en
13439,tr
4803,de
8116,af
2594,nl
1683,id
5544,nl
8280,fr
5970,de
588,pt
13684,sv
6729,nl
5615,pt
7613,en
4026,es
4187,tl
5199,nl
4953,de
11959,fr
3337,es
5703,tl
8260,tr
13604,it
15166,en
4671,it
15296,en
14879,nl
9569,fr
16061,tr
1671,fr
9720,fr
16938,es
10107,en
3029,af
12310,tr
11426,tr
9519,nl
16956,nl
7690,fr
6798,id
2400,pt
3600,en
7111,id
3623,it
16983,en
3986,en
10171,it
7531,es
17098,sv
5574,it
14884,de
8284,tl
16851,id
5062,de
9577,it
16851,nl
5584,de
11424,tr
8925,nl
1452,es
15948,sv
103,es
3742,fr
1831,fr
1449,es
15548,nl
6650,af
2673,en
8388,af
10699,de
9962,af
10353,sv
15010,pt
17116,it
14567,de
8248,nl
15186,af
6774,af
15862,tl
14308,nl
1862,nl
10808,it
6946,it
11157,fr
12430,nl
5886,tr
4606,es
14981,sv
12856,de
608,af
7971,es
1156,id
12446,id
315,de
8824,fr
16455,de
299,it
16183,tr
12717,it
1065,tl
11328,tr
3030,nl
2264,tr
4985,es
14505,pt
10080,tl
13966,de
3598,es
2927,de
10472,tr
7257,en
11166,en
9303,es
12263,es
897,it
13546,nl
12618,tr
11546,tl
10534,sv
2057,it
10053,fr
15598,tr
7503,fr
4848,de
14308,de
9969,it
7971,tr
4955,es
10366,it
8410,sv
16880,tl
2651,en
12430,it
6116,id
15448,de
14926,it
10019,es
5758,nl
6371,sv
14101,pt
8388,pt
10792,es
12818,en
12182,pt
16710,es
13122,tr
8466,af
6708,af
14074,nl
14555,en
9942,fr
16376,tl
11067,it
14661,en
10655,tl
8731,de
5871,nl
5297,id
2594,id
5243,nl
6729,tl
8260,id
10349,nl
8791,tr
16276,id
6166,id
47,tr
6747,id
9969,id
5955,es
322,nl
2441,de
2355,tl
11585,it
10444,nl
13592,sv
13982,de
1308,es
13591,es
2113,tl
665,es
15554,it
10674,sv
14508,it
2026,tl
9204,es
6575,fr
15686,de
5774,af
7161,pt
7499,it
3002,sv
12256,id
3124,it
15815,en
9303,en
7777,es
10353,it
10999,af
5152,tl
3481,pt
1252,id
3532,tl
4334,de
15214,sv
6785,pt
13186,it
1151,es
1703,pt
201,fr
7477,en
399,de
10534,en
16717,es
2400,sv
5378,nl
71,it
7262,sv
14762,nl
6623,nl
15457,af
6928,nl
3995,fr
8958,en
7080,de
11154,sv
11861,id
9678,af
6973,tl
6578,nl
16791,tr
14342,it
5038,af
9519,id
13411,af
14644,id
920,af
3993,it
9640,tr
13067,id
16029,tr
12442,af
17144,de
9980,af
612,id
1090,tr
16096,nl
10590,fr
15998,tr
6064,sv
7847,fr
17115,en
286,sv
12723,af
9902,fr
6615,it
8073,pt
16987,af
891,af
430,en
9019,id
4487,it
4928,id
1617,en
4334,sv
5488,af
16280,it
279,es
16535,de
6469,nl
4116,nl
9269,en
614,tr
7293,de
2113,it
4896,it
9362,nl
6103,sv
15747,pt
3037,en
1933,id
10828,de
1655,sv
3674,sv
7539,nl
9088,tl
16814,pt
4913,it
4168,de
9520,en
13283,sv
10792,af
8110,tr
14026,id
13630,de
1124,fr
8005,sv
7314,sv
5996,sv
10792,fr
15825,id
6201,en
10471,it
6650,en
13165,pt
16050,id
12883,nl
625,af
11904,pt
11162,de
15467,nl
8525,af
9718,nl
13494,id
15155,de
8284,af
4953,tr
6181,sv
1047,en
9153,id
16320,it
15731,tr
13986,en
1043,sv
11384,tr
8539,es
6382,pt
555,fr
15304,en
475,fr
4838,af
8585,id
17179,tr
3161,es
10936,tr
8206,fr
6293,pt
1374,it
3582,tl
14653,fr
2387,tl
2724,nl
3407,tl
6073,sv
11328,nl
16944,nl
5347,af
1264,af
3683,pt
8461,de
4152,de
15995,it
10197,it
11914,sv
2338,tl
4780,en
6600,es
11331,sv
13881,fr
16506,fr
3595,en
1151,tl
13796,sv
11990,de
2384,sv
16385,id
15841,af
14939,id
14348,en
13297,af
2540,sv
15187,de
9871,de
11904,nl
14268,es
7843,tr
14126,en
12008,fr
12452,pt
16406,fr
14001,tr
2840,nl
15039,nl
366,tl
7817,af
2334,pt
2208,nl
7666,de
5009,fr
5401,en
14592,id
8469,it
385,de
11570,de
16911,tl
399,en
3631,sv
10718,pt
11582,tl
16859,fr
1527,tl
540,id
6815,id
1352,tl
9827,pt
7777,pt
5378,en
7055,id
15075,tr
393,de
5116,de
13688,es
10346,fr
11695,it
4953,af
1065,id
9930,sv
15508,tl
9856,it
10523,en
9263,tl
11483,tr
7455,af
11546,de
6562,sv
8598,es
13858,nl
6101,tr
5341,en
3714,de
14342,id
6127,nl
631,en
14490,sv
14044,de
10049,it
13607,de
1084,it
4798,en
12213,nl
13101,pt
16772,en
14549,es
17116,tl
16318,fr
11681,tr
2255,af
5619,nl
9617,nl
5278,nl
8322,es
5278,af
8148,nl
9074,tr
1360,af
10427,sv
13900,tl
6174,en
11932,de
5009,en
15508,af
11341,en
16166,en
5955,sv
14268,sv
379,pt
3276,af
1452,sv
3775,tr
11867,it
11467,id
13896,nl
2673,af
10260,pt
4544,it
11024,tr
5250,pt
2350,tl
6055,de
11643,id
15635,es
2026,sv
9321,it
6575,nl
4463,tl
12797,pt
13222,id
4502,af
8857,it
6596,fr
3771,de
4224,es
6593,de
4137,nl
12254,de
11773,en
4799,tr
7355,es
4837,id
10263,fr
10440,it
6129,sv
11677,es
5615,it
783,it
11141,tr
13714,af
3960,tl
14787,nl
12367,tl
12104,af
7870,sv
11376,sv
11827,fr
4201,en
7111,fr
7664,af
319,tl
1940,en
3361,tr
14453,it
4659,en
12536,nl
6646,tr
5813,en
7892,id
13738,de
8300,id
7975,en
15402,tr
14701,tr
15906,tl
6426,sv
12294,de
6159,en
12413,sv
5301,de
3329,sv
15946,tr
2927,it
4244,es
4933,es
16703,sv
16089,pt
11238,id
6177,tr
7654,sv
9394,pt
15464,pt
5635,id
6496,tr
7196,it
5652,en
1423,de
10679,de
3060,id
6331,de
2497,pt
2237,nl
12818,nl
7287,tl
1191,pt
4890,en
6083,de
6243,it
8343,it
3117,en
7524,pt
9851,fr
11607,es
16989,tl
782,fr
8765,es
4998,de
4672,nl
11867,de
4272,fr
10503,af
12548,es
12779,pt
4428,it
16693,af
13457,en
6059,tr
3077,de
3103,nl
15731,nl
8204,en
4436,pt
4966,pt
2527,fr
8004,id
6055,tr
16758,tr
16975,fr
9520,nl
14228,pt
4767,tr
185,nl
9561,af
13738,nl
8741,tl
6331,id
17051,en
14163,sv
6013,nl
15693,pt
13099,de
10927,es
3050,id
11177,en
13744,pt
1831,nl
80,fr
11607,tl
6623,tr
17113,id
3576,de
5911,nl
15445,tr
7970,fr
2753,tl
9204,tl
3986,de
2030,fr
7891,af
8013,pt
6936,id
14874,id
15845,af
10100,tr
16353,af
3298,fr
6116,en
3700,fr
3039,fr
8110,pt
3503,af
15124,it
5296,de
7539,de
5554,fr
11650,af
12608,es
15987,it
2647,id
4088,tr
576,nl
16947,tl
9815,af
13853,fr
1575,af
15968,pt
7844,es
9855,af
1777,tr
47,pt
15736,tl
41,es
13871,fr
9394,nl
4620,en
1745,es
5658,tl
8791,fr
6134,fr
10335,fr
1551,af
6798,es
1238,tr
1294,af
9878,id
1247,tr
13115,fr
15216,sv
3822,id
16096,pt
7013,en
15670,de
9977,en
5324,fr
8033,nl
12161,tr
4487,tr
6578,af
12536,tr
9341,nl
9327,de
16873,tl
8116,it
10508,sv
16430,pt
15634,en
5410,de
3,nl
1575,es
9772,en
122,de
14015,de
668,tr
6352,pt
11861,de
14509,de
14509,es
12437,en
6305,es
47,es
16166,es
3915,id
14011,es
15337,en
443,af
10812,en
3184,it
8767,af
15610,af
4496,af
2898,es
14053,en
12310,id
12789,tr
15020,id
1467,fr
2451,sv
13966,tr
9760,id
16377,pt
9542,af
16907,id
1371,af
4809,it
9977,de
2960,en
12240,nl
9520,fr
4177,tr
12724,de
8670,af
4001,it
9940,es
13242,pt
329,nl
5332,it
13799,de
1510,en
4550,fr
4845,de
7902,nl
16048,de
5813,it
16563,de
9225,nl
13494,it
2517,tr
1072,sv
9632,nl
11366,sv
15508,id
10288,de
7836,sv
15789,id
5160,tr
7889,tr
864,es
8035,es
4587,nl
660,af
8343,en
15994,it
3586,fr
6433,sv
8013,sv
16944,it
9153,tl
10534,tl
3554,en
16698,id
14142,sv
9114,en
3167,nl
7353,de
13722,tl
16758,nl
686,id
16749,tl
3725,it
7606,id
4073,en
16427,nl
12618,pt
13154,pt
16916,it
16563,af
13310,fr
15092,nl
14504,sv
16694,fr
17135,tl
16354,it
4799,id
11915,fr
4461,sv
10292,tl
12430,tr
12869,es
13524,it
16061,id
4845,en
4998,tl
17143,nl
9754,pt
5158,id
17123,tr
15994,de
7666,fr
14597,de
14001,it
16703,af
10462,fr
1428,fr
14933,en
1744,de
15971,af
15618,de
17042,pt
7477,fr
6103,de
11514,tr
4837,nl
3161,fr
8882,sv
6561,tr
11345,id
3387,en
13199,fr
12437,de
4767,af
15946,de
8085,tr
13102,sv
16791,af
8394,pt
16944,tr
16168,es
4212,nl
12869,fr
7569,tl
3785,nl
11490,it
8073,en
8795,af
12264,af
16589,tl
12986,fr
8880,id
11514,id
7294,de
12073,id
15304,id
15276,af
560,af
63,tl
13774,it
9326,it
6755,id
310,es
2320,pt
6069,en
5577,pt
13330,en
9768,sv
6646,es
89,it
8366,es
8642,sv
2921,nl
3114,fr
7209,pt
13023,fr
14096,nl
5349,it
6015,de
14505,tl
2775,fr
16005,tr
12511,it
3717,pt
5156,en
5988,pt
2887,id
3886,tr
16613,de
9330,fr
15563,af
13636,pt
122,tl
7598,af
3330,id
14453,es
1065,pt
15732,pt
6101,it
6615,sv
15448,sv
5333,pt
3117,af
7039,tl
10472,nl
10263,it
11146,it
5043,it
16158,fr
15593,fr
12618,it
6726,sv
13077,pt
1428,de
16766,es
2753,tr
9426,nl
6582,en
2441,tl
19,nl
7918,pt
9317,tl
782,sv
726,fr
2056,en
16711,pt
4966,sv
16357,de
12073,es
5118,tl
16282,tl
344,id
15815,nl
9812,af
9689,pt
11339,sv
14822,id
1423,sv
14673,af
16280,fr
2412,pt
7660,af
7981,tr
11904,it
6621,en
5930,en
13178,id
16995,de
13666,tl
1870,pt
13524,pt
13346,tr
16613,id
962,id
11133,es
726,id
11841,it
14608,tl
10339,af
10403,de
6994,sv
10365,sv
4119,nl
13619,de
14449,tl
2962,sv
385,sv
10048,tl
1666,en
1741,af
174,nl
10177,de
11875,es
7563,it
15133,sv
12537,sv
13983,it
6417,es
8562,it
10828,sv
12020,id
16799,sv
12838,it
7196,de
10684,en
16375,de
4391,af
16049,af
2753,sv
16501,es
13459,es
13591,de
9212,pt
10960,tr
6372,tl
8431,id
8888,tr
5301,id
1156,tl
7477,es
7863,es
16072,en
3761,es
16603,es
5229,nl
3378,af
16995,en
2560,id
2283,de
4477,es
10931,es
5157,fr
4516,nl
15968,id
14223,af
506,sv
15890,en
3859,af
15276,id
2403,nl
14701,es
2167,it
3727,fr
11341,tr
11384,pt
15847,tl
12233,tl
169,es
14673,tl
5840,tr
4171,fr
12908,de
15794,en
5017,id
6539,id
1093,af
3624,af
11266,es
4554,af
15736,nl
1870,de
9153,it
3784,sv
4244,fr
15213,tl
14879,pt
1076,en
7613,tr
3264,tr
11502,sv
427,af
6370,fr
10220,en
4798,tr
3912,tr
7502,id
5365,it
5797,pt
10909,tl
16983,af
6973,es
13567,pt
1093,nl
1124,tl
7891,id
16955,fr
3077,sv
6819,es
379,nl
12469,tr
16146,fr
1300,nl
782,it
7664,tr
14304,tl
6322,tr
11947,sv
14904,fr
3775,nl
4767,nl
11029,af
5037,id
15305,pt
6322,id
944,sv
15382,en
14096,fr
9857,tr
15166,pt
15857,de
3581,pt
10760,fr
4031,sv
13681,pt
2350,af
13404,es
11272,de
4240,pt
11024,en
3582,sv
2255,tr
9519,de
5027,en
15563,it
8674,sv
6060,af
15655,id
14283,af
1124,id
16712,es
1750,nl
13592,it
1804,sv
16560,it
6064,de
219,sv
9110,nl
2098,nl
4305,sv
5413,tl
14917,sv
1803,es
5600,tr
9009,sv
6371,tr
13616,fr
17087,pt
6174,sv
1127,de
11942,it
16873,af
10077,es
2098,it
14457,af
12982,pt
11424,de
3323,it
6892,de
321,pt
8322,en
6074,sv
3784,it
9507,id
4112,pt
13908,pt
6897,nl
1913,es
936,es
10699,fr
9088,de
2075,tr
16666,sv
10684,nl
768,en
3117,de
14791,sv
9676,id
12813,id
3812,af
9254,de
16652,tl
8004,sv
12419,tl
9971,af
10712,nl
1511,nl
14419,sv
14490,de
7141,fr
1404,en
767,fr
4809,fr
254,tl
6865,nl
6241,es
14925,af
8640,sv
1653,nl
3349,de
4248,es
7503,tr
4994,it
8674,pt
4838,tr
651,pt
7660,it
31,sv
1423,it
15055,sv
5590,tr
12453,tr
9942,en
9767,sv
3329,es
2679,af
6024,tr
4953,nl
3306,nl
9011,es
15459,sv
11563,af
7113,pt
16851,es
11098,es
11825,tl
2564,sv
4177,af
2414,it
16296,tl
6025,tr
2320,nl
4930,fr
15706,af
16780,id
14053,af
7122,pt
5688,de
5014,id
7970,tr
11261,tl
5365,de
7817,fr
15890,tl
17123,it
10217,nl
4271,de
16668,sv
14644,en
3486,tr
8985,fr
5152,it
14118,af
2311,nl
8907,af
6621,id
12581,af
11610,es
8535,tr
6023,it
7278,sv
297,en
10081,de
4764,fr
6974,pt
9592,en
15652,en
14508,sv
2166,es
14453,fr
7844,af
9380,sv
9327,id
16005,en
11331,fr
5410,en
14,af
5370,pt
9035,nl
7778,tr
3408,id
3337,tr
6568,nl
5026,en
12473,id
13997,tl
13372,sv
16938,id
4205,en
1962,nl
6438,tl
1427,it
15652,tl
12930,id
4268,fr
12159,it
6918,af
10568,sv
158,it
8846,it
4601,sv
5410,pt
14591,id
9471,sv
11536,tr
344,tr
399,es
8853,de
12104,nl
14147,id
16838,tr
16892,tr
9885,nl
7080,af
12982,sv
9632,id
2690,it
4383,en
16624,tl
9507,pt
16519,es
10076,nl
1692,af
3915,tr
1007,af
16916,fr
15124,pt
2208,es
13796,af
6376,af
4346,pt
8042,it
16961,en
12856,sv
6891,tl
6806,af
9426,fr
13853,it
2812,es
2795,nl
9912,fr
962,en
5103,nl
12339,de
16103,id
10858,es
6248,sv
10931,tr
15445,nl
13303,tr
16275,fr
14668,sv
315,sv
3138,af
15548,af
12930,nl
10757,es
15796,de
5948,nl
1180,id
2311,en
17069,es
12511,sv
7152,it
5401,id
1120,tl
12256,sv
6575,id
3822,af
2985,tl
4178,sv
12606,it
5635,it
9053,tr
5328,nl
9524,en
456,af
9956,tl
5661,it
15186,de
10760,es
9601,sv
3671,nl
12468,tl
15546,tl
1960,pt
9364,pt
6652,tl
5410,nl
3460,id
6973,fr
5678,sv
329,tl
4618,af
7609,de
9321,de
9204,en
426,es
7697,nl
16872,de
3702,de
13722,tr
9896,it
2868,sv
11644,es
974,de
10824,pt
14608,nl
10462,sv
13869,id
11920,id
5221,it
3838,fr
7718,nl
2497,tr
16320,pt
4168,en
8100,pt
10494,tl
11634,tl
7686,sv
2578,pt
6708,tr
13040,it
12213,pt
12127,nl
5691,it
15448,en
14190,es
1061,pt
2283,es
2703,af
14791,id
8230,nl
4216,id
426,de
10302,de
14417,pt
16437,af
7161,it
1549,es
6663,en
16813,tr
2355,fr
11420,en
13223,nl
3598,tl
12261,tr
1710,id
12340,af
9720,en
14673,de
1217,tr
16711,id
16974,en
7902,es
5840,sv
11168,it
5970,fr
5554,id
9103,pt
13031,es
15794,pt
5697,nl
564,af
5593,id
2887,af
10816,es
2859,tl
14904,en
7777,af
1995,fr
9678,es
16591,nl
16781,id
1483,sv
9871,es
2296,es
15401,nl
13929,tr
10171,fr
12054,pt
10709,en
4166,tl
4702,af
6214,tr
12409,tr
8165,tr
11539,de
2717,it
11286,sv
13404,af
14116,sv
884,nl
6039,tr
2255,es
4854,id
9594,tr
9212,id
15166,es
12310,es
7542,en
4653,de
6388,it
9175,tr
2548,tr
5047,de
6850,it
14330,en
10053,id
7539,id
10308,de
15274,pt
16730,af
185,fr
2026,pt
9857,de
1217,de
299,en
3441,af
15841,sv
4516,en
15911,sv
12779,fr
2959,es
6162,es
13040,fr
15794,fr
5414,tl
1308,id
19,tr
2258,af
6572,es
3993,pt
10350,en
281,es
10868,en
9103,de
15652,es
6582,fr
14406,pt
13298,sv
7113,fr
2480,pt
11075,es
322,it
9175,fr
16813,id
14316,en
1014,sv
4023,tl
17011,it
9353,id
5703,pt
4216,es
14449,id
9112,de
1807,pt
7919,tr
16662,fr
8791,it
3407,de
9844,tr
1683,pt
6376,en
17119,sv
15946,en
11261,af
5330,es
5156,fr
1639,id
12930,de
5157,es
8358,tr
13871,it
12536,tl
10898,de
12930,tl
3413,en
7556,en
15556,tr
590,pt
15560,en
11302,es
7891,tr
5318,tl
9542,tr
4254,sv
4988,nl
10982,es
5122,id
4524,fr
15747,tl
3298,en
16642,en
3993,fr
9116,it
13567,it
6967,de
11075,it
564,de
11024,af
4258,nl
6682,de
15966,id
7970,en
12558,sv
1933,af
7836,de
15565,tl
8960,sv
527,fr
10048,de
1833,nl
14071,pt
4618,it
11133,sv
10760,it
10366,es
10406,tl
11681,sv
4799,af
7556,tr
4319,it
12874,tr
16221,af
15756,nl
16146,id
870,de
6403,tr
997,nl
9909,sv
3582,fr
2931,pt
8284,tr
355,af
5554,en
15563,pt
1458,nl
13774,es
5370,id
1551,de
14504,en
1120,it
3605,tr
13758,it
2178,id
14241,nl
6116,pt
5043,nl
9137,es
11911,sv
5165,en
13372,pt
5481,tr
13741,id
2498,it
1063,tr
15647,sv
3631,it
15503,sv
12707,tl
3734,sv
17098,en
16148,tr
12377,de
14746,af
7181,it
13486,af
14926,id
12340,pt
16005,es
15708,tr
14118,it
12019,af
12869,id
2373,pt
7955,nl
15092,af
8044,tl
2816,es
7916,es
10759,es
14356,tl
11427,en
6500,nl
9726,af
612,en
16170,nl
5497,fr
2594,de
12261,it
15948,tl
6371,tl
2082,sv
5678,id
6353,es
27,sv
13516,de
16280,en
4934,fr
10302,id
11423,nl
4121,id
6973,id
8387,pt
16385,es
8206,sv
16296,it
15789,es
9394,id
16648,sv
10365,pt
1537,de
8828,nl
13983,af
427,sv
12367,id
3434,es
17138,tl
10471,tl
8553,nl
250,tr
1794,tl
3413,pt
11767,de
16672,pt
3228,de
10887,af
2316,en
7266,pt
4271,sv
475,nl
13242,sv
4887,id
9054,nl
169,af
3837,tr
13043,af
13181,de
680,it
8004,en
4355,fr
9321,en
15409,es
12606,af
9562,fr
10177,nl
9795,id
6147,de
9524,tl
13150,pt
13348,sv
13078,tl
1542,en
14417,es
8765,nl
11911,es
936,tl
13819,id
6337,tr
6974,it
14757,it
16666,id
9236,es
3481,fr
5886,it
6305,tr
12442,nl
4913,pt
8320,tl
17170,it
5341,fr
14646,fr
8948,tl
13016,it
14530,de
5333,nl
14465,nl
3606,it
14342,en
10640,de
5006,it
1683,tl
9362,id
16056,sv
7098,tl
10125,pt
9384,sv
189,en
16797,nl
17144,fr
15676,fr
914,de
11546,en
8431,fr
12367,en
5465,de
7477,tl
1115,tl
16201,es
6064,fr
7768,nl
13774,pt
15213,sv
13115,it
7569,es
16120,af
13150,es
8694,sv
10590,nl
12294,tl
15995,tl
7168,pt
9554,nl
17123,nl
6352,fr
3581,fr
2775,de
3614,it
16282,es
11272,pt
7294,tr
884,es
6958,id
11643,es
11259,sv
7971,fr
4957,de
128,es
8960,af
7975,tl
2497,es
6072,fr
974,fr
13853,tl
13619,nl
13900,fr
430,pt
12070,tl
1425,sv
9233,it
103,en
9364,en
16029,it
15995,tr
9577,tr
15946,sv
443,en
7196,af
16899,it
13592,id
16975,pt
712,tl
15857,tr
2566,pt
4187,id
2605,sv
14170,id
4833,en
5955,nl
10357,es
6325,sv
11340,es
158,en
9291,es
8294,de
14317,en
7570,af
15276,sv
8245,pt
5568,en
8413,id
14354,tr
2812,id
16089,tr
12693,tr
3162,sv
1807,tl
8004,tl
3008,es
3513,tl
14592,pt
14605,tr
9364,af
6439,de
6432,en
12019,fr
12932,de
4442,af
16987,nl
10979,de
7567,id
12629,fr
15971,fr
8402,af
6623,af
11858,it
12817,de
15942,sv
14378,sv
2350,nl
14822,tl
1527,id
6652,de
1575,tl
4253,id
11368,tr
1622,tr
17113,tl
16956,pt
8426,nl
2201,it
10494,it
2271,nl
7768,tl
9977,es
14530,af
2960,pt
5988,tr
11376,fr
3037,pt
11705,de
590,tl
2205,tr
5245,tl
11860,tr
11162,es
3883,es
1440,id
189,sv
8409,en
15092,it
16318,id
4881,it
1371,sv
8828,it
4671,de
3686,fr
407,sv
14323,id
10462,af
15274,sv
4442,nl
15487,tl
10678,id
14592,nl
2708,de
4994,fr
10346,it
8767,en
12240,fr
8694,nl
1993,sv
2512,tl
3184,fr
1047,it
13683,pt
17015,de
4375,de
15155,en
2447,de
14767,de
6645,de
15513,tl
939,tl
10674,tl
1636,nl
8525,sv
8474,nl
17069,it
15345,it
16711,en
5413,en
15056,en
11502,en
8681,id
6559,nl
11238,tl
9541,de
2812,fr
9352,en
3702,sv
14939,sv
8553,es
14317,tl
2237,it
15942,it
6755,en
8904,tr
11339,pt
4081,tr
13639,tr
6014,nl
12294,af
10743,en
1671,de
15214,it
11987,pt
13689,id
6946,sv
12883,pt
15208,de
4240,tr
10472,id
13400,tl
8568,es
8290,en
12986,pt
9015,es
3364,fr
427,fr
3700,tr
3101,es
14925,it
15971,de
13077,id
4618,nl
7461,sv
11634,it
951,tr
6304,id
3654,id
5103,en
16859,af
8140,af
15304,de
3841,nl
10790,tr
15092,de
1803,tl
7557,tl
9202,nl
14453,af
3196,tr
7655,de
5966,sv
13766,pt
2168,en
13150,it
7613,es
7502,af
17087,en
9554,es
11085,en
7664,nl
2403,en
6865,tr
15703,tr
7666,id
3306,en
5243,af
4024,tr
14658,nl
5525,en
8585,es
3091,pt
2298,de
319,fr
1940,pt
329,af
2206,pt
1084,es
13896,en
11644,id
7876,es
15995,de
11067,en
6516,es
15205,it
5321,de
9233,es
2373,es
8460,it
15556,sv
7843,it
15987,de
6559,fr
17087,id
5292,es
14995,fr
13983,tl
13796,id
10333,it
13738,pt
5339,it
6559,sv
4516,pt
14378,es
7061,it
16911,tr
8635,de
13871,sv
6045,it
15213,en
5122,pt
11825,en
102,it
1671,it
1238,es
8182,de
9754,es
1352,tr
16446,af
10828,tr
1722,tr
7730,en
7039,it
6801,es
3008,nl
8667,fr
6039,es
702,fr
3694,pt
12354,tr
6023,tl
1043,nl
13383,it
1622,nl
3486,en
9971,tr
15995,af
3741,fr
2075,pt
8033,fr
10217,it
10403,en
14504,nl
13101,es
4614,fr
4482,tr
171,es
10150,pt
8553,af
16532,fr
9980,pt
12838,sv
588,en
14939,it
6469,id
10268,tl
1666,de
5544,es
16052,tr
6220,id
12581,es
1554,it
5014,af
9524,nl
7583,af
11812,nl
5757,nl
16765,it
15592,en
2174,es
14857,it
3598,pt
8880,tl
4833,de
14926,sv
11335,en
451,tl
16467,fr
9352,de
14339,af
13031,nl
9341,tl
7262,en
16028,de
15333,pt
11353,id
15845,id
12339,en
2373,sv
11705,af
3326,de
170,tl
6836,de
7397,af
1247,af
13288,fr
12182,es
10048,es
10182,tr
12263,id
7524,es
8666,de
6918,tr
168,tl
4031,pt
6457,en
1960,fr
4544,pt
1127,es
16045,tr
5958,tl
11125,es
6713,pt
17157,nl
6726,tl
9323,nl
4400,tl
5465,id
7980,it
631,af
10433,id
14347,it
15382,it
16883,pt
2283,tl
16050,nl
8992,nl
3734,pt
16148,pt
15747,es
1692,tr
15326,af
1061,tr
15700,nl
13391,tl
12233,tr
7224,tl
15756,id
16158,nl
3516,nl
5531,nl
6405,af
6371,it
9291,pt
15626,en
1065,sv
15546,af
6295,en
16273,af
1537,nl
14033,it
14608,pt
6147,tr
15457,id
16914,en
1063,af
11328,es
10981,af
17142,id
6438,af
5600,sv
15794,de
8824,es
4247,de
15124,tr
944,it
16749,de
8148,es
10471,af
10996,af
783,nl
5523,pt
16593,es
2237,fr
14268,tl
11664,de
6909,de
15532,en
9878,it
13580,nl
6962,de
15785,pt
7061,fr
14608,af
7161,sv
13796,en
10855,pt
10427,tl
6663,nl
5952,en
4077,pt
13043,es
6213,pt
407,de
8073,es
174,pt
9074,fr
3447,sv
3387,es
3750,tl
15445,sv
4826,en
15197,nl
9438,es
3378,tr
8436,sv
71,es
11685,sv
3101,af
5683,nl
10757,pt
9358,af
5552,sv
2887,es
9059,de
13487,af
761,tl
13548,fr
12672,es
11343,es
5201,tl
15305,id
5722,nl
1301,tl
17069,sv
2551,id
14973,nl
7843,fr
16356,de
6746,tl
12675,tr
8129,sv
9853,tl
16624,nl
8846,fr
3761,pt
4988,pt
13734,en
124,fr
13342,en
10472,pt
6372,es
7209,it
3207,es
3091,fr
4024,en
8188,pt
10213,es
13460,nl
11353,pt
12263,af
9912,it
6732,de
14549,tl
3774,sv
3228,id
11085,sv
11023,af
11563,es
1581,de
1483,fr
16029,id
6801,fr
7061,sv
614,sv
6432,es
4254,fr
11539,tr
10353,nl
12824,de
1180,it
12866,pt
11922,nl
3030,tl
151,id
7531,tl
6694,tl
14,tl
914,id
7628,tr
189,es
7889,fr
14668,pt
5578,es
17135,sv
3029,de
16801,pt
11279,id
5349,tr
508,af
12623,es
3435,af
16892,es
8978,it
10712,fr
1090,af
8043,fr
6439,tl
11423,fr
1115,es
10164,en
2498,es
12289,en
3364,en
7025,id
3320,pt
9212,nl
6539,fr
6865,de
9545,nl
348,en
10621,tl
1042,nl
2355,en
2237,de
12289,id
1063,en
5258,tr
11267,id
14526,nl
804,af
7902,en
4205,es
8043,sv
13524,nl
1425,en
10455,af
14553,nl
16082,tr
4798,fr
4560,fr
5823,de
6352,it
10772,tr
588,id
14126,it
9326,sv
11189,id
14330,tl
10808,tr
3859,nl
16754,tl
7567,nl
1719,sv
1336,es
2414,tl
3669,sv
11125,de
6557,nl
16273,id
2030,es
8182,en
12723,sv
15707,tr
14150,id
2985,id
9923,en
14308,it
588,af
6371,de
7912,it
4319,tl
13340,it
3852,es
5531,af
1940,nl
9507,es
4031,en
12874,en
6708,pt
5085,tl
10302,tl
6785,es
14742,en
5856,af
1636,pt
12957,en
13618,de
16373,fr
1516,it
3503,pt
14919,it
15127,pt
1108,tr
16314,af
10931,sv
2796,de
7890,pt
15095,de
3771,sv
9761,en
4702,tl
11677,fr
12233,en
5016,tr
6015,tr
15348,it
16627,de
6093,it
10832,id
16089,de
6670,nl
7598,id
15185,it
17119,nl
16799,af
8150,sv
14453,sv
14555,pt
11279,it
3507,nl
8904,pt
6129,it
2975,id
4224,sv
10608,de
4667,pt
17123,pt
12073,it
9524,id
7628,es
564,pt
13855,id
2870,pt
10954,id
1413,sv
5378,sv
6083,it
3912,id
9305,tr
16471,tr
3870,it
12468,it
15137,it
10846,af
1007,es
9895,de
3576,id
4132,id
6073,af
6118,es
3474,sv
6533,nl
4831,de
16930,pt
4689,tl
7057,fr
8261,de
8791,af
5911,fr
12723,id
2824,tr
9871,tr
8730,de
9591,en
10433,fr
12166,fr
7918,es
8674,en
16266,it
14994,af
3503,id
5225,nl
254,es
5413,de
15511,af
3253,af
767,pt
16357,pt
10150,sv
4232,af
11644,pt
15957,id
6798,nl
1554,es
17023,id
6761,id
5550,es
13744,id
15968,sv
11539,tl
5623,af
1294,it
15676,nl
862,pt
13124,pt
6027,es
5568,es
7978,pt
12392,nl
11861,sv
6891,de
13516,en
122,pt
781,sv
103,nl
16669,it
8294,en
13766,sv
5732,en
4692,pt
16048,sv
8906,it
3387,fr
5758,it
5988,sv
10828,pt
6594,fr
12293,pt
11598,sv
9156,af
12127,en
15880,af
11168,es
686,af
4145,es
6177,tl
7000,sv
8579,id
12685,en
27,en
15983,pt
3434,id
16373,af
9955,sv
14429,id
7199,nl
2163,tr
920,tr
3581,sv
1870,tl
6500,de
16273,nl
8388,tr
3771,nl
16666,af
8308,de
9632,de
11947,af
8975,fr
6101,nl
8559,id
4809,pt
47,nl
3212,es
13506,de
6495,tl
14995,id
1121,sv
15593,pt
13567,fr
13761,nl
15401,en
10045,tr
292,sv
10296,sv
7563,de
10738,id
11168,fr
16317,pt
14406,af
1148,sv
15995,id
11798,tr
16791,es
6025,fr
14498,it
11610,af
3441,id
8867,fr
14163,pt
3127,pt
14025,en
1636,sv
2288,tl
3441,sv
9561,de
17113,de
11081,en
9116,af
13762,tl
8358,sv
588,es
2166,tr
8289,tl
8430,sv
11867,id
379,es
3543,pt
7266,nl
14545,af
1007,pt
506,es
12710,tl
2441,tr
12797,tr
16703,tr
1546,sv
15305,fr
7044,nl
17005,it
5245,es
2868,es
17157,de
2711,en
15231,it
15200,tr
11616,pt
6967,pt
1622,tl
614,nl
13714,tl
2311,af
12004,fr
3870,sv
7890,fr
2035,id
11634,nl
14544,nl
16701,id
9909,af
185,es
14859,fr
6856,sv
3031,id
2647,sv
17148,tl
13758,es
4951,id
16461,de
10077,fr
1719,fr
5475,sv
3980,de
14884,it
8100,sv
189,nl
16883,sv
8308,nl
15229,en
1148,tr
12127,de
12813,it
3050,sv
4614,it
5006,tl
13694,af
2498,en
13513,it
9761,it
12707,nl
3595,tr
11164,nl
3568,tr
11273,af
16430,it
4299,nl
6994,fr
16385,de
4848,en
4502,nl
712,af
1962,af
14253,nl
13074,sv
13796,tl
5953,af
9358,es
686,it
9187,af
11720,af
15548,fr
2030,af
11302,pt
10286,nl
3995,af
7278,tr
11570,it
379,tl
8013,de
2082,de
1811,tr
1205,tr
1646,tl
1803,de
10755,tl
6385,fr
8150,fr
12244,tl
4667,es
17051,tr
2651,fr
13722,sv
1489,af
3407,it
11259,af
14283,fr
3205,tr
15610,tl
4934,af
17020,pt
12905,tl
7258,pt
1675,tr
13439,es
9110,de
761,es
9194,sv
7559,tl
3780,it
5497,af
12294,it
6448,id
3103,tr
16930,tl
608,es
13516,id
9942,it
8206,de
15208,tl
15348,en
5378,it
6069,fr
9738,de
9966,nl
5047,id
6725,af
11861,tl
10970,sv
11107,tr
12558,nl
7450,en
3406,de
6774,en
14457,tl
4764,es
9853,sv
14442,fr
17108,id
5116,nl
1065,it
6616,id
9197,nl
15467,fr
5640,es
14268,tr
13625,it
16955,es
7039,fr
10288,nl
15200,it
2774,de
10608,fr
9986,tl
13099,sv
13575,sv
6322,es
12957,af
14608,fr
2840,pt
7777,tl
2094,tr
1630,id
3433,sv
11261,sv
13688,tl
16924,af
2914,es
13346,en
13318,fr
9528,de
473,it
9156,id
7113,tr
15998,en
10655,sv
14648,tr
16729,fr
11841,tr
5619,it
10216,fr
10335,tl
7539,sv
17147,es
8033,pt
9732,it
15337,fr
7981,id
3099,pt
761,pt
7257,nl
14330,id
5196,en
12383,en
3207,nl
11418,de
4618,id
3995,id
796,id
12182,af
12413,id
10451,pt
14419,pt
4492,es
13758,fr
8867,id
59,nl
10350,es
4377,id
3522,de
11643,tr
2931,de
6578,es
16263,es
13927,fr
7000,es
11770,en
13486,id
10292,es
3576,sv
10563,tr
10260,sv
9225,pt
10600,af
12558,pt
13330,sv
15647,it
2265,es
7697,af
5122,tl
4125,sv
6201,tl
3184,nl
14544,en
5707,sv
9519,es
4673,af
16050,pt
17023,sv
128,it
8568,tr
9738,tl
12689,en
14473,tr
8035,pt
5219,en
16501,pt
5156,id
4838,id
16282,af
969,pt
16038,nl
4058,sv
10568,en
2298,tl
14246,en
4186,id
4985,nl
8525,en
3031,en
2840,de
17170,de
7660,fr
1413,pt
17179,af
13188,tr
5552,de
7161,id
16523,pt
5157,pt
12759,nl
8828,tr
7278,de
10674,de
4443,af
5160,it
10100,en
15413,fr
6181,af
3207,de
1547,it
10444,es
4638,de
11164,en
1940,id
3550,tr
6059,af
13592,fr
3330,en
4058,fr
6268,tr
16693,sv
16438,fr
11570,pt
2320,es
3280,nl
14648,en
11802,pt
4966,tl
7693,it
13513,es
3146,af
8107,sv
15358,es
15777,id
15276,tl
6496,sv
10678,en
16082,pt
16146,af
15765,pt
393,tl
11162,tl
2030,en
11238,it
16296,id
5468,id
8043,nl
14475,af
6926,tl
14762,es
2773,af
10655,en
16375,es
8498,de
3761,nl
2927,tl
8474,sv
7966,fr
9053,nl
10256,id
2812,nl
3401,en
864,sv
2203,tr
15181,af
7100,sv
4516,sv
15345,af
14879,fr
2548,tl
7073,tl
12558,id
3522,it
3566,fr
1994,es
6025,pt
5201,nl
16280,sv
15998,fr
4377,en
443,tr
6069,de
3829,en
14530,it
219,pt
6288,it
15731,it
8553,tl
1803,fr
10206,de
4780,tr
7455,sv
10177,fr
16158,pt
12442,pt
4547,nl
7662,de
16995,tl
13348,nl
4376,es
7266,tr
4081,it
4854,fr
10350,pt
14026,fr
15789,de
15271,tl
8791,id
17015,it
2035,tr
9912,es
5952,es
15187,tr
665,de
5396,de
15906,es
10224,it
17179,es
4043,sv
4813,tl
11296,fr
16911,af
16406,nl
8469,af
2387,pt
4266,es
16930,es
781,nl
564,id
12213,af
3306,id
322,es
5370,tl
15796,it
13102,id
2679,pt
7918,sv
11612,it
1156,af
6201,id
14838,de
6077,tl
15399,en
5318,it
2207,id
10772,tl
13907,fr
13926,tr
10808,nl
5568,sv
11029,sv
17020,it
2205,de
393,en
16717,tr
13221,pt
8939,tr
14268,pt
5278,es
5198,es
13926,de
7500,nl
2868,nl
8056,it
11720,en
9632,it
7844,tr
1913,tl
5919,af
15200,tl
2085,de
9270,tl
16151,fr
6446,af
14648,it
1144,nl
10812,nl
15513,es
11162,fr
16098,fr
796,en
3386,en
6041,sv
14884,af
5370,de
10220,fr
680,af
10077,id
7122,tr
2753,fr
5475,nl
16455,en
16320,es
6725,en
4189,id
585,nl
10827,tl
8107,es
14354,nl
10263,en
4689,it
1719,es
5378,tl
9844,de
4319,af
16780,af
7292,sv
6761,tl
4236,tr
6615,tr
9107,de
14658,af
11085,af
7718,pt
6617,tl
5611,id
5475,it
2965,pt
286,fr
4439,en
14444,tr
1061,nl
16361,tr
10132,de
3522,id
1760,sv
2704,de
3096,es
6366,tl
4116,de
8822,fr
9768,id
16523,en
7189,id
4992,id
12961,de
1594,nl
2035,en
6295,it
832,tl
10855,nl
12817,fr
6304,pt
6902,sv
5611,it
13685,de
14700,fr
7654,en
16280,tr
7039,en
5813,af
2113,de
14044,fr
1904,tr
4638,en
16916,es
1449,fr
16624,it
3323,af
2512,af
7567,tr
6041,id
8762,nl
1266,it
1093,es
1191,es
15708,it
13639,pt
11270,tr
1804,tr
1511,tl
12008,de
9568,sv
11259,it
15847,it
13310,en
7319,tl
2733,es
7894,tl
10296,it
5813,sv
3213,sv
2263,tl
16148,it
16956,es
10365,fr
6708,it
5501,de
13685,it
668,id
16317,af
8410,pt
8904,de
16668,id
2975,en
5017,es
12469,af
8570,sv
14661,tl
9011,nl
11947,it
3624,fr
3513,de
15777,af
625,es
12838,es
13984,nl
10031,pt
15039,id
6024,es
15109,tl
14370,af
3554,es
9976,tl
15686,es
6402,de
11424,en
11270,tl
8559,pt
15387,it
3894,tl
726,tl
10843,id
11215,it
13197,it
16320,id
8469,en
158,tr
61,pt
13439,id
10679,id
3993,id
5917,tr
4272,af
9909,tr
3447,af
1071,tr
12182,it
10097,es
15225,pt
3686,it
1400,nl
7878,fr
10853,sv
7258,es
2336,id
6025,af
6405,it
1144,sv
15275,it
4121,fr
4178,it
13927,af
4887,es
8129,nl
14648,de
14189,es
10462,es
385,es
6288,es
7258,it
13798,it
14817,fr
3138,sv
150,fr
4618,en
12104,de
914,es
13907,nl
6959,en
16183,nl
16624,es
6201,fr
15815,pt
11409,fr
13175,pt
14268,af
5321,en
3167,it
219,es
9198,it
11607,af
13172,nl
158,tl
7000,pt
13206,fr
10366,sv
2775,tr
15672,it
14323,en
4653,pt
7741,fr
2983,es
5341,it
13252,tr
7531,sv
15039,de
13934,af
2591,id
6726,nl
10286,pt
1264,it
11616,de
14767,sv
11525,tr
7598,it
8914,sv
11474,fr
3513,pt
3204,af
10786,en
4909,de
9940,af
5579,id
3911,it
14214,af
7690,it
7751,tr
1666,af
3098,tr
11168,tr
451,en
16353,es
6118,de
5009,tl
16609,en
13318,af
15983,tl
3408,af
5017,af
9952,fr
9197,af
8431,af
4189,tl
16888,pt
11862,en
0,de
6370,tl
11296,tl
2605,es
10346,en
2354,tl
3426,id
426,sv
2917,es
5997,tl
9402,nl
17179,id
14453,nl
9902,en
5122,it
4654,nl
6083,id
11612,en
13473,af
3441,nl
16048,nl
1458,fr
16467,pt
5554,es
13491,tl
2615,en
1489,es
508,tr
1683,en
7087,id
6064,en
8410,en
6181,id
2165,fr
15655,it
576,tl
5116,id
1351,de
1692,es
14029,tr
608,nl
2890,id
17115,es
12511,tr
10513,en
12581,de
8394,af
6073,fr
2588,en
7778,de
4554,en
14368,en
10957,pt
7978,en
9380,id
7289,sv
6561,nl
8651,nl
14933,fr
6806,sv
14190,pt
5330,fr
15155,fr
4544,id
13223,fr
1318,fr
15185,de
16801,af
9707,nl
14792,sv
3039,de
14928,fr
11628,af
1191,sv
9761,tr
10355,tl
4271,id
1318,en
2594,it
6410,de
3386,pt
13636,af
10898,nl
4953,fr
9674,fr
15413,it
9689,sv
10832,es
10319,en
329,it
9103,af
1581,pt
861,nl
3253,de
17020,en
10523,it
9909,fr
15560,it
16098,id
9030,pt
10970,tr
9871,tl
17052,sv
9942,id
6694,id
1646,en
15635,tr
13363,af
178,es
10655,af
3486,id
8294,pt
12537,en
3886,nl
2551,en
8119,sv
508,sv
11353,fr
16165,pt
13177,de
10786,pt
8276,es
9720,tl
10338,af
14838,af
13199,tl
4712,tl
951,tl
6860,tr
16028,tl
437,sv
16892,de
4244,tr
9291,de
4217,nl
11250,en
15454,id
9918,tr
12856,nl
8888,en
12289,es
7080,fr
5158,nl
17143,it
11204,es
13513,en
11954,de
1108,de
12073,sv
5196,id
17107,en
11417,tr
7467,id
13758,tr
4347,it
8631,nl
1474,it
4346,tl
15280,en
14142,tl
2174,id
11705,fr
15413,tl
3606,id
1872,af
6643,es
2265,sv
4921,de
4313,tl
9694,it
13567,de
7258,id
4712,es
16930,sv
14684,af
10792,it
7004,es
15904,pt
9236,tl
16148,de
6967,es
14096,sv
1924,fr
4081,af
9651,nl
10563,tl
4955,af
1148,af
11987,tl
10927,nl
2113,id
7455,tl
1993,pt
13215,nl
8795,es
11180,sv
9620,fr
17156,tr
2230,en
7966,tl
10268,es
11915,tl
13215,id
4516,es
15995,pt
7294,en
6710,tl
16532,en
16712,it
1941,tr
11322,af
3298,de
5600,tl
11525,tl
765,sv
6616,af
4988,tl
6268,de
9853,id
6301,es
201,tl
9059,nl
1554,id
16075,es
15592,es
27,it
10756,it
3330,de
9629,tl
14101,es
14170,en
5552,pt
5985,en
2798,it
12553,de
10846,pt
9341,tr
16961,de
8666,pt
13934,it
2962,id
17015,pt
14147,af
9301,tl
5370,en
7693,en
11636,tr
9216,sv
16890,sv
8033,es
9732,af
9438,tr
9930,fr
14239,de
6457,af
9942,pt
13223,es
15199,id
5318,id
15828,id
9895,fr
426,en
10851,fr
13607,tr
768,id
3433,fr
1594,de
9979,es
1156,nl
2309,pt
8100,tl
8771,it
16459,en
8769,pt
1547,tr
1483,af
15181,fr
8230,it
11744,de
5611,en
13986,sv
5307,id
13927,tr
5318,af
6077,af
13318,es
13625,id
12608,af
6424,tl
5433,de
9875,de
12354,id
11665,pt
6322,fr
8300,nl
9506,tl
3774,pt
7955,en
5301,tr
15055,tl
6623,it
15208,es
7946,tl
16814,tr
10268,en
9317,id
7496,it
12051,sv
3447,nl
3326,sv
9592,af
15399,pt
3883,pt
1425,tr
3911,tr
10338,de
14549,de
12710,pt
3550,sv
5691,tl
8148,en
219,tl
5557,tl
7531,nl
9364,fr
13192,af
17111,id
8856,de
8453,id
1158,en
14457,es
779,tl
16711,nl
15557,nl
5552,af
2206,it
7889,en
16799,id
6388,de
5176,sv
132,id
7004,nl
4881,sv
16401,fr
9402,sv
3590,es
7980,pt
10427,de
13154,tr
13524,tr
14437,sv
10898,it
17111,af
12051,en
10760,tr
8043,af
6643,de
914,it
6856,af
185,tl
5837,en
1374,tr
3775,it
11678,de
5324,af
13625,af
790,es
10815,af
13694,de
8056,id
560,fr
8347,nl
16613,fr
4461,pt
6994,af
16410,tr
13303,pt
15548,sv
2062,fr
612,pt
5570,tl
1575,it
8107,fr
7980,de
1238,sv
17135,nl
10846,sv
14653,sv
1581,af
16317,tl
15311,en
12707,fr
11636,id
6431,tr
7100,en
13175,tr
6582,tr
2206,nl
14453,tl
13616,en
8570,nl
15587,af
5635,af
14762,pt
11442,fr
15225,fr
3433,pt
2168,sv
8260,af
3124,sv
8916,it
11612,pt
10936,de
5732,tr
15721,de
11451,tl
9175,id
3734,nl
4461,tl
15155,id
1413,it
5856,nl
4662,tr
1516,fr
12098,nl
3785,tr
14163,tr
14567,tr
59,it
174,it
8165,tl
1547,nl
9601,tl
16672,it
1144,en
17147,tl
4400,de
11782,id
13766,af
10427,fr
7851,af
1870,en
13188,es
10049,af
15137,en
2780,tr
11999,af
12908,nl
9912,pt
12166,tl
9637,tr
5611,de
16733,en
15626,sv
9408,tl
9678,tr
9601,de
1379,en
9897,de
3725,en
5501,tl
7993,id
4391,nl
6382,tl
8230,af
13124,en
13966,af
11999,en
1655,tr
9284,tr
128,en
2075,tl
13318,de
185,af
17075,fr
8535,fr
15556,pt
4909,af
16729,pt
2350,es
15563,tl
790,nl
997,pt
4136,en
14884,pt
16703,id
6550,af
9707,af
12856,tr
15693,tl
13459,sv
14170,nl
15402,pt
9054,it
11215,es
10164,es
9149,id
16693,it
7570,sv
6376,es
15382,de
1160,it
4121,es
4831,nl
14601,sv
5245,sv
11858,pt
3614,de
10150,nl
13907,it
290,es
15348,nl
5658,af
3883,de
11340,en
14481,tr
16373,de
612,sv
15906,id
16038,sv
8033,tl
2203,af
13717,es
12245,id
862,id
2016,fr
16669,en
11024,id
6572,tl
7278,nl
10563,de
4121,tr
1449,sv
15672,pt
7565,es
10048,pt
15109,fr
16100,fr
9761,fr
10565,id
16523,id
10381,pt
15229,af
1180,sv
12537,pt
15304,tr
6891,id
2551,af
6600,af
506,en
3447,de
1400,tr
13064,tl
10931,nl
11490,fr
7449,sv
7980,nl
15731,sv
3489,nl
9269,tl
15933,fr
12672,en
8,tr
12339,id
17135,it
3631,es
3598,sv
13762,en
11279,es
4174,de
10915,id
16583,tl
15402,nl
14817,en
15185,es
14762,sv
15358,tr
3960,id
15546,sv
5611,sv
128,af
14189,tr
11328,sv
3911,fr
7916,sv
10319,pt
5245,id
4547,de
8300,tr
11643,af
13297,nl
4212,tl
16880,sv
3864,en
5131,nl
5026,nl
6243,tl
5823,pt
4347,id
1904,de
5812,es
10156,id
2438,sv
17142,tl
10678,nl
1121,es
974,es
1401,fr
250,sv
15304,es
9305,id
1301,af
5683,pt
16275,it
16148,tl
997,fr
15409,de
2564,it
1551,it
6127,fr
13460,tl
12905,fr
4992,nl
6023,tr
5219,id
4001,pt
6129,tl
14342,es
2985,fr
9212,tr
5160,tl
3714,id
7185,id
506,de
4710,id
9637,es
5997,fr
15789,af
6980,it
3098,fr
7449,it
13206,pt
13035,id
50,id
1352,id
8653,it
5948,tl
1715,id
10471,pt
10513,af
7956,sv
412,es
15413,af
10738,es
12802,en
590,af
15445,en
4502,sv
14615,pt
9718,es
11376,tr
2921,es
7463,fr
4249,af
11361,pt
12051,pt
14475,it
8562,tl
11418,nl
13283,it
14083,af
8442,it
3212,nl
608,fr
7870,fr
5611,af
6060,nl
299,es
16938,de
3280,sv
11685,tl
6083,tl
14071,it
5307,tl
10256,en
1318,es
4887,fr
13685,af
14015,id
13823,es
168,en
334,tr
7891,tl
3178,pt
14368,id
263,tl
783,es
3886,it
8125,nl
17143,tr
11427,af
11157,af
6294,sv
15138,af
8880,sv
7000,nl
6174,af
12469,nl
12873,it
17042,es
9767,id
7061,pt
7774,tl
8914,af
6682,en
12291,tr
3967,en
15092,en
15276,it
13758,sv
4580,it
2167,es
2959,nl
6366,de
9651,tr
16148,nl
9943,en
4084,nl
730,en
15187,id
15841,tr
16518,pt
1072,tr
15321,pt
389,tl
11286,es
6964,en
13575,tl
14933,id
13288,id
8496,af
3785,id
15387,af
4121,pt
1144,id
16183,af
12473,nl
14601,de
3605,pt
4043,it
1924,tr
588,nl
11969,es
7461,de
4232,nl
4247,tr
8782,id
4224,af
14889,sv
16506,nl
7293,af
424,id
10442,fr
9827,nl
16470,nl
2094,af
4436,es
843,it
6034,af
8948,fr
6151,id
1870,nl
7539,af
962,tl
10824,es
4112,af
14418,en
10288,id
702,es
71,tl
944,nl
9569,pt
16401,en
12308,it
10285,fr
9107,tr
15942,af
14601,es
2927,sv
12245,af
15982,tr
11678,es
11335,pt
7662,en
9237,tr
3864,tl
8498,fr
4183,tl
5820,de
3694,tl
10171,tl
6417,en
1098,nl
9718,tr
2512,it
16406,es
14382,af
4334,pt
4154,tr
1786,pt
2146,de
443,id
4826,it
9107,tl
14395,sv
4547,fr
12824,pt
13619,fr
13115,tl
5465,fr
3114,es
7542,pt
10954,it
15708,en
2403,id
12883,fr
15561,tl
10996,pt
17170,pt
12724,sv
6077,de
4254,de
1804,tl
767,en
13023,pt
13744,tr
4601,es
9225,tr
13717,af
9976,id
7539,tl
8968,tl
4692,tr
4496,sv
10171,sv
8116,tl
16668,nl
7266,af
5970,it
4232,de
7712,de
16698,it
3674,af
11125,tl
2283,sv
1301,fr
16052,nl
6902,fr
16622,tr
2733,fr
7219,sv
8992,de
9254,it
2146,en
11125,it
2365,sv
11841,pt
540,de
4930,en
12986,sv
11922,fr
10848,es
9175,tl
15225,id
16713,af
13524,es
8640,fr
12004,pt
16356,sv
15208,id
1639,pt
11345,it
5722,fr
17051,de
14154,sv
2560,pt
5552,nl
10512,pt
9059,en
7711,id
4186,es
14544,id
2801,id
5085,id
14347,tl
6372,sv
1120,pt
2451,nl
15402,de
6293,af
1630,en
8116,pt
12008,en
296,id
486,es
4024,tl
9520,tr
2311,tr
2146,tl
13222,en
15513,tr
15676,it
8882,es
12537,tl
15706,tl
17111,es
6064,tr
2354,fr
6473,tl
5297,af
14684,it
13580,fr
9341,es
15647,id
10981,it
1658,fr
7836,tl
8960,tl
14429,pt
1160,tr
412,fr
2816,id
12961,tl
5318,nl
8058,es
6973,pt
11437,fr
3117,it
14877,fr
8916,sv
4361,es
3907,sv
15213,de
864,de
13706,en
10760,id
7894,it
16880,pt
843,es
6288,en
16471,pt
15311,id
7450,nl
12532,nl
4174,fr
12693,es
16583,fr
8387,sv
9301,en
13552,tr
4104,en
16052,de
3883,tr
8880,fr
189,af
8415,id
8300,sv
7981,sv
11681,af
15587,en
9979,sv
15387,id
11174,es
10023,en
3320,nl
4187,fr
14505,id
9225,it
11141,nl
428,tl
7025,nl
7199,es
3995,nl
6500,fr
2588,fr
14096,en
4086,fr
668,pt
2610,id
4013,it
8498,af
5199,af
14243,af
13666,pt
355,id
5339,de
7966,id
13546,af
10166,en
4247,pt
9380,nl
6438,en
3124,es
14683,sv
15231,pt
5043,de
4589,de
1683,it
10217,en
8043,tl
7098,tr
1509,en
16178,pt
16151,en
10970,en
8868,af
9114,tr
4189,af
7751,pt
11075,sv
3295,nl
7664,tl
11424,es
13714,en
3400,de
5678,es
6496,nl
15095,tr
5615,en
59,es
31,es
9700,en
10985,es
8426,it
6229,es
3460,it
6789,tl
4361,id
3714,pt
4449,fr
6411,en
2386,tr
3829,sv
1098,fr
6403,it
168,tr
884,af
10076,de
2551,es
16698,es
7970,tl
8672,tr
5544,id
10471,en
15280,tl
14917,fr
6891,it
9632,fr
12409,en
11633,de
80,tl
27,id
1489,pt
10846,es
14449,tr
9827,id
7196,sv
5970,es
14661,pt
11529,af
6282,en
6582,es
2721,en
8204,pt
9961,id
1372,en
150,es
1547,pt
13101,af
16975,tr
1677,it
4001,en
15271,sv
7712,nl
10493,tr
635,de
4496,tr
9384,nl
4882,tr
9554,de
14933,de
3543,nl
3742,en
15598,en
6891,af
14958,sv
6301,af
14268,nl
11554,de
8975,id
4930,pt
7199,id
1351,en
5529,fr
4178,tr
13370,en
13616,id
16693,es
14622,af
5501,it
9640,it
13780,es
411,de
3852,id
8570,en
3222,es
10982,af
8904,es
12329,de
1933,es
14539,de
14382,id
10501,sv
1830,nl
8261,pt
10093,es
12367,nl
13516,tl
2296,id
6682,pt
11678,it
397,nl
2164,id
9074,es
8631,id
7026,sv
15402,sv
5062,fr
296,es
1542,af
297,fr
11067,tr
4347,tr
2082,es
1786,nl
15546,id
6789,es
1440,es
9691,de
15296,es
12982,nl
5270,sv
9471,it
10699,sv
5578,de
11286,nl
8390,en
11257,es
10957,nl
2965,af
4112,es
9341,fr
11417,en
3834,fr
5600,af
5321,sv
2163,af
15983,es
8248,tr
6229,nl
10027,sv
1784,fr
297,nl
2798,nl
5465,it
5103,es
12813,tl
11186,tl
12392,fr
11340,af
2798,fr
7557,it
10772,de
7768,it
2082,nl
5433,es
13575,it
6962,af
14283,en
7046,pt
9851,en
11700,es
7185,es
11706,af
2205,id
5134,nl
2030,de
5198,it
5902,en
5688,fr
5014,pt
4982,de
14958,tl
15656,en
8494,af
8670,nl
2959,en
13124,fr
16749,id
6402,nl
12329,it
3829,tl
16166,fr
7774,de
2690,tl
15994,tr
7061,es
10640,it
15966,pt
61,sv
10786,af
10858,fr
15998,it
4084,it
220,nl
3128,af
10640,tl
13927,it
527,tr
11141,it
16535,it
16712,pt
6670,it
11770,tl
10979,tl
6542,pt
15413,id
10571,tr
10909,pt
11959,pt
4463,de
10038,fr
14963,id
16276,es
1510,tr
4662,sv
1750,id
5757,tr
7820,nl
16375,nl
14395,de
590,fr
9380,pt
2560,en
14891,tr
14757,id
5279,sv
17054,en
8916,id
12473,af
11318,de
15809,sv
12166,it
6059,id
11098,tl
5074,af
263,en
1993,tl
1318,af
9269,tr
6073,es
7262,fr
10049,sv
4439,tl
11959,de
14306,sv
46,tl
10828,af
2542,fr
14761,fr
3321,de
5176,de
5966,en
1127,id
5902,af
13858,af
9275,it
1866,pt
11174,tr
6410,sv
11460,de
6670,pt
15124,en
7596,sv
8825,tr
14189,id
9591,de
4125,nl
14117,fr
3,id
14585,tr
9931,tl
13115,id
7666,pt
317,de
14272,tr
3702,af
783,pt
2551,sv
362,pt
3398,es
3117,sv
3029,pt
10317,en
17111,tr
7224,de
6177,sv
10285,it
8107,it
11628,sv
15966,tl
9707,es
12453,de
13124,tr
1808,it
16765,en
13150,sv
430,fr
15187,tl
8206,tr
9519,en
397,en
14063,af
5930,es
1404,de
6485,de
5016,it
4848,pt
10843,es
13774,af
10150,af
2283,it
1549,nl
16399,tl
13929,it
8579,af
15382,tl
15880,en
12381,af
12402,pt
10674,tr
3096,id
3614,tl
10673,en
27,tl
9316,af
10731,fr
13494,tr
102,nl
14995,tr
9691,nl
16713,id
15661,de
10355,fr
9384,id
1249,id
8765,pt
13521,tr
9619,sv
14926,pt
12281,af
6290,sv
16765,fr
14101,id
6980,fr
15503,en
12963,sv
5439,id
5229,id
8978,fr
5157,af
11644,it
14891,sv
59,tr
8990,af
6147,nl
8140,de
5623,en
14926,de
17019,id
9554,af
14370,de
4026,id
6517,pt
5578,it
14347,sv
9187,de
13078,en
7565,de
9107,af
10350,tl
8,fr
11349,sv
5103,id
281,fr
15957,es
6069,tr
1832,it
3008,en
12905,de
12073,fr
15880,fr
5332,de
8260,es
4132,en
7767,sv
1589,pt
5953,nl
14101,sv
870,nl
11782,tr
8345,af
9895,it
9896,fr
3481,it
16838,id
7209,es
1047,af
4452,nl
4377,fr
2812,it
10132,fr
3349,en
4671,af
2330,pt
15825,tr
1760,pt
7100,de
16780,tr
7113,sv
2160,it
486,de
3614,en
3542,id
14690,tr
399,id
2168,id
10366,fr
3320,fr
8882,tr
3213,en
7927,en
197,nl
3204,fr
11610,en
10673,tl
6221,pt
4043,pt
5196,it
11157,de
16098,pt
506,af
12866,nl
102,tl
15359,nl
11409,id
6267,tl
11296,es
1030,tr
16956,tl
1176,nl
15700,it
14859,pt
9053,pt
9746,tl
14370,sv
14356,en
13175,fr
10399,fr
5413,id
16672,tr
11536,fr
665,tl
16506,id
11053,af
7196,tl
10738,de
7908,en
5721,pt
366,nl
1636,fr
5414,sv
8667,en
897,af
14700,en
8107,pt
16467,nl
14138,de
15765,tr
1123,es
12961,tr
8496,en
9528,fr
13554,tr
16589,es
12789,nl
4957,af
13666,it
6301,pt
2605,de
2717,af
16165,fr
2591,pt
7892,it
16385,en
12233,pt
11744,it
8004,pt
11341,tl
4391,es
4336,id
4486,sv
4305,de
9986,sv
220,it
14770,pt
11427,sv
5577,en
2434,sv
6594,nl
7820,id
8182,es
1474,fr
14029,id
16248,en
10442,id
10636,sv
10590,id
15548,de
3116,tr
16399,pt
16049,pt
8732,fr
8967,it
14356,es
4874,fr
16072,es
16183,en
2591,sv
3222,af
7889,es
5047,tl
11536,en
12582,it
124,pt
15546,de
5497,pt
10440,id
931,tr
7151,nl
4913,de
5118,nl
1671,sv
1191,en
254,tr
6561,pt
10080,af
8404,id
6850,tr
5339,tl
3812,fr
13464,nl
9940,it
17095,id
11067,af
2432,nl
13754,es
6878,fr
17143,en
1247,it
9528,af
4482,nl
4249,en
2927,es
6304,sv
14925,tr
12098,af
10513,it
16729,es
5552,it
13858,fr
3771,id
8568,pt
2296,tl
15548,pt
10339,it
1527,nl
3441,tr
3398,sv
16801,tr
6178,sv
292,id
13348,en
7499,af
680,en
13693,tl
4077,en
13758,nl
4659,af
7820,af
13255,tl
11827,it
7870,es
9095,fr
4173,fr
360,it
4998,af
5697,es
4212,it
4710,en
14889,id
11502,tr
9955,af
12722,fr
4618,es
7152,pt
263,it
4090,af
4461,es
1862,tl
6134,id
11085,tl
14253,de
8453,it
13330,af
9669,de
7978,tl
13853,af
7278,tl
3734,fr
2322,id
12856,af
15133,en
14268,en
4391,en
6909,sv
14228,af
13982,af
9881,fr
1993,af
7890,tl
10525,it
1924,af
11026,af
8426,tl
6643,sv
7751,id
10756,fr
16624,pt
8320,id
8732,tr
12851,it
6701,tr
15326,id
827,af
7046,tl
8336,pt
2812,tr
15137,fr
8731,tr
5158,de
14792,en
10497,id
6516,sv
10996,de
12802,sv
11744,sv
6013,de
13693,fr
8110,es
14592,fr
16730,id
4692,fr
10621,id
1671,en
5219,es
13513,af
6064,tl
10317,de
3835,tl
11166,tr
7194,en
7751,es
8765,af
3586,de
8868,es
9438,it
6353,en
8294,tr
4376,nl
10497,pt
14981,nl
8767,fr
4305,en
3774,es
5970,tl
6964,es
2566,it
8415,nl
369,es
944,fr
16275,nl
11442,af
10150,id
3674,id
8204,de
6542,nl
5062,es
10206,id
14820,pt
12436,nl
13619,tl
6710,it
1993,id
9941,sv
3595,af
5813,es
10853,es
7520,tl
2315,es
13984,tr
14700,it
5074,id
1156,en
12745,id
11186,tr
424,en
9316,nl
6268,fr
16201,sv
13439,nl
10093,it
12869,tl
6495,fr
9061,af
279,af
2007,pt
16151,nl
14367,af
1833,sv
555,it
6061,it
86,tl
4236,es
804,sv
17107,tr
11920,fr
9895,id
13188,sv
1750,fr
10433,it
1677,tr
5301,es
8880,pt
10570,pt
3542,de
11174,de
2434,tr
14973,es
15703,pt
7152,af
12339,sv
15444,nl
15815,af
4048,tr
10760,sv
3205,en
4982,pt
6220,fr
5292,nl
15565,en
5009,pt
1336,de
15321,de
16496,pt
9931,af
5579,af
11177,nl
9619,en
1622,de
1266,af
15177,sv
2082,pt
10600,nl
11987,fr
3276,tl
9592,fr
12104,sv
12745,nl
9617,id
1191,id
14029,it
9269,fr
8056,tr
2309,fr
5118,sv
14406,nl
11318,en
651,af
15010,nl
89,pt
1794,it
9362,pt
14958,af
6582,nl
9202,es
15401,id
4216,it
10824,tl
10061,id
1546,es
11845,en
3995,sv
6621,sv
6129,nl
16461,id
7152,nl
15957,sv
10090,es
16072,de
6015,en
2777,pt
4813,pt
5128,de
9317,tr
10577,fr
3775,en
1043,en
10226,en
16851,pt
9545,af
177,nl
7879,sv
16384,it
15010,af
8073,tl
17090,nl
5727,tl
15789,tl
3683,en
10339,id
2166,en
13618,nl
11340,it
16630,fr
4712,de
4985,pt
9640,id
11947,tr
6101,de
7499,sv
11455,af
14939,fr
5497,de
1982,en
3037,sv
8670,tl
7556,fr
2057,tl
7609,tr
3401,nl
6034,tr
1160,af
0,fr
9986,tr
9851,tl
12329,pt
4838,pt
1252,sv
4992,en
8570,es
11459,nl
8541,de
17015,sv
10276,en
7946,id
4313,af
4482,id
10851,af
14025,af
8782,en
1812,nl
11124,sv
15399,id
6331,tl
391,tl
441,de
12452,nl
2498,tl
9121,tr
9110,af
4809,es
8449,de
3513,af
8977,pt
11914,pt
10790,af
16158,it
12961,pt
16178,tr
2531,tl
16975,nl
4882,pt
13616,tr
4491,tl
17051,fr
14001,nl
5225,tr
3723,tr
11536,af
13043,fr
9327,af
17147,id
16694,tr
8967,pt
13340,es
16589,af
8029,es
14653,tr
3096,de
9640,pt
6720,tr
3960,de
15518,tl
5198,en
334,fr
3205,de
1812,fr
10119,en
16280,tl
9591,es
9569,es
1759,tl
13986,es
1872,id
178,nl
11773,it
5570,pt
9955,es
7613,fr
14063,pt
15670,en
12689,id
13122,id
10696,fr
10217,tl
3305,en
8182,it
13552,pt
14859,tr
10100,de
3306,es
15092,es
9896,id
2721,tl
14179,de
16353,sv
2322,pt
11860,en
12402,tl
12908,tr
16733,nl
12073,nl
12607,en
16589,en
4412,sv
11257,en
15095,af
15020,sv
1807,sv
16729,tl
1607,af
4544,en
10076,es
5219,sv
14622,es
6073,tl
15785,es
8442,nl
12235,pt
8453,pt
15094,nl
3406,af
2615,es
16701,sv
6376,tl
4024,fr
15815,tl
4248,nl
6288,de
16098,nl
3329,nl
5051,tr
7993,af
9303,nl
6746,af
16593,id
4268,en
9137,de
8129,af
3398,tr
12951,tl
11189,tr
14044,pt
16096,es
16225,nl
16627,fr
12293,it
3995,es
897,fr
1666,sv
10099,it
427,en
14229,en
6850,pt
6118,tr
6575,tl
15487,en
14545,en
15794,sv
9305,it
16005,pt
4073,tl
5038,de
9720,af
1072,de
13693,it
2548,af
17136,tl
16028,pt
3623,de
5578,af
2412,fr
5573,nl
16375,pt
17023,nl
1176,af
12473,pt
9943,tr
1144,tl
15948,fr
9909,pt
8679,id
12264,tr
7014,tr
4377,de
1374,pt
5410,id
967,fr
1084,tr
1266,tr
6055,fr
1093,fr
12813,fr
10776,en
8466,tl
3434,sv
5481,sv
14071,es
8912,it
9592,tr
16772,nl
12824,id
6744,it
15963,sv
2178,en
3606,tl
360,de
9363,tr
4013,nl
4355,af
15676,es
11862,fr
9994,fr
8449,tr
10442,it
5732,tl
13717,tl
15337,sv
11266,it
13966,tl
13177,pt
13206,nl
7570,tr
10990,en
6403,en
10565,es
3228,sv
11081,sv
9305,nl
7194,pt
6615,af
2334,id
15399,nl
5930,nl
7087,de
9707,de
940,id
9594,sv
13554,nl
4145,id
16627,af
4659,pt
3554,id
7863,sv
897,de
4502,de
8985,de
484,de
13984,fr
8674,nl
4673,tl
11189,en
2795,it
10743,it
15672,es
14564,sv
16103,es
15094,en
13607,tl
7061,tl
13762,tr
8585,de
2995,pt
15942,fr
10970,fr
4241,it
7567,fr
11026,it
16002,tr
6370,it
5614,en
7876,tr
4186,tr
12634,sv
1635,es
4896,es
9014,sv
6623,tl
8044,de
5433,tr
12817,it
12366,fr
14228,tr
12607,pt
9061,de
4121,en
16318,de
7397,tr
9568,tl
12685,it
11920,de
16266,nl
16956,af
2447,it
5037,es
11341,sv
6663,pt
8925,tl
2258,pt
3205,sv
12256,tr
14684,nl
7061,tr
12558,tr
15444,de
9941,it
4917,nl
14323,sv
6014,pt
13101,tr
10080,nl
1527,sv
10804,pt
11279,de
4290,en
16698,tr
10125,tl
7711,de
2906,de
7955,tr
12070,en
3734,it
9856,pt
3276,it
494,pt
8906,tr
8300,fr
9035,af
8110,id
9014,af
12511,es
8116,tr
10687,sv
5974,fr
1509,id
2164,de
11916,pt
5974,es
6045,es
3507,tr
7000,en
9361,es
11341,pt
1294,en
6928,tr
1803,af
8430,tl
1759,en
5014,de
2931,sv
10451,sv
969,de
15553,sv
11023,tl
6713,sv
8453,fr
12289,af
13035,pt
10381,en
10825,id
397,es
258,pt
6014,fr
10990,tl
17020,nl
10985,tr
15276,pt
6213,it
7557,es
10081,nl
7549,tl
10099,es
16314,it
11172,id
12244,af
1630,pt
7628,de
4355,tl
3886,sv
10346,nl
2203,es
15503,pt
1427,de
8868,id
14011,sv
7087,it
10770,nl
10579,en
9851,id
10260,de
12951,es
9182,pt
1630,tl
608,sv
5131,es
11024,fr
1692,id
13222,de
4587,tr
7080,it
6596,af
861,de
12986,de
15829,id
17081,de
15298,sv
9254,sv
8925,af
3543,fr
3077,af
3694,sv
9212,sv
16851,tl
182,tl
1778,af
2220,tr
8653,es
11798,es
5531,es
533,de
6469,de
9124,pt
8029,pt
4362,sv
5250,af
17019,de
8289,tr
9943,it
14317,af
8442,fr
6061,tl
1803,id
8867,pt
14306,pt
10217,fr
11802,es
12392,de
14071,id
4702,sv
6178,fr
3117,pt
10621,tr
14150,it
9691,id
426,fr
2960,nl
13592,pt
6980,af
5229,af
17142,de
5196,tr
5243,fr
5955,tr
8119,pt
2098,en
14981,pt
9438,pt
13689,fr
9352,nl
16146,nl
12532,fr
12446,nl
4672,fr
4248,de
7467,en
430,id
6708,en
2985,es
12162,pt
13197,es
2773,pt
7664,it
16103,sv
171,nl
2057,af
1715,es
9011,af
4017,it
9554,tr
16777,id
6559,tr
15703,nl
9103,id
13298,id
11582,de
4491,pt
15062,it
8035,sv
2975,af
2753,pt
6937,it
13546,id
15857,af
2497,id
6015,it
397,tl
11598,es
16711,de
16872,id
15296,fr
4966,es
1581,es
9772,tl
1098,af
16947,de
10577,es
2165,de
15849,fr
14241,es
13383,af
3809,es
10107,tl
4232,es
1372,de
15138,id
319,es
16518,de
5590,sv
576,sv
11644,tr
10216,tr
7549,fr
7194,tr
9565,tl
12291,nl
7499,tl
3098,sv
407,id
11733,fr
14995,af
13252,en
1063,id
1683,es
4689,id
16163,nl
7843,tl
9856,id
14150,es
10352,id
4966,tr
13172,id
2167,nl
8414,it
7266,id
13023,it
6229,tl
10403,it
8125,tl
11695,pt
10770,it
14787,tr
6593,en
9815,pt
6683,tr
7971,en
5948,es
494,fr
4174,it
12233,af
686,de
7380,fr
1516,af
14690,af
1533,tr
4461,en
6694,es
11529,sv
5339,fr
17135,af
13688,nl
6385,af
169,sv
11424,af
4809,af
13346,id
14228,fr
4174,sv
15983,id
16413,tr
2412,id
7565,sv
16916,en
10755,tr
80,es
9175,de
9015,tl
7455,it
15200,es
10503,sv
13491,id
8366,nl
16846,de
8553,id
9976,de
2960,id
6034,fr
8358,af
8004,es
11459,tl
9956,pt
13552,af
5697,en
4960,it
10038,tr
10319,es
2781,fr
12339,tr
12294,tr
8466,sv
16166,tr
15348,af
6402,pt
2733,sv
9408,de
17113,pt
4253,tl
1467,it
6575,en
8320,es
3695,nl
17054,nl
11959,sv
12745,en
967,af
11483,sv
14933,nl
12436,sv
5204,id
10077,nl
6353,it
3193,fr
17043,es
13679,fr
12468,sv
2812,de
10206,sv
16713,tr
6424,de
9986,en
1756,sv
14033,fr
15635,nl
12245,de
8670,it
5615,tl
8635,sv
3568,fr
2780,nl
7380,af
11778,tl
9601,pt
10077,tl
15731,en
10214,fr
17081,id
7152,tl
3264,nl
843,sv
12366,de
12839,de
2703,es
50,fr
7762,pt
5623,nl
13625,sv
11664,es
1759,sv
15296,tr
13175,tl
7922,af
5427,nl
1249,es
13798,nl
3174,nl
4854,nl
6575,de
5996,id
9330,sv
9364,sv
2965,fr
12281,tr
1630,tr
16178,af
8771,nl
767,nl
12532,tl
10812,fr
12951,pt
8762,fr
296,it
15213,fr
13099,it
15693,it
3295,fr
7100,id
11024,it
6077,pt
13888,en
16717,sv
17157,fr
10430,tl
9059,tr
781,tr
7889,nl
3031,sv
9851,it
4001,tr
16589,nl
8430,tr
4266,nl
7287,en
3213,af
2163,tl
1803,en
5040,af
6836,af
6322,af
17069,fr
8767,id
1264,tl
4803,en
3207,sv
1533,en
16791,tl
11270,es
16168,sv
9976,en
1065,af
6710,nl
3686,es
3723,it
5261,id
6014,it
220,en
12293,es
7966,sv
16273,pt
2351,it
997,tr
1862,en
2840,tl
7168,af
12972,pt
3118,tl
14015,fr
7524,id
10355,tr
12908,tl
1121,tl
1692,it
4554,tr
12008,es
6103,id
1756,de
936,tr
9768,de
9651,fr
13188,id
5688,tl
7319,nl
7565,af
296,nl
11969,tl
9380,tr
16437,id
7563,en
14504,fr
16710,de
16652,id
7196,tr
4217,es
13178,it
4712,pt
6050,pt
14117,es
10171,af
6083,nl
10673,it
9942,nl
6446,fr
9952,it
15839,de
14622,it
3631,id
15094,sv
6575,tr
15849,pt
1452,it
12800,tr
10893,fr
3700,af
16883,id
8413,it
4125,tr
14126,de
10381,tr
11664,nl
441,pt
16529,id
3581,tl
3554,tr
494,en
14246,pt
4121,tl
3762,en
59,sv
86,de
12473,it
8731,it
6562,af
3671,it
12383,es
16733,af
635,fr
6433,af
1940,tl
15998,nl
920,en
12537,it
9182,nl
6958,pt
4217,tl
7141,it
12797,tl
1276,en
12987,af
4784,sv
1090,es
11839,af
6650,nl
2703,pt
4492,de
3669,tr
12392,tr
3337,tl
7609,fr
10427,it
1352,pt
2733,pt
16532,id
14605,fr
8516,es
7890,it
6559,id
1308,en
12548,sv
16989,sv
426,af
10119,id
17054,es
2206,es
13740,af
201,es
12189,pt
5082,it
14367,tl
5871,pt
12558,af
12160,af
13934,id
5134,pt
12813,es
15763,id
1336,fr
12189,tl
3433,en
8694,af
1546,de
14879,id
12675,de
8284,nl
3101,it
16320,tl
13607,pt
11529,nl
15138,pt
1547,tl
16911,es
15911,it
4601,af
5820,pt
14040,af
9323,id
6485,it
1703,id
4933,tl
3387,tl
1812,id
13888,sv
7660,pt
15249,af
4024,id
16630,de
6268,en
3306,sv
2201,pt
8916,nl
16148,fr
6557,en
1047,id
17111,it
5051,de
2167,de
5640,tr
5243,sv
11582,it
8781,it
11437,id
3253,sv
790,sv
13312,tr
15670,es
6431,nl
8631,it
6403,af
4236,tl
6615,tl
428,en
527,it
1811,de
10753,nl
8055,es
2545,tr
2868,tr
5082,sv
15618,pt
14891,en
726,af
12468,de
3779,af
10985,tl
14339,id
6432,id
11554,id
5365,tl
412,id
11261,en
6438,de
6438,tr
15736,tr
3513,en
14412,de
15655,fr
4871,sv
258,en
11426,id
4174,es
10323,it
14457,it
15318,af
3714,en
14597,nl
6181,en
6672,de
7080,nl
3167,af
730,it
13744,nl
10577,de
7892,tr
13340,id
8853,af
8469,tr
8948,sv
250,id
16749,en
8774,it
10501,it
11634,pt
4201,es
14683,en
14348,it
5427,it
9767,tr
14442,it
11174,id
6014,tl
14608,de
17098,nl
5127,nl
9014,pt
4361,tr
10687,en
9857,it
17042,it
16956,en
16221,tl
1575,nl
3167,id
5497,en
1191,tl
16399,sv
10497,en
5410,tr
13796,es
13298,pt
3031,af
12256,fr
3539,de
9301,pt
1677,fr
11911,fr
12604,nl
4309,de
319,pt
13078,pt
7087,en
5347,fr
3330,sv
14118,en
11458,sv
751,tr
14246,nl
7287,sv
2016,de
12343,de
3127,tl
5047,pt
15216,it
10843,fr
8631,fr
13252,es
14306,nl
7953,es
6059,tl
8302,id
4058,de
3117,tl
13717,it
16158,tl
7606,sv
2007,af
2472,tr
7583,it
2207,en
13858,en
11987,sv
168,id
660,en
10053,tl
6295,af
15472,af
6506,tr
13554,de
7450,de
15904,id
14223,sv
6909,pt
13900,pt
14933,sv
16419,id
10621,de
10335,sv
1065,tr
6337,pt
6282,it
11265,af
12873,en
4524,tl
169,nl
11286,it
16766,it
9856,de
7461,en
3980,tr
14011,en
12866,es
8280,pt
16892,sv
1042,af
16532,de
16652,en
11767,it
10731,tr
7355,sv
3167,fr
6134,it
16297,fr
10216,en
10667,en
7199,en
9197,it
8968,pt
8914,tl
182,de
6069,it
14116,tr
1205,nl
13907,sv
10403,tr
3723,id
16052,en
3714,tl
1537,es
9202,tr
14646,af
4376,en
6968,fr
4436,en
15454,fr
13069,en
4309,pt
16532,es
2432,sv
9941,es
16158,en
7981,it
1832,tr
5378,pt
5985,id
7628,en
2795,id
2334,it
16222,id
2917,af
5225,id
15829,it
2903,af
6615,id
11636,tl
4227,es
2220,af
5703,de
3750,en
5703,nl
884,tr
8336,tr
286,tr
11706,de
7232,en
11505,es
15216,af
1127,af
14000,nl
8289,sv
17151,tl
7889,id
1483,nl
13288,en
150,id
4890,tr
15186,fr
6448,sv
4452,sv
17143,af
3,it
7152,de
7567,sv
11286,pt
15651,es
6181,pt
4104,sv
6446,pt
6431,id
5544,fr
7570,en
102,fr
8914,tr
2160,de
14981,af
3146,sv
11125,id
10887,de
13552,sv
17179,nl
1722,nl
15305,tr
103,tr
13460,en
4290,sv
1449,it
8410,fr
5952,id
9795,it
7151,en
7026,id
2336,sv
14912,pt
12343,es
16100,tr
2296,en
3542,tr
3986,af
16501,tr
1594,sv
10462,it
14083,tr
12453,sv
8525,tr
393,pt
13854,tl
9394,tr
12437,it
6411,pt
10640,nl
16170,af
12716,id
2016,es
14241,sv
10538,nl
4702,nl
4241,tr
292,af
4299,id
15841,nl
8642,de
7262,id
8125,de
9363,sv
14330,nl
13908,tr
6434,af
10608,pt
2208,af
6385,sv
317,tl
13774,tr
5196,sv
9857,es
4266,pt
8914,pt
10406,de
15401,es
5127,de
3489,id
9182,sv
10645,pt
9923,id
5365,af
5997,id
2085,tl
12252,af
8539,tl
14742,id
2917,nl
11107,pt
11427,nl
1374,tl
14981,tr
5652,id
13252,pt
9568,fr
13513,tr
6147,en
796,af
15635,fr
3543,sv
11259,fr
15796,id
16320,de
4712,it
3080,tr
14684,fr
6650,sv
12261,de
11261,nl
12162,fr
12710,tr
6774,es
16874,en
103,af
5611,fr
441,tr
11303,tl
362,sv
128,de
12873,fr
9726,it
5270,tl
4299,fr
3864,fr
4347,nl
7981,en
8269,de
17151,en
861,tl
399,it
12446,fr
14544,tr
15763,af
12856,es
1808,nl
3819,it
12736,af
5358,en
14995,es
2733,id
13040,af
16529,tl
14023,de
4662,it
3118,fr
5297,es
9601,es
16376,tr
9284,af
14817,tr
2156,it
11914,de
4299,af
4137,fr
974,nl
804,it
6542,fr
13064,nl
12392,af
8539,sv
5985,pt
10442,sv
13330,tr
8280,es
3837,tl
3674,pt
15503,id
12548,de
1377,af
3838,sv
16245,nl
13706,sv
4667,tl
5347,pt
13473,pt
7046,af
5661,sv
11438,pt
6746,en
16880,tr
10915,tr
7774,sv
7993,tr
0,id
5439,de
12802,tr
17136,fr
15634,sv
8939,af
13221,id
9855,de
6337,es
1832,de
12469,sv
6902,en
7000,it
10699,es
10107,nl
5128,pt
4283,sv
4988,tr
3762,de
14879,it
13888,es
3683,af
7528,de
13982,tl
9591,sv
12856,en
10868,nl
1351,af
5614,sv
3590,it
10895,nl
8390,de
10759,en
10166,it
2906,es
13639,en
6503,pt
13412,af
10743,tr
27,de
14429,af
4560,pt
11029,en
2225,fr
3507,pt
10171,es
944,af
11376,tl
9896,sv
7889,af
14994,sv
9930,id
16627,sv
16907,tr
870,af
1794,fr
2156,id
17116,fr
3174,it
16467,tl
10462,tr
10853,id
15467,pt
3193,tr
12779,tl
10757,nl
4673,de
10755,nl
11322,nl
1870,fr
12779,nl
6967,tl
7194,it
9149,nl
7295,en
15275,tr
10824,af
14253,id
12436,es
16385,pt
9153,de
9754,af
10684,fr
10038,de
8033,it
9291,nl
5970,nl
100,tr
12366,en
15200,id
6646,sv
4772,pt
3,en
3444,tr
11782,tl
2384,tr
5671,it
1158,tl
261,tr
5204,sv
6897,tl
4040,af
7919,sv
3883,tl
16048,fr
16874,id
13684,en
7778,it
5196,es
14246,sv
15448,fr
668,it
837,en
13592,tr
4241,nl
4784,af
12008,af
590,sv
475,en
13172,fr
15700,tr
11546,it
11839,pt
15966,it
16780,fr
4837,sv
4130,en
14767,en
6500,af
456,tr
8990,tl
11081,it
14891,tl
6248,nl
7863,tl
281,nl
891,es
12161,fr
12866,fr
7209,tl
13361,de
15185,pt
3434,tr
2035,af
1960,es
12873,es
12835,fr
5413,es
379,de
1413,af
15721,es
6958,tr
13140,fr
3127,en
13411,pt
6353,pt
407,tl
442,nl
15849,es
8079,en
12166,af
16096,en
8140,id
4428,sv
6129,af
5552,id
4930,sv
12413,pt
9871,fr
3413,tr
6147,es
428,de
12582,af
614,it
16719,tl
8358,es
9943,es
4496,de
8110,sv
1675,it
7946,pt
16813,sv
8498,es
9014,it
15311,af
61,es
11384,fr
5219,nl
13391,it
6013,fr
13521,af
14690,tl
15216,id
11911,tr
9030,af
12235,de
2400,nl
16677,en
5341,af
7686,it
16648,es
9746,sv
3228,en
8119,af
13799,pt
1671,es
5160,es
3128,tr
10825,it
8916,es
14382,pt
17051,es
13400,nl
2711,tl
6561,de
5229,de
3727,tl
11598,af
13283,de
2447,fr
6789,id
12402,es
6181,tr
765,tl
13172,tl
8888,pt
8390,nl
768,pt
11841,de
5198,sv
15109,sv
779,it
15203,es
14701,fr
8520,nl
10858,nl
16273,es
16467,it
11140,es
11483,de
12166,pt
6937,de
1778,fr
9019,it
6918,en
7455,pt
11546,es
5433,af
9323,it
10512,es
4826,id
4166,af
6672,pt
8562,fr
128,tl
11678,tr
4152,it
1084,de
369,af
6151,af
4313,es
13181,es
4001,af
13242,tr
11525,fr
6860,en
5577,nl
5365,id
6593,af
4145,de
8769,tl
16591,tl
5199,es
10213,af
2605,fr
6282,es
16666,nl
10756,en
8358,id
1982,fr
11844,tr
12150,nl
11616,tr
5574,af
13521,es
12235,af
15138,it
11677,sv
508,it
14154,tr
5574,en
16419,fr
668,nl
9237,de
14083,pt
3039,es
9857,nl
8653,tl
15565,nl
12066,af
11306,nl
13758,de
14023,nl
10049,en
13761,id
2651,nl
11427,de
8366,it
16535,fr
6496,af
14549,en
1048,sv
182,it
7891,fr
15994,id
16851,tr
9924,fr
10319,de
14118,es
13854,pt
5127,fr
10645,fr
13823,it
6617,de
11505,de
7461,it
15186,id
15185,nl
12244,tr
2062,tl
11539,nl
8308,tr
4347,fr
8289,pt
13506,en
12308,af
11335,tr
12159,nl
3444,af
1684,de
3762,it
1777,nl
13895,de
14461,it
16427,de
16357,es
5554,pt
6410,en
5727,nl
10027,it
4874,id
315,pt
7970,nl
7559,nl
8474,tl
7117,fr
16758,sv
16353,tl
13693,pt
832,nl
16402,nl
2578,af
3586,pt
6041,de
13348,fr
4077,it
8882,de
85,tr
3474,nl
1811,sv
9471,fr
16961,id
3489,af
14473,it
6902,id
15337,pt
9630,it
11720,it
11376,es
16938,af
4851,de
10247,en
1071,tl
16891,es
9592,id
11861,es
11585,sv
9270,en
4654,en
9930,tl
12264,fr
12844,id
5017,it
11825,fr
796,es
10078,de
7539,es
2512,nl
3819,de
3020,nl
14917,en
7912,tl
8766,sv
15113,it
14648,id
9507,fr
9019,tr
11839,sv
9019,fr
2647,nl
6682,nl
13330,pt
1252,tl
61,en
16427,id
1158,id
827,tl
9976,pt
9330,id
861,af
16361,pt
7189,de
7531,pt
14150,pt
15487,id
12581,en
16911,de
1655,it
11029,nl
14490,es
967,pt
4154,pt
7953,tl
8741,fr
13908,sv
14306,en
6371,pt
15966,af
4614,tl
16955,tl
9103,sv
7563,fr
10451,it
4776,id
15670,pt
3960,af
5475,en
4271,fr
1904,id
4813,sv
17015,tl
2093,af
14414,fr
7141,af
5332,fr
13881,pt
9121,nl
3864,tr
5006,nl
4496,it
14011,tr
11343,tr
1238,en
16406,sv
5568,tl
15459,id
764,af
8846,nl
14169,af
6388,tl
7181,id
6015,sv
3193,es
9112,tr
2160,af
16467,en
219,af
832,id
4201,pt
5358,fr
4168,tr
14564,nl
16120,tr
9107,id
15454,nl
2927,tr
11860,pt
11778,es
6045,de
10931,tl
344,tl
15911,tl
11335,nl
5856,fr
8269,es
13439,it
12634,id
15950,sv
16377,en
10406,fr
15289,id
7287,es
7955,af
1784,id
16791,pt
6617,it
3002,fr
7777,tr
10684,it
1830,it
11186,fr
5286,fr
9885,tr
6515,nl
6410,af
41,af
7697,pt
10027,en
8978,nl
10338,id
2840,it
16282,tr
8904,it
6645,af
897,tr
3566,en
15459,tr
13140,nl
9562,es
1675,tl
7224,af
15056,fr
1090,de
9754,sv
9061,tr
4618,fr
13636,tl
5856,pt
3214,sv
3407,af
15387,de
1594,it
16947,es
7467,nl
2717,pt
16273,it
4798,pt
16245,af
1658,nl
11751,nl
9706,sv
9977,it
10590,en
13283,af
8904,sv
7046,it
5584,id
6366,pt
16888,tr
9187,en
16519,pt
10323,af
379,fr
6764,en
11140,de
12233,nl
16883,it
1120,fr
15880,sv
5026,fr
393,es
6241,tr
13896,tl
10608,sv
468,de
8409,pt
13847,en
15508,fr
1043,es
16438,es
8343,fr
14530,fr
9738,en
5970,tr
8732,nl
6946,en
12252,sv
9275,af
14419,af
2056,tl
17147,it
5966,it
9962,fr
2795,af
6101,en
170,en
11744,tl
5278,it
6892,en
5204,nl
6282,pt
6194,en
14526,tr
4313,id
17170,nl
6103,en
12343,nl
3253,es
12310,nl
5615,id
5017,nl
7693,es
13255,tr
10805,id
3204,it
4155,es
12256,es
2517,it
9438,tl
362,es
12693,en
16974,tl
9323,de
1474,en
348,af
2931,en
3103,pt
4953,en
7718,tr
1511,en
4487,es
14919,nl
6162,sv
7662,pt
15456,id
263,id
14757,fr
424,es
14877,de
31,fr
2271,es
13255,id
4024,sv
5985,tl
281,tl
2441,en
5131,af
13858,sv
6994,en
3936,tl
16781,sv
12536,sv
9524,de
13188,pt
768,tr
1043,it
3606,af
3193,sv
6093,en
843,en
6561,af
2263,de
13690,it
3178,fr
9964,fr
13069,pt
11483,af
14592,tr
15318,en
8269,en
11505,sv
11409,it
1527,af
4874,sv
2062,pt
11426,en
13536,en
189,id
14414,tr
974,pt
9095,sv
8084,tl
9116,sv
2850,de
16974,pt
13895,en
15968,en
8044,nl
8949,id
13069,de
12797,en
15796,af
2234,it
14928,it
3695,en
11932,fr
3516,id
15948,pt
16201,af
3264,sv
15809,tl
15693,nl
8562,sv
6568,fr
12166,en
2432,it
11796,de
12248,sv
16777,fr
10276,fr
12413,es
10090,pt
9301,id
4383,pt
16401,sv
13714,pt
2163,fr
4299,it
11451,es
1904,fr
9270,es
13761,de
10684,tl
8579,tl
2057,fr
7690,tl
5886,sv
3486,fr
3695,fr
9700,tr
2447,tl
2480,de
16266,pt
13303,it
5118,tr
15298,it
5037,af
3669,id
11827,sv
14151,en
9019,es
8967,tr
15296,tl
5475,id
1675,sv
122,en
424,tr
9768,af
3349,it
11778,pt
4554,tl
16873,tr
7879,id
17011,id
5497,tl
8990,id
1639,sv
15970,af
15557,it
9153,sv
4013,pt
456,fr
10970,pt
10538,id
10099,tl
16145,tr
11959,it
12982,de
6064,nl
15094,es
10220,nl
6388,sv
11125,sv
6221,fr
11598,pt
8990,it
2113,nl
7117,af
8029,en
15994,af
6194,pt
6865,pt
10667,id
6293,sv
4443,fr
11451,tr
10216,tl
443,sv
16075,tl
6027,nl
9568,it
219,nl
11483,en
7289,tr
13777,de
11922,id
3671,fr
11343,de
5488,id
12409,tl
12419,id
7570,nl
8165,pt
4362,en
3907,en
1123,fr
7844,tl
2082,af
1300,id
2423,id
11318,sv
11302,tr
10565,pt
10497,es
4391,pt
9187,tr
7292,af
843,fr
5652,af
17116,sv
13798,tr
11514,nl
9943,de
8119,nl
3418,af
12104,tl
14330,it
3060,it
3785,en
6946,tr
6650,pt
12160,pt
6177,id
2795,es
5010,es
16890,en
10503,fr
508,tl
3207,tr
8345,it
7450,pt
8107,en
8302,en
4486,it
16955,sv
12159,tr
13067,tr
6446,sv
10045,sv
5837,it
6926,id
14615,it
4496,es
14644,nl
8125,es
11932,sv
8005,id
14029,tl
16146,tr
11409,en
10455,it
1794,nl
5062,sv
3837,fr
6319,af
13823,id
837,sv
5497,nl
2365,de
9707,tr
3654,tl
10525,nl
17075,de
14315,tr
2146,sv
3434,fr
13982,nl
7569,tr
4171,tr
2198,af
6909,id
10150,it
4048,id
5225,fr
15487,sv
13908,nl
15950,fr
2386,pt
10786,tr
5134,es
10898,af
12536,fr
14214,nl
9632,tr
1593,nl
5627,es
12623,af
16703,pt
16701,pt
11166,pt
11075,nl
169,tl
10999,es
2639,it
8055,af
3714,tr
3205,tl
13616,pt
8079,de
14038,de
7598,fr
11154,en
15181,nl
10718,de
11582,es
437,id
50,pt
9216,nl
451,af
1454,sv
14928,en
9637,sv
8430,af
13074,id
4312,en
6616,tl
15970,it
9095,es
8100,de
14323,pt
12235,it
6708,nl
12818,es
11328,en
14912,id
16873,es
6446,nl
3184,tl
5523,id
14967,en
10570,fr
3146,fr
9506,es
9250,es
13630,it
5037,sv
430,es
8436,it
10276,de
15809,nl
884,fr
13693,en
7185,af
9772,id
1276,es
10655,es
9506,id
10430,fr
15849,tr
2638,nl
11920,en
4189,it
5627,fr
6683,es
15948,nl
3034,de
4247,af
486,af
10667,tr
16955,pt
12745,af
16357,it
12846,nl
15554,fr
14705,es
13135,sv
11368,nl
442,es
14406,sv
11296,nl
864,tr
13391,es
9121,sv
9680,af
14154,fr
9700,it
12367,de
13888,de
15651,de
13639,sv
11845,de
3020,it
660,es
11767,id
6539,es
2812,af
9030,id
3441,de
7768,af
9110,en
2412,tl
1014,nl
940,pt
2903,pt
14792,de
13359,es
16813,en
10893,tr
5812,en
11467,it
14605,pt
5996,fr
10956,es
14342,fr
3771,tl
15849,en
1452,tl
16446,de
5297,en
738,nl
5691,pt
13222,it
6645,sv
6050,nl
14023,fr
15950,nl
12779,af
14449,it
124,tl
1796,af
13630,en
3695,es
17157,tr
2160,tl
10868,sv
2288,sv
2386,af
12608,en
6103,tl
5339,af
8769,en
6268,nl
6744,es
5997,es
6073,it
4988,it
16710,fr
14090,nl
6992,es
16938,en
4667,nl
10846,en
16398,it
726,it
5531,it
16263,en
8681,fr
6382,af
290,sv
5401,sv
1014,tl
5122,en
6268,es
9961,en
6034,en
7380,nl
4692,en
1047,fr
15554,nl
11272,tr
13361,es
6469,tr
4168,nl
7718,af
11612,tr
13929,tl
14597,fr
14465,af
5062,id
151,de
13411,nl
6433,it
9030,de
1449,nl
8781,es
3127,fr
14015,en
11767,nl
132,nl
9678,pt
13342,tr
15280,af
4982,af
1741,pt
2230,fr
11470,af
4081,tl
5573,es
6485,tl
16275,af
2408,pt
10338,tl
3852,de
13689,es
12299,sv
3694,id
286,es
508,pt
16010,tl
15906,af
319,nl
12839,es
10292,de
5038,it
258,sv
3321,tr
4362,tl
14549,pt
15721,pt
8276,de
1151,sv
189,de
379,it
5584,fr
1252,af
10825,es
9676,nl
10451,de
5727,id
15904,de
16402,de
1276,tr
292,fr
10868,af
15736,it
14150,fr
2962,nl
6112,fr
7499,nl
355,tr
10426,en
14308,tl
6901,pt
6798,tl
6431,af
2564,tr
9326,en
6027,tl
15457,fr
4026,en
14967,id
2472,sv
9408,tr
3859,es
11947,nl
2178,it
4780,it
16983,es
11157,en
13604,pt
11610,sv
16056,id
16907,it
4187,de
8907,it
6755,sv
5017,tr
12963,it
16075,de
5593,pt
13554,it
6109,es
443,fr
2035,nl
8426,fr
1318,it
15229,pt
1537,it
10442,af
9793,id
3886,tl
3774,de
5349,de
5707,fr
14874,tr
16983,tl
10213,id
4653,es
7111,it
3779,tl
15849,de
5652,de
13513,id
16501,tl
16010,en
10527,es
15382,fr
2611,en
9640,tl
6290,tr
782,af
5812,sv
13986,it
4606,fr
2721,fr
486,en
6151,it
10076,tr
14457,sv
2423,nl
317,es
17119,en
11839,fr
14874,nl
2271,id
14981,tl
14316,fr
6621,nl
4031,af
10077,it
8631,tl
16613,es
11470,nl
4023,fr
2146,id
12377,it
6243,nl
14015,es
15205,tr
12446,de
10674,nl
6127,de
2451,de
4776,af
7170,tl
15056,de
5341,tl
9964,nl
11162,pt
4587,de
13303,id
13165,tr
9494,it
12814,es
14481,en
12367,it
14442,es
8430,pt
5590,es
1774,en
1374,nl
4319,es
2208,en
10349,sv
13222,tl
726,en
16605,tl
10853,it
4928,de
7025,es
11733,tr
5433,tl
9520,af
15785,en
8366,tl
6405,de
7314,tr
1127,it
16622,pt
1794,af
6147,af
7892,es
8570,id
3098,nl
3433,id
10027,fr
6403,id
4240,fr
14545,pt
2868,tl
8730,fr
10226,tr
8409,tl
9494,id
15532,es
13404,de
14912,es
14620,id
660,tl
14179,nl
16529,fr
16523,fr
15651,sv
10827,id
15982,en
17119,pt
14857,en
9875,en
12581,nl
4224,tl
16163,de
14705,de
5009,tr
8308,it
5871,af
612,tl
3091,de
15825,tl
12723,fr
6289,id
16168,tr
16296,de
14138,af
16399,en
11270,fr
7557,sv
16165,it
6213,de
10927,af
14083,sv
1639,tr
5196,de
5683,sv
15747,it
11664,en
10512,sv
14620,sv
16975,de
17170,af
14306,tl
1796,nl
2351,de
16151,id
6426,id
15401,it
12745,tl
11345,tl
15503,it
11238,af
8345,tl
10853,pt
10790,pt
15271,af
7908,pt
12281,it
10107,pt
10433,es
4084,sv
4913,id
12736,tr
2801,fr
13177,es
16089,af
14355,fr
5062,af
10674,pt
631,it
3214,af
3031,es
12329,nl
11180,pt
5009,sv
8579,es
1719,tl
3915,en
3029,tr
16693,fr
3771,af
10927,tr
3276,en
16354,de
1759,af
2615,id
3326,af
14585,es
6747,pt
4400,pt
590,it
11796,fr
16357,id
9520,id
3543,id
3212,de
14684,es
9651,pt
17157,tl
59,af
6290,fr
3486,sv
15457,sv
7189,pt
7863,fr
1440,de
4992,tl
5158,es
16648,de
2647,af
14761,af
1830,pt
15197,fr
13348,id
9632,es
1007,tl
8107,nl
7463,en
9545,tl
3349,af
177,tr
17075,sv
17170,tr
8466,fr
12618,af
2174,en
1715,tr
16506,de
448,tr
1982,tl
3605,es
13154,sv
9250,tl
11582,pt
1872,pt
11841,nl
17011,tr
9562,en
3034,tl
8035,id
635,es
11695,tr
13895,fr
16859,sv
15337,es
16376,nl
10868,tl
9153,es
11451,fr
8390,tl
897,id
7981,de
11306,en
10812,id
14555,nl
4088,de
9760,nl
6220,es
7055,es
10982,id
15957,de
5671,tl
13690,id
6174,it
8148,id
10579,nl
10055,id
11053,it
2678,en
7993,de
7847,pt
13297,pt
10317,sv
10027,id
2898,sv
12160,id
10399,tl
4088,pt
13717,de
14904,sv
2542,nl
13754,de
15532,af
3774,it
10049,nl
2903,tl
12553,es
9617,tr
5840,tl
11634,fr
1205,fr
16399,tr
16777,tr
11154,tr
5919,es
8559,tl
14355,es
11146,id
6050,af
1639,de
7189,es
14994,id
3124,pt
832,it
10674,af
9187,tl
473,es
13221,tr
2255,fr
5301,sv
3434,it
6517,es
10296,de
12289,it
7219,it
12963,tr
2960,de
4312,af
11141,af
6997,tr
7353,en
1646,fr
5823,en
13040,tl
16591,pt
12905,en
11905,pt
6713,fr
5270,af
3761,af
11140,tl
14473,id
6652,fr
8261,tl
2709,sv
4487,en
7686,es
4249,tl
13361,id
16471,tl
8058,nl
6469,it
15311,it
11664,sv
2573,pt
441,tl
5953,pt
8100,en
9632,sv
790,de
9885,it
1377,pt
9187,pt
2220,nl
3723,en
5243,es
442,de
6815,es
13639,fr
2085,pt
86,nl
6550,fr
11470,id
17043,tl
15350,tl
4443,it
7726,af
10055,en
14306,it
11162,it
14378,tl
10579,es
7152,id
8992,es
3980,es
1924,tl
13548,es
3264,it
14414,en
5198,fr
6041,tl
11366,tr
13705,pt
7025,de
15706,es
1554,tl
11335,id
5593,af
7380,es
8058,tr
15966,es
8079,fr
6325,id
6746,id
14241,pt
2035,pt
2983,af
11125,pt
5131,tr
3474,tl
6744,af
9121,en
9875,nl
13252,af
6469,af
16523,sv
11628,nl
9700,af
15137,de
11238,pt
7971,af
16098,tr
7891,nl
10321,id
8453,af
7463,it
14308,id
2496,pt
12607,es
7628,pt
13694,nl
2156,tl
1160,es
9182,fr
14555,de
11455,de
14539,tl
3771,tr
8635,nl
13221,fr
9316,de
2678,it
15399,tl
10868,pt
8585,en
16082,id
7980,id
10263,sv
6025,it
11844,de
9204,af
8079,pt
8290,tl
9754,tr
11827,af
12814,nl
837,tl
11157,es
8431,tr
13031,en
8261,en
8388,id
12306,es
15809,tr
11453,sv
13473,sv
10996,id
7120,af
14701,id
9457,de
1593,tr
17142,fr
7628,fr
14023,pt
1351,it
944,en
1151,en
9875,es
2174,tr
16974,de
16797,es
7467,af
7870,en
9896,es
6964,tr
16669,de
6074,af
10308,tr
12532,it
9054,de
16995,tr
555,sv
8824,tl
14440,nl
14792,tl
6304,af
5552,es
286,de
2733,nl
11026,nl
1551,nl
1510,es
1537,tl
702,it
8867,tl
8280,tl
4290,es
8058,id
10640,en
6055,pt
12162,es
2917,de
2610,es
1072,fr
10534,it
12722,pt
11969,de
13223,pt
4673,en
5406,es
4838,en
9912,tl
102,en
9237,id
12716,it
8907,id
15350,af
15364,nl
7768,sv
2774,es
8415,es
11616,fr
897,tl
310,tl
8975,pt
9316,en
14223,en
11778,it
9844,af
10323,id
2387,af
310,en
5038,tr
6195,fr
1962,it
15402,en
7664,id
17108,fr
3915,sv
16357,sv
3002,pt
1401,sv
5812,tr
13754,it
14605,it
6806,en
1308,tr
5043,en
7080,tr
4673,pt
2315,pt
8948,id
1594,id
4283,id
6836,id
3418,tl
10893,nl
9406,sv
10097,af
1933,en
6708,de
8914,es
16851,en
4654,es
5433,fr
8741,tr
8058,de
3406,es
16419,nl
7863,en
12835,de
2985,de
1960,en
491,tr
2859,af
7502,it
16563,tl
12710,it
3686,nl
8073,af
4887,pt
6267,fr
1547,id
13035,tr
4116,it
16535,nl
11665,en
8498,nl
14382,sv
13900,af
16677,id
4137,de
7449,tr
10023,es
3037,id
2708,af
8667,tr
9637,pt
2796,en
15200,nl
8535,id
3212,id
10444,pt
4662,pt
9460,id
3669,af
10381,nl
14308,pt
16652,sv
3603,sv
3568,sv
13206,tr
5074,tr
12932,af
1090,en
4928,en
2030,nl
15971,it
7726,id
11705,en
12419,pt
4833,sv
4088,af
8766,en
11920,sv
3503,sv
5721,id
4606,pt
4073,fr
3562,sv
12951,fr
132,en
11954,fr
9678,fr
12437,tl
13521,en
12536,it
15454,it
15382,af
16501,fr
7876,af
15399,tr
14026,tr
6077,fr
13255,fr
14706,tr
2960,it
12999,pt
767,it
9718,tl
2610,af
3870,nl
8856,fr
9074,tl
13986,tl
15828,sv
8868,tl
8,en
4544,tr
16459,pt
3714,af
10848,pt
201,de
6023,en
16583,de
2386,fr
16399,es
2264,pt
16002,en
11685,id
13762,af
15199,it
2146,it
6388,fr
5688,en
16859,en
3516,en
7927,es
14620,fr
10731,nl
11796,en
4132,tr
11250,tl
3600,sv
6331,pt
4247,it
1653,tl
11442,sv
6819,sv
2441,pt
12409,es
11839,it
14705,pt
14539,fr
4614,tr
2026,tr
16398,id
16427,tr
6214,fr
6496,de
11215,sv
15982,af
7711,es
4254,id
5341,de
15721,tr
16049,nl
11839,de
8414,sv
15513,id
182,id
1372,id
10753,pt
9902,sv
9617,es
5279,tl
6014,en
9303,af
3884,pt
14544,es
3562,af
16883,af
7956,pt
10887,tr
3775,fr
6798,tr
451,id
7762,af
10216,id
9651,id
5296,af
1063,sv
1511,id
6118,en
12263,nl
768,it
3695,pt
11554,fr
14746,fr
16263,id
14473,de
11751,tr
12905,id
430,tl
9153,fr
8912,tr
389,en
4086,id
17019,en
5568,tr
15177,id
8541,pt
3669,en
12814,it
15635,de
16120,sv
11932,it
5757,fr
6477,de
10296,tl
14857,id
6267,it
10472,en
15792,es
12817,tl
12066,tl
15318,it
6301,de
10197,tr
89,tr
13863,id
220,pt
4132,pt
14101,fr
5544,af
16314,pt
7151,fr
5635,fr
15828,fr
1546,nl
13762,fr
15963,en
17144,tl
456,de
9718,pt
11871,pt
13186,tr
16183,it
6072,id
764,tr
702,tl
8085,it
16880,id
3361,it
486,nl
15321,tl
738,es
2770,es
14306,af
14912,de
12306,af
14567,tl
16168,tl
4355,it
15298,es
4524,es
16201,nl
7122,it
2206,sv
16846,af
5688,nl
15736,af
3606,de
4058,tl
12930,fr
10072,pt
8888,af
6645,nl
12607,fr
512,pt
7851,fr
1993,fr
10049,pt
16263,tr
827,pt
6410,id
3734,af
13717,en
13536,de
4258,fr
6337,nl
13741,nl
15706,id
6434,tl
8781,de
7316,af
16048,id
1579,it
6402,tr
12073,pt
6997,sv
11515,de
16668,tl
17015,fr
14926,en
14437,fr
11862,tl
9754,id
1533,id
5912,id
11665,tl
13548,sv
10353,tl
16975,es
6633,sv
11215,af
10355,pt
10927,sv
14683,nl
4928,tl
10979,en
14877,af
13684,af
12437,pt
14539,es
14705,it
9768,fr
13383,pt
7004,fr
16648,pt
10825,tl
3566,tr
1904,pt
201,en
2384,nl
3864,pt
13310,nl
15672,sv
6562,tr
12957,nl
10790,it
555,af
14767,pt
15618,fr
5196,af
15289,sv
10753,tr
11844,en
14770,tl
2472,nl
4145,tr
3936,af
13491,sv
14074,it
15113,fr
3098,pt
9317,af
2639,en
14608,id
1960,tr
1428,tl
6059,de
8681,pt
10755,af
16701,de
13077,it
9353,pt
4112,tr
2408,nl
11681,fr
12281,de
15970,tl
9541,af
17111,pt
14053,es
10770,de
8126,tl
14620,es
2414,fr
804,fr
14498,af
9924,es
726,tr
3050,tr
8598,fr
9961,sv
10760,nl
15982,pt
13506,it
16891,de
8867,it
13799,sv
16851,af
2684,it
13997,af
8013,nl
12437,es
16413,fr
9305,es
13069,id
8276,id
608,it
8280,nl
7542,sv
6172,pt
11451,de
2908,it
9341,it
3723,tl
14044,it
1300,fr
540,tl
2423,it
14090,fr
47,it
6909,en
2201,tl
9651,tl
13035,sv
7680,de
9353,de
15472,en
12066,id
4313,tr
1870,es
12127,es
12263,it
16437,es
8029,tl
16717,tl
17042,de
3039,en
13166,sv
9678,en
8553,en
15280,sv
2724,tr
10494,es
7380,tl
8248,fr
11515,id
12604,es
15055,it
13188,it
12468,tr
15829,sv
9291,af
9977,tr
5996,es
12846,af
7730,fr
47,fr
85,sv
7294,pt
5544,en
11515,fr
7902,id
10684,af
3295,pt
15056,id
132,fr
9305,af
2647,pt
344,nl
14526,id
6313,fr
9569,sv
3021,nl
2780,af
1120,de
8415,it
6902,tl
2167,tr
16438,de
3020,af
11920,es
16719,en
15847,en
7836,it
1266,pt
16282,pt
12689,es
1655,tl
1617,de
14354,af
5258,af
6617,af
4767,en
13927,sv
16559,it
5697,de
4614,sv
10678,pt
1774,it
5128,sv
11426,es
4680,en
16276,fr
7542,tr
3116,tl
15213,nl
9110,tr
13722,en
11563,pt
16814,fr
7836,id
5557,de
3364,de
17107,de
16518,es
12866,id
3103,tl
12814,pt
15994,en
4224,tr
15402,af
9116,fr
15672,en
15445,fr
400,fr
12839,id
3762,es
11257,id
16356,pt
2777,it
9620,en
9316,sv
10832,tr
16888,tl
631,de
14461,tr
12452,en
13342,sv
11953,it
11140,pt
14130,tl
2134,it
15399,es
9637,tl
11023,id
16563,fr
10100,sv
7258,fr
1756,es
7767,de
1401,id
11875,nl
3039,af
1256,es
1546,id
13934,de
1777,fr
15298,id
13927,pt
8666,af
4186,nl
10563,en
12838,fr
10430,it
14169,sv
2365,nl
4084,tl
7686,pt
7981,af
3700,sv
13780,nl
12437,af
8782,tr
16666,es
1993,es
4813,fr
10427,pt
10288,it
8404,it
17123,fr
6923,en
5286,de
13283,tr
124,tr
2560,fr
15707,af
10061,sv
5321,pt
8410,es
9519,af
7111,nl
16162,es
2423,tr
3418,nl
9402,af
10031,en
5911,af
9074,it
16096,tl
6039,nl
1093,sv
6575,pt
12469,it
15326,fr
8992,sv
10790,fr
3021,pt
14074,en
6761,pt
7774,id
16402,tl
5732,de
15464,nl
15382,es
15765,sv
11426,sv
3779,sv
14838,id
6325,de
9353,it
15963,es
1527,it
12789,fr
5225,de
4271,pt
2774,pt
14417,it
13895,it
1636,af
3669,fr
8461,tr
150,en
1874,es
8774,tr
6424,sv
3986,it
9250,sv
16082,en
281,tr
2775,pt
13863,tl
11563,id
11798,nl
6013,pt
15849,sv
14317,pt
5085,de
5016,sv
8791,pt
14033,nl
9923,it
6371,nl
11146,tl
4638,nl
14646,id
15983,fr
5996,tl
7467,it
8300,af
3364,es
3486,it
12161,pt
4178,af
14928,id
13604,af
6241,id
9358,de
1831,tr
9030,it
7711,it
12070,fr
2651,af
16049,tr
7919,af
4776,fr
2311,fr
4845,nl
12166,nl
9263,it
14316,nl
3204,id
11628,pt
16075,tr
3444,pt
10125,de
10406,id
12413,en
6789,pt
16693,nl
17179,fr
15203,tr
5578,pt
10563,pt
6937,id
1866,fr
3554,sv
15138,en
861,sv
14170,pt
7450,fr
169,en
8732,tl
6127,pt
11133,fr
10608,en
5026,it
10016,id
10982,en
2234,id
6402,tl
1581,nl
182,pt
13391,pt
13412,it
11177,sv
15448,tr
11650,en
1093,en
16089,id
10588,de
16461,it
11695,af
5552,tl
10858,tl
5911,it
9116,pt
12707,en
2288,nl
4547,es
891,de
15963,nl
13487,tl
11265,en
14154,id
16225,id
16385,af
7918,tr
15205,af
10016,fr
3775,de
182,fr
15731,af
7606,fr
5082,tl
2007,es
14963,pt
4154,sv
1191,fr
12261,fr
9202,sv
5332,id
7570,tl
9019,tl
9341,pt
4040,de
16297,sv
16944,af
15618,id
14179,it
3305,nl
399,af
3631,af
15199,de
2704,tl
3623,es
10455,fr
13907,tr
17043,af
8126,it
7499,id
9380,tl
9577,en
5245,it
17095,pt
10898,es
3029,fr
15231,es
4299,pt
11098,de
9964,id
11867,sv
10099,en
50,tl
5278,sv
10731,it
4994,es
17108,tl
585,tl
4116,tl
4638,tl
8366,tr
10076,en
14063,tl
3077,es
15280,pt
1158,nl
15815,it
3568,id
4104,de
4216,sv
9353,en
14608,en
11023,pt
12189,fr
730,id
5333,en
16529,it
1630,fr
15563,de
16228,af
9402,en
11438,sv
1059,id
6761,it
4560,nl
10718,es
13604,fr
14096,tr
9059,pt
16096,tr
3870,tl
8073,nl
13766,tr
4155,tr
8960,en
8241,tl
15655,sv
3264,af
9694,tr
14891,de
5948,tr
11438,en
6041,fr
9772,tr
2062,tr
13934,fr
1542,id
5688,af
2798,pt
494,nl
14591,en
16438,pt
11959,es
16222,af
15454,en
8948,es
2704,en
5152,pt
1124,tr
9198,tl
2309,id
7216,af
5328,af
16956,sv
14071,nl
15565,it
2975,tl
16589,fr
6457,sv
15205,nl
16229,af
15587,pt
10308,id
17042,tl
10982,nl
6371,id
4125,de
1247,en
5149,en
16763,tr
14787,de
8882,pt
10731,pt
6432,nl
11744,fr
3779,en
14461,pt
6559,it
13043,tr
5465,es
13122,tl
6515,af
16005,fr
6958,sv
6729,af
1351,tr
5578,tr
1542,fr
17042,id
6616,nl
5159,en
8494,de
7662,nl
4376,sv
6129,de
6243,en
3253,id
11953,en
391,it
250,af
14449,nl
14465,fr
8140,tr
4216,tr
9103,tr
16082,tl
12634,es
16131,sv
4601,tl
5229,it
6241,tl
9726,pt
14147,tr
10846,id
12986,en
7751,tl
14348,fr
13895,af
12452,sv
6578,pt
14889,en
16851,sv
6997,id
11681,id
10570,es
10674,id
8904,tl
5157,id
17069,de
6417,de
8958,nl
1425,de
3196,es
10381,fr
1115,en
8269,fr
7946,nl
13854,nl
11146,af
9678,de
5040,es
4084,fr
9962,sv
7693,nl
16944,en
1371,nl
13681,es
7151,pt
2062,en
3214,it
8289,en
9438,sv
5985,es
12051,it
10494,en
11339,nl
14509,id
2496,nl
8413,tl
9528,id
3214,es
10770,en
17054,fr
4659,it
15532,it
15556,tl
7496,sv
14179,id
5930,af
16384,es
10853,af
4560,tl
6431,de
13734,af
15444,en
5615,sv
2753,de
5158,fr
5321,id
2824,id
15777,de
14690,es
4247,es
122,sv
14879,de
10493,it
14555,tr
1108,it
9956,sv
15311,es
7087,es
6305,sv
6865,sv
15598,fr
1108,en
7680,tl
12340,tl
15199,tl
17156,es
389,sv
9095,en
486,tl
15553,nl
12306,it
4826,pt
5134,tl
6539,tl
10339,sv
14163,tl
9270,tr
14857,tl
8674,de
4692,af
411,nl
4560,en
9772,it
7567,tl
4183,en
11554,pt
10105,de
12008,id
3700,de
1474,tr
13546,sv
5524,sv
13411,fr
1794,pt
7026,af
3750,id
1014,tr
15676,tl
3516,sv
10276,id
2801,af
12930,af
15289,es
11987,en
6319,tl
4136,sv
9270,id
7087,fr
17142,sv
7892,pt
9772,nl
10399,de
3401,es
2887,nl
16916,de
3532,es
3124,nl
13412,en
14928,tr
14958,tr
16296,es
13761,es
2957,sv
9284,es
14116,en
16029,af
9651,en
17098,pt
3435,de
702,pt
11942,sv
13823,fr
17090,sv
6426,fr
9408,nl
5635,tl
10031,id
12162,tr
16165,de
1256,sv
1786,fr
11598,fr
7697,id
4104,pt
7843,sv
13907,en
4178,id
11177,it
15994,es
1071,nl
16401,id
10571,id
13404,id
10031,tl
10636,it
13741,en
3960,es
41,en
17052,tr
5201,tr
3886,pt
7768,es
17019,nl
10786,sv
15056,it
16410,nl
2859,en
16501,de
764,en
9269,pt
4589,af
15020,tl
13689,tl
16630,it
8694,en
10757,id
14683,it
2770,tr
9225,id
6322,en
4299,en
8347,de
7355,af
964,tl
8795,pt
6596,en
767,sv
9977,nl
9062,af
4638,fr
13494,tl
8449,nl
3418,tr
6241,it
9156,tr
4547,en
16781,tr
14025,de
8846,sv
100,es
7294,af
13303,es
13359,tr
16221,en
10081,es
10804,nl
2708,nl
4662,de
1061,sv
10433,de
2207,af
5557,id
3306,de
1160,en
15205,de
3118,es
15765,it
7970,es
14859,nl
15055,tr
8828,en
15249,tl
2207,tr
4086,de
10776,fr
9149,es
10696,es
8084,pt
13487,it
8990,de
9494,fr
9726,tr
5524,af
16713,pt
14567,pt
11845,tr
7232,tr
6650,fr
2472,it
6213,en
4241,es
4550,es
14673,it
7970,de
14453,pt
7878,es
16710,pt
16883,tr
1400,it
14115,es
1579,tl
10365,es
1252,fr
7774,tr
11628,tl
6174,pt
9812,pt
1866,it
13722,nl
12844,af
11920,af
6025,nl
2423,es
12413,tr
8631,pt
10508,it
12020,af
389,it
14706,en
10808,de
4290,pt
13984,it
8856,it
11384,en
8857,de
5732,sv
13666,id
3212,tr
8150,es
10292,tr
3980,tl
1630,sv
10538,af
3586,es
6050,tr
13363,pt
936,sv
16024,de
11075,pt
9237,af
9361,fr
13242,es
16642,id
12381,fr
560,sv
7741,id
3605,af
8618,fr
4502,en
16045,af
4224,fr
2271,tr
16975,tl
6720,fr
7596,nl
7844,en
7778,sv
4177,it
1030,tl
11124,fr
4248,pt
8730,af
12070,es
1452,en
7712,sv
3401,af
15321,es
4173,sv
15133,nl
15802,pt
15777,sv
7730,es
8449,es
4173,tr
15721,id
3264,en
1072,af
2351,tl
10738,en
428,id
168,es
2315,tr
936,de
13863,pt
16166,sv
14429,it
6289,es
8251,pt
9321,pt
7774,pt
7654,it
11438,af
9303,de
13819,en
6720,nl
4088,id
1423,nl
4205,pt
12818,fr
5261,tr
4544,tl
11903,tr
10132,it
5131,id
15445,id
11990,id
5103,it
4240,tl
15906,tr
14526,it
13074,de
1684,fr
8013,it
6764,sv
15457,en
10335,en
506,nl
6500,id
11773,nl
15359,af
14355,sv
16438,sv
2679,en
1144,pt
862,nl
9043,sv
10276,tl
11720,tl
651,id
3822,sv
8110,fr
6101,af
11644,af
14658,de
14661,tr
12020,en
4024,es
16248,it
16373,sv
804,tr
2517,en
4436,nl
891,tl
13404,pt
12932,en
8825,sv
10731,af
12430,fr
10217,sv
6617,tr
16624,sv
9361,nl
15732,sv
8598,af
2512,pt
17119,id
8241,pt
1594,af
14564,fr
9323,pt
7662,id
3326,tr
10678,tr
16754,nl
1158,sv
9110,sv
12308,id
2432,es
10260,it
7863,af
8284,id
11257,tr
14038,es
5578,nl
10016,de
4177,nl
13221,nl
13330,id
6221,tl
3077,tr
170,nl
13043,sv
730,sv
15214,tl
6710,de
1252,es
5047,tr
1941,en
8013,en
11911,af
7141,de
13192,es
317,en
3741,sv
1760,de
8631,en
15166,tr
11751,de
15592,sv
3321,tl
1449,af
11825,af
8856,pt
3870,af
10166,af
5550,pt
12607,id
14437,tr
16560,de
11773,id
540,tr
16662,af
1205,es
7122,en
8110,tl
475,sv
11844,it
2225,id
16880,af
6034,es
1653,de
8977,tl
2724,id
4031,it
12607,de
12392,en
7520,nl
9121,tl
4443,sv
11515,af
7044,de
9795,pt
15124,id
11133,en
8055,pt
10171,tr
10645,sv
6072,tr
6213,tr
3077,tl
9924,nl
10868,tr
14015,tl
14668,af
680,nl
12982,tl
16924,en
5955,pt
5823,tl
11990,es
9014,en
11420,pt
10268,fr
16163,af
6293,nl
9043,it
5321,nl
1607,de
6572,id
2566,es
5952,tr
9923,tl
10048,it
10887,nl
5593,it
7690,en
9674,es
1796,tl
16266,fr
9327,en
11180,es
4921,af
6515,tr
14620,tr
13666,de
12846,es
16273,tl
1115,nl
7927,pt
15661,tr
1043,tr
2704,id
1784,tr
10577,tl
2387,id
14412,fr
16356,af
12835,nl
6901,it
12874,nl
15275,es
11322,en
9961,it
5014,tr
3349,nl
6127,en
4930,nl
5014,it
17015,tr
11361,nl
15326,tl
5017,sv
5016,pt
10815,nl
5758,fr
15593,tl
2684,af
5159,pt
8635,es
13074,tr
3546,sv
178,tr
16376,es
10523,nl
9043,tr
7730,id
12582,en
4402,sv
17111,sv
13774,nl
1513,fr
8125,fr
15275,fr
8404,pt
14465,es
15792,it
6936,de
3600,es
15056,tr
3228,af
5475,tr
4917,sv
319,it
6127,tl
8251,tl
12182,tr
13310,it
11914,nl
8907,sv
15216,fr
10125,en
15094,id
13255,en
19,sv
8732,pt
9855,sv
13679,af
1639,it
12452,tr
5411,fr
6516,en
4090,pt
220,fr
3967,sv
4058,pt
6789,af
6720,es
9680,tr
11969,nl
11612,id
12779,sv
2870,fr
1308,nl
5948,sv
7209,id
7583,tl
11107,sv
3204,en
10805,it
6060,sv
16873,de
2711,fr
12693,de
14138,sv
5475,tl
15655,tl
1653,tr
1467,pt
7922,it
2917,fr
14306,de
14564,id
10078,af
16529,pt
12376,sv
6946,pt
4874,es
14116,id
13346,pt
9317,fr
14994,en
7278,es
12838,af
12248,de
3116,fr
9326,af
6578,tr
10132,en
16749,sv
2156,en
16271,it
4017,en
8939,sv
333,sv
13460,pt
6713,de
8562,es
3474,tr
2309,af
9565,es
2258,tr
7878,pt
7844,sv
3864,es
1862,sv
9149,af
12468,fr
10150,fr
13604,nl
6293,es
779,id
11286,id
8948,en
15020,nl
15231,sv
8037,sv
897,pt
15137,pt
2890,it
292,it
1276,nl
10824,nl
12054,nl
11166,tl
16791,sv
11685,fr
11368,id
15592,id
16384,fr
13881,nl
8939,fr
6402,it
10156,nl
14412,id
3986,pt
10954,tr
11417,de
8404,sv
7878,tl
11633,it
11180,id
4336,sv
9812,tl
7122,id
10981,de
17144,it
7878,id
1722,pt
2330,de
9568,nl
13467,af
14179,en
16455,es
12982,af
10927,fr
3819,sv
2890,fr
9107,pt
11633,af
9601,nl
2336,it
15560,tl
333,nl
2412,es
16890,af
3586,sv
11502,tl
2774,en
7767,af
13900,tr
4017,es
220,sv
2220,en
6645,id
3717,af
12127,fr
11140,id
6432,it
13459,tr
11505,it
12846,fr
11426,tl
13178,sv
11459,af
13407,tl
1351,pt
8846,af
9630,de
3819,fr
2174,fr
11081,es
3686,tr
16772,pt
13330,fr
15904,en
10256,fr
4336,tl
8248,de
3837,pt
13907,tl
15756,de
11423,af
1076,tr
782,nl
4443,es
3507,en
12851,id
3683,tl
14981,fr
3364,nl
12710,sv
4090,sv
10571,tl
5557,pt
1059,af
11417,id
9700,nl
281,id
2651,es
15785,tr
3330,tr
2498,sv
3298,sv
12932,tl
15304,sv
3116,sv
11261,es
11267,sv
1551,tr
197,es
16032,fr
7397,fr
9124,nl
7908,fr
8289,es
4362,nl
12814,tr
8520,tr
11932,es
14879,es
11770,es
15402,es
2773,es
13895,nl
11266,en
10687,it
7044,fr
12051,tl
4784,de
6352,en
8453,nl
2315,it
4266,tr
14939,pt
11947,pt
14395,pt
11349,pt
738,sv
8037,es
13172,es
13982,es
16263,sv
8539,en
1777,tl
5279,pt
751,sv
10699,af
8990,es
7726,es
6061,nl
11914,en
2355,nl
10164,af
9875,af
9149,tr
4813,es
5027,es
8085,tl
3606,es
17020,sv
12182,de
761,af
9943,pt
13154,af
5229,tr
11665,fr
826,fr
16353,id
9986,es
4236,it
7567,en
13681,tl
5157,sv
14339,tr
9619,tr
15906,fr
15828,en
5131,sv
651,sv
14378,id
9720,es
9384,fr
4205,tr
6370,pt
13997,tr
1510,nl
14933,pt
9233,de
4799,pt
15124,sv
5650,en
1452,tr
13516,es
4803,af
14838,tr
11157,pt
150,tr
861,it
8251,en
11954,pt
14356,fr
10426,nl
10893,sv
6194,tl
15213,es
14963,nl
5996,it
9250,tr
3554,pt
3838,en
4992,fr
171,id
491,it
2512,de
3329,pt
2093,de
8585,sv
9426,sv
9977,af
14354,sv
4547,tr
6151,fr
9718,de
6331,af
10019,it
1546,it
9961,af
14553,sv
17142,it
4767,tl
9363,nl
16163,fr
3516,af
3727,es
2591,fr
2094,en
2438,pt
1318,tr
7266,de
4654,fr
7975,tr
10353,pt
4402,nl
6774,de
8230,tr
16698,af
999,id
13986,fr
14163,en
10895,af
10045,tl
63,it
7817,id
16221,es
16899,sv
80,af
10494,id
5085,sv
5557,en
10045,id
9689,tr
2237,sv
16668,de
7397,pt
6319,fr
4934,it
6533,af
1401,tl
1413,tr
9112,fr
14316,tl
14096,tl
5339,pt
7993,en
2354,en
5149,pt
7953,tr
6293,fr
11860,nl
16693,tl
15113,es
9153,af
6432,tl
9225,sv
1336,nl
16519,en
11664,tl
4764,sv
8302,de
6319,pt
2512,id
17151,af
2387,it
10349,tl
6371,es
5401,es
8670,id
6618,tl
2588,id
16376,sv
2316,sv
1372,pt
16694,en
10061,tr
8107,af
5579,es
13705,nl
4957,tl
8900,tl
14214,en
7539,en
16271,en
2917,tr
348,it
1202,it
7380,id
8079,tr
9270,de
14874,es
14553,tl
1807,it
4482,tl
10353,tr
5955,af
2801,it
15765,af
12381,pt
16168,pt
1400,pt
13548,tl
1710,sv
9506,af
16622,sv
8404,tr
2026,es
14877,it
2365,en
3184,de
122,id
11546,id
4662,fr
250,pt
3624,id
11554,en
9689,id
7151,it
7531,af
4854,tl
7711,nl
1744,id
4928,fr
15382,sv
1336,en
1995,pt
9124,tl
3091,tl
1722,tl
4436,id
15546,es
3727,de
12212,af
1924,en
2237,pt
16263,fr
14700,sv
14658,es
7353,sv
9363,en
11331,it
9656,sv
2423,af
6897,es
14555,af
11904,sv
8042,pt
12245,fr
16297,tr
7693,tr
10403,id
15216,nl
46,af
14963,fr
10197,en
3700,it
8867,es
14023,sv
13799,fr
783,tl
9408,fr
3031,tr
1607,tr
7927,af
5411,en
8958,de
13074,it
1579,nl
15364,tr
15563,sv
8430,es
6077,id
16873,id
6034,it
6288,af
11720,tr
4988,sv
11279,tr
7628,it
315,fr
15565,af
16694,de
15513,de
10220,es
13177,en
10319,id
14440,de
178,en
14437,tl
17136,es
16225,sv
14564,af
10776,tr
177,de
10808,pt
6774,it
14419,tl
3598,id
1589,sv
3835,fr
11841,sv
16624,tr
16780,en
5149,it
13383,en
11318,es
12908,sv
3213,id
6352,af
6542,af
2962,tl
9062,sv
16754,pt
4174,nl
13681,id
13102,pt
12689,af
15839,es
385,tl
16729,de
14508,pt
17020,tl
11914,it
10164,fr
10352,it
8206,nl
1546,fr
3213,tl
5593,de
16780,nl
2007,it
9204,sv
3175,it
174,de
7730,nl
6959,pt
13819,tl
11502,es
1589,tr
6013,tr
5902,tr
3513,sv
6027,pt
8005,af
14449,pt
1489,tl
13690,es
1300,pt
10338,it
4299,es
3413,de
7140,nl
4673,fr
3222,nl
9971,en
14928,nl
14553,it
15177,es
11361,de
4913,en
5128,id
10357,fr
11384,sv
8568,fr
16318,af
7563,id
3566,tl
15845,en
2164,tr
6434,fr
6856,tr
15289,it
10985,id
7916,it
6353,tr
8781,sv
3492,tl
13706,tr
11180,tr
1833,en
5797,af
6013,es
8888,tl
7680,fr
1483,id
14457,fr
10333,pt
16280,de
3407,nl
15946,es
11990,en
6618,tr
12264,en
7314,it
11490,es
13774,de
16886,tr
4968,en
5017,de
5250,nl
8079,nl
216,tl
7978,de
3127,it
3870,tr
14246,tl
13689,pt
2354,af
89,tl
2056,es
3598,de
15358,nl
10957,fr
9062,it
12722,sv
10338,nl
4654,tr
13074,nl
15634,nl
10078,id
3434,tl
668,tl
15350,en
13124,id
9155,tr
1636,es
9592,es
2338,pt
11303,af
7295,tl
12182,fr
11286,tl
6670,fr
751,de
7666,tr
15610,id
3674,de
8958,sv
1715,tl
4672,tl
17015,nl
11024,es
10023,sv
651,tr
7168,it
391,af
3030,id
8978,de
11796,es
3101,sv
14118,sv
9902,tr
12293,tr
13690,af
14904,es
3590,nl
2711,tr
319,sv
11706,en
5010,it
11368,es
13255,nl
939,it
3435,tl
5614,tl
6477,id
11773,de
6918,pt
588,de
15700,id
9011,it
5201,en
10909,en
15556,nl
10940,tl
14038,it
9384,tr
7013,pt
6241,fr
8769,es
12869,de
13312,af
8056,fr
7000,tr
14683,id
614,es
15056,sv
9691,af
10927,en
7557,fr
9856,tl
8741,it
2166,fr
6722,af
8085,id
11339,af
2296,fr
9457,tl
5578,tl
13854,sv
9591,af
11124,pt
13124,sv
3982,pt
4587,fr
2255,id
1671,tr
6923,es
15987,fr
3982,id
7355,nl
8129,de
12986,tr
16282,en
16056,pt
13666,tr
2207,fr
13099,es
9680,en
8631,de
11845,it
8916,en
11858,af
2423,en
411,es
8762,pt
14130,it
16763,tl
1294,pt
15796,fr
12745,it
124,it
11426,fr
7496,tl
15565,tr
59,pt
9156,sv
11959,tr
7908,nl
4482,sv
12469,de
10805,pt
3623,en
11903,sv
8469,pt
14889,af
9011,en
12846,de
13192,sv
5198,tl
11026,pt
9569,tr
8336,af
10832,en
8541,id
4001,nl
16613,it
2338,it
8914,id
9976,it
2610,pt
8975,de
3080,en
2678,de
7319,fr
9568,de
11265,es
4826,nl
8404,af
6116,tl
8598,id
6352,tr
10979,it
4319,tr
11460,en
9569,af
7919,en
13619,en
9380,de
4362,pt
8413,sv
4767,es
4254,en
4799,de
6177,fr
2265,fr
8867,af
4137,af
13516,af
7044,id
4909,id
13439,sv
2315,en
8570,it
14444,en
1684,it
4449,tl
2164,tl
31,it
16733,tr
3586,id
11953,es
7980,tr
13166,af
7219,id
13974,tr
16518,fr
9772,sv
10696,tl
11563,it
6615,pt
4882,id
5009,af
16763,es
5635,en
16100,de
5930,de
2320,tl
27,es
9275,nl
16883,es
827,it
9237,sv
12402,tr
7654,af
1042,en
6663,it
1630,nl
5258,it
9844,fr
12376,en
14418,tr
15723,id
12150,it
8230,de
5333,es
15137,af
4090,id
14412,tl
9541,es
14889,pt
15968,fr
6243,fr
1474,af
17081,sv
11802,tr
13412,nl
3305,es
3386,fr
14304,fr
16280,id
15777,es
150,nl
3447,fr
7609,tl
4166,fr
6722,sv
11417,tl
8568,tl
8269,af
14701,it
16357,tr
9015,tr
14304,es
220,id
1546,en
10206,tl
9640,fr
12634,tl
3741,tl
999,sv
15553,it
1653,es
1148,id
13067,af
2638,en
11322,es
4048,it
3326,id
8681,sv
4487,nl
13166,it
3447,pt
13986,nl
9620,it
10061,af
7606,tl
7662,fr
2898,fr
10321,nl
1202,en
8449,af
15553,af
412,sv
1653,id
9568,id
2887,de
7293,sv
171,de
13318,id
1217,nl
4268,nl
14117,pt
1379,it
2062,nl
12162,id
9857,tl
15508,pt
11029,tr
5307,nl
6411,id
10508,nl
1120,en
6060,pt
702,id
15789,pt
13288,sv
5590,fr
16924,tl
13688,fr
5707,en
13683,af
4241,sv
11867,nl
2167,af
6322,sv
7902,tl
7232,es
14126,es
4890,es
14228,sv
9902,it
5196,pt
10887,es
1658,tl
7295,pt
11858,nl
13823,tr
3570,fr
4452,de
2225,tr
11916,sv
14272,af
8336,es
10655,it
14015,af
6372,pt
15839,it
3812,pt
7655,pt
17107,it
2605,en
3554,fr
16461,tl
8525,nl
7152,en
441,id
9930,af
2551,fr
16758,fr
8977,tr
1509,fr
3128,id
17151,nl
5270,es
3031,de
8968,nl
6801,de
1941,sv
13494,pt
10909,fr
9303,tl
15857,sv
782,en
4654,tl
7563,sv
12339,es
6902,nl
15075,sv
7808,es
100,fr
17098,af
8241,en
4217,it
10843,de
8672,es
13177,sv
9291,id
9680,es
17005,pt
7768,fr
16024,id
17042,en
15736,id
13464,pt
7563,es
16758,id
5948,en
13741,es
5797,de
10426,it
16221,pt
14253,es
7294,nl
9812,en
15756,tr
4145,en
7199,sv
2816,it
7596,pt
4227,nl
2709,tl
11460,tr
13342,tl
967,en
2322,tr
8585,fr
16501,sv
7946,af
8846,tl
12248,af
15177,en
5966,af
3581,af
5131,en
11700,en
5127,sv
7946,fr
7098,fr
14705,sv
17090,es
12957,sv
8975,sv
15845,es
8165,fr
13547,de
11335,fr
15809,pt
14874,fr
5378,es
8585,tr
4189,de
13592,es
6293,id
11678,pt
9110,it
6243,af
151,af
4653,id
3741,de
13552,en
4272,es
9902,af
13974,it
1533,it
9380,af
10786,it
5050,it
468,sv
5953,tr
13516,pt
12874,fr
2168,af
10755,sv
13288,de
11279,sv
11720,fr
8100,af
12869,tr
11141,de
9909,es
16438,it
5014,nl
9317,es
15275,af
8769,it
15672,nl
939,tr
3444,es
15957,tl
6405,en
2708,tl
7654,id
1796,tr
17116,nl
8949,it
6959,id
6221,nl
13407,tr
9507,it
12019,nl
14995,pt
14684,pt
7219,tr
12004,af
11700,tr
862,tr
16781,pt
9212,it
10440,tl
2094,de
2206,id
7314,en
11616,it
6289,nl
15296,it
14118,fr
4680,id
1832,tl
16938,pt
10832,af
1202,sv
3039,sv
3775,es
9700,tl
10956,af
14228,id
6411,tl
16052,id
5525,id
12932,sv
512,en
8347,es
14382,fr
3859,de
4776,sv
8001,af
12281,nl
8269,it
6288,nl
3911,nl
1719,it
8302,af
14653,nl
10832,fr
12381,nl
11681,it
8767,tl
796,sv
15789,it
15444,af
5468,sv
9881,es
15829,tl
16222,pt
10982,tr
5321,tr
668,af
2480,en
14622,de
13023,id
3,fr
15321,tr
1940,af
512,es
4272,sv
10430,nl
3091,es
4130,sv
4152,id
10247,nl
11459,pt
5159,tl
6672,en
11483,tl
9561,tl
3101,fr
5245,en
6928,de
6289,af
13491,fr
15039,es
4960,tr
1276,af
3723,es
11328,af
2472,es
3101,id
9676,en
8436,tr
4587,en
6061,de
13758,tl
13172,sv
14418,fr
11459,en
14567,id
16131,de
385,pt
5683,af
14465,it
3214,de
12800,it
6503,nl
6014,es
7557,en
11124,id
13895,tl
9321,sv
3408,nl
11744,pt
14228,es
7117,tl
16899,fr
15511,tl
15792,en
2026,nl
16698,de
8308,es
11947,de
10197,pt
3785,es
10743,de
5050,en
12800,pt
1640,sv
13154,it
5671,fr
13222,af
89,de
14442,tl
7654,nl
8782,it
6646,pt
16560,es
13506,pt
16410,es
665,fr
13221,es
11871,it
9015,nl
10979,af
11845,id
17142,af
4084,tr
1741,en
1703,tl
12240,es
9942,de
3516,pt
12951,en
14498,tl
13342,fr
15337,tr
1745,tl
9619,nl
10197,sv
10684,sv
4130,es
8116,id
15200,fr
279,sv
17054,sv
2781,id
13681,de
12553,sv
8414,de
7916,af
182,tr
8413,tr
2098,es
14378,af
13487,nl
6798,en
5757,it
8469,de
2703,fr
10247,tl
14444,es
319,id
13064,id
10577,af
13741,pt
15904,tl
11172,pt
13486,en
6856,es
8126,de
174,af
10302,af
2564,id
13404,tl
7894,nl
2611,sv
5820,id
4073,de
6134,en
6550,it
2965,sv
11335,tl
1071,fr
10815,id
12685,sv
6243,sv
15326,it
14857,de
8795,en
9941,tr
13858,tr
10213,en
5577,id
14101,en
2959,sv
9966,tr
185,sv
7730,it
12409,it
10455,en
16158,de
6593,es
16158,tr
3562,de
14564,en
6378,tr
189,pt
16583,en
11751,it
9971,nl
4580,tr
8402,sv
11085,tr
6789,tr
8846,tr
9691,tr
1636,tl
10655,tr
12710,de
14239,pt
1249,af
4212,en
3138,tr
7098,de
7289,en
1120,nl
9956,it
177,af
1318,pt
15311,nl
2007,id
8251,af
13074,af
9155,tl
6301,tr
6646,af
14214,it
10563,af
6909,tr
6220,sv
6897,id
1993,tr
12851,tr
9902,de
1741,tl
16754,id
4383,fr
12797,it
366,it
5658,id
448,de
10887,it
5122,de
16266,tr
8795,nl
5128,fr
9930,de
3911,tl
5199,it
7655,tr
781,it
286,nl
11438,es
6477,sv
15216,tl
6433,tr
15618,en
11053,fr
2985,it
10462,id
16780,es
13683,es
1084,af
8539,af
6055,en
3280,de
2647,de
71,af
16356,en
15137,nl
3631,nl
9225,fr
6227,af
14339,es
13984,de
9994,es
16005,af
2903,it
5160,sv
13165,it
411,id
8949,tr
9966,id
9943,af
2403,tr
13693,nl
3008,it
14658,fr
3305,sv
4247,tl
10667,de
13102,de
5652,it
16583,es
8525,id
8430,de
7314,es
177,id
10990,id
11706,tl
7955,it
12436,fr
16005,de
15794,tr
2531,af
585,es
3460,sv
6293,it
512,id
13242,tl
4673,tr
9361,af
13363,sv
7120,it
5406,tl
2639,sv
6909,it
3582,de
14115,sv
14461,es
4887,it
11798,fr
15672,fr
9931,pt
2887,tr
1658,de
7055,tl
2527,es
7680,id
3993,en
11349,tr
6403,tl
16765,tr
15321,af
5103,de
914,nl
14544,tl
9284,fr
3570,de
2134,pt
7353,nl
12987,nl
11154,tl
13683,it
397,pt
3532,nl
4837,it
12446,pt
861,tr
3204,nl
448,nl
2205,fr
6946,fr
4928,pt
7609,pt
4567,fr
12446,it
16005,tl
5697,af
13777,en
9594,de
2309,en
6496,es
4248,tr
10276,nl
15032,sv
4452,tr
9956,nl
7291,sv
13705,es
4909,fr
16710,sv
11903,tl
6533,tl
4177,tl
6426,tl
5307,af
12306,fr
16622,es
4482,pt
10756,sv
9155,sv
16201,de
6683,af
2396,pt
7908,af
10455,pt
13473,tl
14315,fr
1511,sv
9236,tr
4845,tr
3614,pt
13983,de
15304,af
9301,tr
16271,pt
9565,pt
10808,fr
12299,en
10827,nl
7912,pt
1741,fr
7966,af
6366,af
132,tl
3305,it
9009,id
13348,af
4854,af
13035,af
4145,af
5131,fr
11633,sv
1123,tl
16470,es
4224,it
1336,tl
2330,tl
614,id
6694,de
1784,af
15464,sv
14308,sv
1256,en
5812,fr
15557,af
6229,de
712,pt
4854,tr
11417,fr
10812,tr
16983,it
17156,sv
10513,pt
6313,it
10125,id
9881,pt
63,es
6663,fr
3398,it
1933,fr
13853,id
1710,en
7531,id
13412,es
625,fr
6516,fr
3305,tr
3222,de
10247,af
15532,de
4831,pt
8148,tl
2890,es
6294,de
16010,es
8182,sv
7847,nl
11585,tl
9853,nl
468,id
2957,it
9317,de
15849,id
13758,af
16050,af
9707,it
7628,id
2316,fr
1071,es
8766,tl
14414,tl
3829,tr
15904,af
3295,sv
11733,af
5427,es
4130,id
10534,de
8888,de
15345,id
14963,sv
12339,af
14179,pt
9943,tl
6229,it
5524,de
16010,pt
9216,af
443,pt
11915,en
15998,id
16145,af
4784,id
8653,en
13348,pt
9956,tr
10220,id
17115,it
761,it
1059,fr
15364,tl
3771,es
11953,tl
13348,it
15444,es
7777,it
16045,sv
15946,tl
13618,tr
9380,fr
15792,af
14475,tl
13467,tr
12789,pt
16648,en
11303,de
1744,nl
3196,de
8001,es
1807,fr
13197,id
540,af
14169,tr
5165,tr
1941,id
3812,tr
2578,fr
9088,es
12797,es
897,es
10851,pt
10352,en
6785,sv
14794,tl
7219,af
6959,tr
16781,es
3550,tl
13516,sv
6013,id
5678,tl
15560,tr
171,tl
10600,tr
14690,fr
15488,de
13630,id
14354,pt
486,fr
16749,fr
14820,sv
5948,de
13361,tl
10077,en
14465,sv
5204,es
15274,nl
13847,af
11536,nl
2564,es
2271,af
12972,it
11812,sv
11904,af
4516,tl
13467,fr
3401,pt
2480,nl
9871,it
4241,tl
8781,id
5529,id
2774,fr
9630,es
6928,pt
14648,fr
14246,id
4589,id
12558,es
8125,id
7004,pt
3060,fr
14241,id
6946,id
12240,sv
15548,it
7266,fr
10513,nl
4026,fr
738,en
16496,nl
7876,pt
6220,de
4871,af
1098,de
6489,en
15229,fr
6928,fr
8990,en
15444,sv
201,af
10534,tr
12264,tl
1924,it
525,tl
4205,id
7209,de
14115,nl
6134,sv
9275,es
11959,nl
13847,id
13283,nl
12532,en
17179,de
16559,en
12716,nl
7971,nl
1090,sv
9175,sv
8653,nl
9494,pt
8165,id
3750,tr
6713,id
319,af
16398,fr
4171,sv
782,id
3426,fr
12453,nl
5026,sv
3686,pt
1043,tl
11798,pt
8888,nl
4442,sv
3570,sv
13486,de
7980,fr
17081,en
1640,af
2438,es
4482,de
11915,es
2914,nl
11987,it
13460,id
12707,de
8672,it
8402,id
12634,pt
4402,it
16375,it
8366,sv
4412,pt
9565,af
10848,tl
6746,tr
15557,pt
1458,de
14316,af
15305,af
6645,es
473,sv
178,tl
15553,es
1715,sv
14648,sv
14272,fr
15845,de
7878,tr
4837,en
10568,es
9116,de
16518,it
7908,tr
12354,tl
3474,af
2573,id
8907,pt
10406,es
6992,tr
11514,fr
11343,it
2414,pt
10503,it
11782,es
9363,fr
827,tr
6732,id
12982,es
6034,nl
4428,id
13855,af
15350,es
4174,tr
8795,tl
9061,nl
15387,sv
9053,af
3426,nl
15966,sv
1655,fr
11302,en
9250,id
4112,nl
8824,af
635,en
6645,pt
10853,en
4244,pt
14762,en
12716,tl
1995,af
4273,pt
15133,it
1994,tr
16245,it
7196,es
10577,en
5917,id
2724,fr
5823,sv
555,nl
6600,fr
15444,pt
9103,es
13681,tr
151,it
15794,it
10076,it
11257,sv
14190,tl
15546,fr
6962,en
7565,it
15229,tr
14838,es
1124,de
7730,pt
17179,sv
12340,it
12468,id
12802,tl
8978,tl
3264,es
14243,fr
10990,es
10523,pt
17119,af
4201,it
4973,fr
13592,de
15225,en
506,pt
46,nl
4798,nl
8474,de
9438,af
4026,pt
3162,nl
12189,id
914,sv
3398,id
1108,pt
12339,tl
15094,pt
2030,pt
6891,es
16648,it
7181,es
4606,de
13717,fr
6682,tl
4662,tl
3146,it
2781,tr
16029,pt
2679,id
7520,en
14243,tr
11546,pt
3695,sv
16245,sv
13982,en
13342,nl
9193,de
4412,fr
2164,af
2588,nl
15828,nl
15274,es
13689,de
7777,fr
16622,id
6643,tl
7808,sv
7185,tr
10843,pt
13411,es
3118,af
3103,de
6568,tr
4290,it
16890,pt
4798,sv
6424,it
7870,pt
12672,sv
8948,pt
13122,de
14154,nl
10938,nl
16535,tl
3809,en
6385,id
10718,tl
7916,id
14317,fr
7919,it
7152,es
8541,es
1440,tl
3174,fr
2075,id
5198,de
1750,es
3982,tl
10825,af
10440,es
13467,nl
11932,nl
6901,sv
4112,de
10090,it
13929,id
7295,tr
9197,sv
7291,pt
8498,it
16916,tr
1904,en
15094,de
11215,tl
15382,pt
9107,sv
14000,tl
6892,sv
9871,af
16886,tl
2679,tr
2566,sv
11420,id
625,pt
10757,de
15092,tl
3295,tl
2225,it
4290,fr
16627,it
14241,de
2578,sv
17148,de
1924,sv
6557,pt
8562,id
15203,de
12264,pt
533,tl
8058,pt
17087,de
15459,af
10940,af
15296,af
8990,sv
14963,af
10125,fr
1072,pt
10023,nl
1808,es
8260,de
11168,pt
533,it
6729,en
15598,tl
13023,nl
7189,tr
16072,pt
1796,id
4244,id
8033,en
8694,id
1071,de
10786,nl
8978,sv
751,af
4550,sv
13855,fr
14044,sv
2780,fr
7196,fr
3723,fr
14101,af
2638,it
4377,nl
9941,pt
10366,tr
6615,nl
16532,af
5433,nl
14323,tl
11585,pt
15345,fr
12835,id
12436,pt
10816,id
4266,it
11024,de
3507,id
3562,nl
2647,it
1811,en
14555,sv
6243,de
185,en
2711,sv
15957,af
11612,fr
7355,tl
11474,it
11636,es
9088,en
2208,id
4780,fr
11273,pt
14163,it
10224,sv
4375,sv
13341,de
4896,id
14444,tl
6923,tr
9912,id
7194,sv
3841,pt
5758,id
6050,sv
10503,nl
6112,pt
8294,it
15747,id
11644,en
9019,af
8635,tr
2542,en
2309,tl
13400,de
13823,nl
16075,id
7726,it
9187,id
8204,fr
9918,pt
0,pt
9275,pt
11700,fr
15187,en
15828,de
5396,af
9902,es
2094,tl
2255,tl
1995,en
14884,fr
13636,es
451,fr
14767,tl
5552,en
3654,de
3982,de
9202,en
14170,it
5722,it
10321,pt
8906,de
11270,it
427,nl
7194,af
6568,tl
10792,nl
3408,fr
7120,de
1575,tr
13854,fr
11529,it
4132,it
11427,es
14115,id
564,es
2638,tl
5134,fr
8431,pt
5627,id
16145,en
486,id
5501,tr
14889,nl
8651,en
6616,tr
2770,sv
7596,af
2165,it
5010,nl
12294,sv
13863,en
8394,es
13346,es
3196,af
8280,id
8769,af
8856,id
14395,es
4309,es
4662,af
6959,fr
16165,tl
2098,id
9116,es
10072,sv
10339,fr
10286,tr
13688,pt
8681,tr
2322,nl
3774,tr
12419,fr
2638,de
7556,id
80,en
13929,fr
4119,id
4638,id
5997,pt
6319,id
15553,tr
16733,fr
4081,en
16438,af
3116,de
686,en
3323,id
16089,it
7117,nl
9254,pt
3779,de
258,fr
14190,sv
8129,tl
9406,tl
5974,it
6959,sv
15933,af
17020,fr
1336,sv
1537,fr
8460,pt
5279,fr
13521,de
1007,nl
2168,pt
16276,af
2840,en
5590,af
16560,tl
3407,id
12329,sv
12604,tl
12121,tl
11266,nl
1247,fr
6980,nl
10931,id
1692,fr
6118,pt
4383,sv
4336,tr
8642,es
261,af
5525,tr
12908,id
13740,nl
2354,it
10308,tl
7690,tr
7170,de
8766,pt
10848,id
15456,en
430,tr
6101,es
14449,fr
1180,tl
6701,de
11453,tl
15796,sv
15703,af
3784,tl
3516,de
8005,fr
10093,af
1510,it
103,id
16627,tr
7013,it
3492,es
5258,de
12634,nl
15963,af
3441,en
826,en
7596,it
2160,sv
6936,fr
15963,id
3838,de
14767,tr
7946,en
9720,tr
14382,tl
13177,tr
2775,en
2330,af
13997,en
14442,de
17090,pt
1336,pt
5820,nl
6034,de
6694,tr
6304,de
1715,it
16729,af
16145,nl
1677,nl
5635,sv
7055,tr
2156,sv
2167,id
10078,fr
10956,nl
6568,sv
8,de
3264,pt
9149,en
9330,tl
11458,en
16974,it
5953,de
2432,pt
13888,pt
7836,en
9562,nl
6646,fr
6024,id
1675,af
10440,nl
6726,en
80,it
16719,de
10790,id
16103,en
8765,tl
14599,it
13871,tl
4606,sv
16276,en
13040,pt
15626,pt
4667,fr
13361,fr
7397,id
4544,sv
12162,af
14308,tr
12999,es
15127,nl
14973,tr
100,sv
13464,it
5919,tr
13192,en
11861,af
12409,pt
6337,tl
962,it
10256,nl
4851,sv
15794,nl
11331,nl
7762,es
14690,it
10430,tr
11911,tl
5721,tr
7844,de
13197,tl
2914,af
7057,de
6801,pt
951,en
15747,tr
7808,fr
1474,pt
6892,id
5525,nl
14661,es
16467,es
9149,fr
16712,id
2263,pt
1061,en
12693,nl
7549,tr
14549,fr
3103,it
3161,nl
10399,it
4173,it
8730,tl
13031,de
4439,it
12104,en
15350,nl
6477,fr
7762,tr
9494,tl
7613,tl
14414,af
9706,de
11476,pt
1866,sv
11081,pt
14981,it
10132,tr
8674,tr
4550,en
15587,id
8882,en
4086,sv
2201,tr
6147,id
1640,en
11067,de
14214,tl
10565,af
7232,it
3212,fr
14116,pt
1123,tr
14417,id
8496,pt
6562,tl
2850,tl
13215,es
3481,tr
14473,en
10090,en
15994,nl
10472,fr
15987,sv
2134,es
10770,pt
3474,de
6069,af
6878,pt
8667,tl
7013,sv
14838,fr
15318,tr
16983,nl
8058,en
7287,de
12693,pt
12818,af
8882,nl
14933,af
15124,es
3295,tr
10197,nl
10090,de
15321,it
9793,es
7502,pt
8260,fr
781,id
4249,de
10503,pt
4130,pt
6618,af
6683,en
12629,en
2206,tl
16890,tl
2965,es
9043,tl
7314,nl
7726,en
5579,tr
4461,af
5671,af
7316,tr
11140,it
6417,nl
5324,tr
6118,nl
2447,sv
11529,de
6166,it
13188,tl
12511,pt
8730,id
1374,fr
2531,en
13863,fr
11270,pt
8260,nl
11177,tr
1778,nl
3321,en
6503,es
5615,nl
14608,sv
15109,id
12383,id
4334,nl
16560,nl
12724,nl
8822,id
8732,es
16282,de
9061,id
527,pt
4058,tr
1653,pt
16282,fr
14023,it
12723,es
12308,sv
16413,es
951,it
5917,en
16899,en
7664,es
15133,tr
3021,it
8276,it
6083,es
5758,tl
4186,en
12442,en
9305,sv
3196,pt
10738,it
8390,id
1449,de
1458,es
4560,id
412,tl
761,fr
16361,id
8857,nl
5127,id
8390,es
4077,tr
494,es
4254,es
13175,id
321,tr
11331,pt
5554,nl
7503,it
16677,af
3605,sv
11172,tl
7524,tr
13077,fr
9853,tr
8516,tr
14877,tl
8414,tr
16052,es
2386,id
11029,tl
16930,de
4896,sv
2082,tl
6517,id
17151,it
319,en
8129,fr
11133,id
8402,nl
11343,en
10621,it
5627,sv
14792,pt
12883,af
5523,fr
12453,af
4428,nl
5481,tl
8188,en
6550,nl
8912,fr
8413,en
14074,de
10687,tl
297,id
15933,id
9053,it
7181,de
9943,nl
1156,de
5856,sv
17051,af
8035,fr
9676,it
14746,de
2026,en
6248,it
3714,it
14706,id
5330,nl
10825,en
15181,id
9629,it
1594,es
8300,de
10333,es
10403,nl
6385,en
10493,nl
389,af
3779,id
430,af
5678,fr
3037,af
14033,pt
484,nl
6127,sv
15610,tr
11215,en
15208,it
6683,it
17005,tr
3175,tr
5856,tr
5261,it
12606,pt
8037,en
5652,tl
10061,tl
9175,en
2914,tr
8541,sv
11773,tl
9669,tr
15274,de
11796,sv
473,en
1913,id
3600,pt
14746,sv
13858,es
5365,en
6785,nl
10353,id
11953,nl
5475,fr
1042,pt
2545,es
15055,pt
13310,id
1047,tr
4272,nl
216,it
11053,id
8248,sv
1151,fr
7293,fr
1061,tl
12339,it
5812,tl
10049,de
1794,de
10759,de
10985,de
13016,pt
15271,fr
15763,en
16662,id
8084,sv
608,en
13552,it
10608,es
11162,tr
16956,fr
5688,sv
11861,fr
15626,af
7113,en
13762,id
13580,pt
16712,sv
41,pt
11932,tl
16765,de
5051,fr
1047,es
3513,es
9263,af
4874,it
3162,it
3513,it
9015,de
12339,nl
14355,id
15508,sv
2085,id
16375,sv
15138,fr
15700,tl
13044,id
6027,tr
2354,pt
1144,af
6027,fr
16535,id
4178,pt
8402,tl
15039,af
46,de
6448,fr
13685,en
13819,fr
3228,es
3884,tr
9194,tl
6559,tl
7531,en
11174,it
1962,fr
7820,tr
13679,de
5074,en
9977,sv
14118,de
3717,en
185,pt
14418,tl
14958,pt
19,af
12800,fr
8461,af
9857,sv
12908,es
14605,nl
8618,sv
6901,fr
14272,it
1047,tl
10333,af
14939,es
13625,es
4966,id
1804,af
9216,id
4680,af
12874,sv
16698,pt
1804,es
9506,tr
15333,fr
2338,fr
8782,tl
15177,pt
13618,sv
16677,fr
3306,tl
10323,fr
14117,de
10738,tl
3386,tr
9460,af
5176,pt
16961,it
6517,en
10696,de
3671,sv
11204,af
7061,af
7073,id
16838,it
5758,de
4171,pt
680,tr
8126,fr
16992,nl
8960,nl
3775,af
6729,de
9204,it
12073,tr
8320,pt
11953,af
8119,tr
4449,it
12675,fr
6600,en
473,tr
2796,fr
10353,es
9216,en
13494,fr
12264,sv
13908,fr
15039,fr
10206,it
8978,pt
13330,it
10590,es
6055,tl
5118,de
7055,en
16624,af
412,it
9193,id
9994,pt
13758,id
6074,de
4874,nl
11798,af
15610,fr
8004,tr
15275,de
297,sv
8741,es
16072,sv
4477,id
14761,es
10055,af
4798,de
9362,fr
2298,id
14508,es
7890,nl
1413,de
17090,en
17005,af
4994,sv
15736,es
2082,fr
15670,it
6682,id
4580,es
2237,es
16956,id
11424,fr
8358,fr
216,tr
12070,pt
6997,nl
4567,sv
14317,de
11423,it
3117,tr
12802,de
4073,id
4547,it
1042,fr
14116,nl
1014,fr
362,tl
8900,af
10590,pt
9853,it
8001,sv
10072,af
14412,af
5640,fr
17052,id
2288,pt
6473,en
11860,tl
2983,en
16024,en
2840,id
3060,es
13847,es
4672,sv
484,pt
7686,af
16052,tl
15448,pt
7262,it
8520,it
16772,id
12548,af
6621,af
2334,fr
4833,fr
10756,af
1252,tr
16995,pt
2615,af
6289,tr
781,af
3167,en
11744,es
7955,id
10696,tr
4799,tl
8916,de
1811,nl
11665,de
13895,pt
6388,af
14347,de
15987,en
4312,nl
13135,en
7039,nl
2870,tr
9562,de
5027,af
4212,es
15062,tr
2777,fr
13400,pt
5116,af
16694,tl
2717,tl
9656,tr
16496,en
15661,fr
2178,nl
14115,de
1759,de
8771,pt
7499,fr
4957,tr
7730,af
12824,tr
2564,pt
9406,tr
4442,tl
14040,nl
8431,de
1510,af
9394,en
14348,pt
10497,nl
12814,tl
4567,de
14354,fr
4183,sv
12419,sv
2704,pt
15039,pt
8035,en
13546,tr
1994,de
2108,id
8294,tl
1794,tr
6962,it
9361,id
11340,sv
10936,tl
15987,tl
15399,af
14243,id
16672,es
3683,sv
6073,en
6403,es
779,en
11081,tl
944,de
10472,sv
11612,af
4026,sv
16100,nl
2264,en
635,sv
1982,sv
14395,fr
391,id
14071,fr
4589,es
10019,de
15467,sv
8907,en
2724,tl
16891,en
5640,sv
8290,pt
4917,en
1144,de
560,tr
13926,id
12813,pt
63,en
1042,sv
3228,tl
9591,pt
9236,en
8541,fr
726,pt
11700,id
730,fr
7289,af
6402,es
9471,af
1811,pt
10957,en
8461,en
12874,it
15825,en
1144,tr
13871,nl
102,pt
5321,af
2198,tl
3503,es
16375,tr
8618,af
3426,tr
13580,it
344,es
5703,es
11987,id
6500,pt
3600,de
11862,nl
1640,tl
5837,pt
2207,sv
13457,tr
891,nl
8990,tr
16437,sv
10406,af
3029,en
1467,en
2591,en
6937,tr
7503,de
3598,tr
14308,en
3174,af
9341,sv
1352,it
13722,it
1115,pt
4152,af
2733,tr
4487,id
8322,af
451,sv
2220,tl
10712,tr
14599,es
7975,pt
16282,nl
1866,tr
14025,tl
14762,de
6652,pt
16890,de
9767,de
2265,de
4125,af
8204,af
7196,id
15618,nl
7098,nl
16178,it
11164,it
9112,es
3400,tr
8460,af
10321,it
15166,it
5930,tr
6559,es
379,sv
15166,tl
6426,tr
9327,es
12004,nl
12468,pt
14243,pt
13222,es
11959,tl
4224,de
2859,tr
13101,it
16446,tl
4253,sv
9853,es
4031,fr
6059,it
5531,pt
12736,id
10319,tr
16271,de
16373,tr
2903,fr
9591,nl
16666,fr
5427,fr
14444,de
5691,id
5370,nl
7549,af
10673,fr
10982,it
12526,sv
7039,es
6378,de
2548,sv
4273,en
9316,es
11942,nl
2496,fr
15187,fr
3912,en
11189,pt
2263,id
4960,sv
5902,tl
15186,tr
635,nl
7266,tl
11455,it
12251,en
14395,id
4680,es
5050,id
2288,tr
11442,es
11678,tl
12254,it
832,es
14317,es
8494,tr
1513,tl
5439,en
6533,tr
13547,af
9438,nl
9406,it
11427,tl
2795,en
6313,tr
17005,fr
1151,af
16535,pt
8782,sv
15890,pt
15113,id
14130,af
3406,nl
6928,tl
2108,pt
8409,tr
13242,id
1061,id
14653,tl
16131,tr
10494,sv
12473,tr
11598,en
12340,en
13688,it
6426,it
2957,tr
5225,tl
8939,tl
10214,nl
2774,id
7980,es
5307,en
2548,es
10893,en
7168,en
11238,fr
10804,fr
6295,tl
5158,af
1862,it
13741,sv
11915,it
12354,de
13178,fr
16880,it
13580,es
12717,pt
19,de
10217,de
15166,fr
16419,tl
9380,es
2796,tr
13067,es
5797,tl
2703,id
6378,fr
3253,en
10909,nl
6313,id
15592,it
1115,it
9640,es
5683,id
14025,es
6015,af
16183,sv
1719,nl
512,sv
10696,it
3812,de
11460,fr
7292,tl
4928,tr
2717,sv
16781,en
10132,pt
10451,es
7820,es
5650,nl
16228,fr
2056,id
4309,af
540,en
12419,nl
13744,en
1047,de
14622,id
13181,fr
15402,tl
11261,de
10105,sv
14243,tl
765,tr
1042,tr
16225,fr
7879,af
1607,sv
1160,tl
5721,de
3785,tl
2679,sv
2824,sv
8653,af
10045,it
8388,nl
8415,sv
6385,nl
1710,fr
4155,id
13341,pt
14370,fr
2166,pt
4116,id
13165,sv
17111,tl
4896,tr
2588,tl
11778,de
15809,en
651,en
5016,es
920,tl
5577,es
10936,id
6059,fr
10097,nl
3228,nl
9977,fr
11987,es
6431,en
14599,af
1076,sv
6994,tr
2108,af
14928,af
14585,sv
7500,af
5974,nl
6195,af
3222,it
1427,id
10016,af
16131,tl
1256,it
4347,de
16317,es
9363,it
10804,af
4921,it
14917,it
258,es
16781,tl
6457,it
16314,nl
5411,es
4173,id
1076,fr
8404,es
15075,fr
17090,de
4966,en
15656,es
10824,en
2412,en
6214,af
3193,de
10019,pt
1640,id
14348,de
11798,en
8535,en
13115,de
1318,nl
9941,af
7098,id
8261,tr
4273,fr
9986,af
15592,tr
6417,sv
8553,tr
14126,tr
5871,en
14767,id
14138,it
17107,id
16712,tr
5245,fr
4654,af
13666,af
6371,en
3116,en
5912,fr
8907,tl
2498,de
16353,de
16624,en
9014,tl
3623,pt
11677,de
5930,tl
6093,sv
4183,de
11331,tl
10804,id
8782,de
2472,pt
14040,tr
13536,af
6227,tl
15113,af
5917,sv
1993,en
7767,nl
9059,sv
2400,fr
16100,it
2798,tl
10150,en
16271,nl
4227,de
8568,af
8732,de
8466,id
11685,es
17115,nl
3162,fr
299,pt
13464,tr
10406,sv
11272,id
9030,nl
12634,en
14074,es
17095,de
2230,es
1247,pt
7655,fr
1579,id
11914,fr
16668,pt
10527,pt
4244,en
14567,sv
279,tl
564,it
10132,tl
5157,tl
14440,fr
11915,sv
7528,af
14229,sv
2423,tl
4960,af
12244,es
13023,af
3167,tr
261,es
10016,pt
5650,sv
0,sv
16559,fr
5318,en
4187,es
16275,tr
6672,af
185,de
11023,es
11954,it
10381,af
4112,id
1072,tl
1156,tr
6337,en
14761,en
15829,fr
1549,de
15994,pt
46,tr
13165,id
7879,nl
7499,pt
2931,it
7258,sv
15707,nl
4145,pt
11265,de
2128,it
8767,tr
12436,de
13536,pt
13761,af
14011,fr
9592,pt
16801,es
7654,pt
12376,id
13310,af
6761,fr
16029,en
3886,fr
1830,es
1904,tl
8977,de
4992,tr
7847,it
4244,sv
16983,pt
4355,de
17144,af
4155,sv
15177,tl
13513,de
2168,de
4125,en
10333,tr
17156,id
7113,de
3207,fr
10954,pt
14653,de
7224,sv
258,de
12873,tr
12252,de
16529,de
9694,sv
10621,es
3568,it
15109,es
13506,id
11505,tl
174,sv
3603,tr
3481,tl
527,es
14378,en
1874,tr
15906,nl
14792,es
15062,es
15561,af
14822,tr
12419,af
9918,af
16886,it
12377,tr
14530,pt
9941,de
527,af
3387,id
2093,tl
3002,id
9263,de
5103,tl
12366,id
13135,tl
11026,fr
804,tl
4253,en
3542,fr
16120,it
6477,tr
5318,de
7189,fr
11844,pt
5245,af
7500,fr
6024,de
12532,pt
5051,id
6172,fr
4710,it
7606,nl
15056,es
216,sv
7655,tl
997,af
16813,fr
2721,sv
9317,nl
2921,id
9062,de
14418,id
964,tr
15789,nl
10182,en
11341,nl
2975,fr
1030,fr
7596,tr
10177,id
12606,fr
4224,pt
13871,en
442,tr
13473,en
1360,pt
185,id
16814,de
13888,fr
8882,tl
5332,pt
3936,it
14414,nl
5678,it
15518,fr
292,tr
6496,it
5413,fr
15966,fr
3407,sv
4492,tr
9651,es
7598,de
5349,fr
3550,en
11643,tl
8977,it
14083,id
14763,af
13754,sv
5727,es
15904,fr
14706,af
5245,tr
1636,it
3444,en
9194,fr
12511,de
10317,nl
9994,de
5797,en
3702,tr
3326,tl
11067,id
9494,de
6162,id
6129,tr
832,pt
16373,en
10579,tl
10712,sv
5568,it
5590,pt
2703,nl
11764,fr
11345,nl
14700,pt
5118,af
7087,sv
12693,af
15138,sv
9362,sv
4048,tl
8585,af
16947,af
6785,tr
4313,nl
6370,sv
10828,nl
15487,de
16892,af
7502,tl
1352,sv
7257,tr
10621,af
4618,tr
12293,id
16446,sv
4449,af
14508,nl
7953,af
9694,pt
9364,nl
4692,sv
8516,de
4560,es
5661,id
8828,tl
10023,tl
10292,fr
1191,tr
870,pt
2775,sv
10931,en
15488,sv
9656,it
2283,af
7025,sv
14857,es
13199,de
1090,pt
10600,fr
9095,tr
15950,pt
11328,id
4048,es
14585,pt
16165,en
8494,sv
3162,pt
4487,sv
11633,nl
767,es
13974,en
12838,en
6860,id
3915,af
8900,nl
3595,de
15127,fr
10655,pt
4205,fr
14838,en
1533,af
10895,tl
2201,en
964,sv
7262,af
12245,en
3021,de
4449,sv
12607,tl
6962,id
14025,pt
14539,id
11685,pt
2255,en
12436,id
13411,it
13618,tl
590,en
12104,fr
6650,de
2578,de
4088,it
17081,es
1108,es
1474,id
7292,pt
14253,sv
8336,en
2384,it
9197,es
3401,tl
2258,nl
16930,af
14530,id
10687,de
13083,de
5157,de
4347,af
16730,en
1276,de
11903,fr
6596,pt
9103,nl
4968,sv
15546,en
3859,id
3841,en
5758,es
8289,fr
5958,fr
12710,fr
11802,af
5358,tl
9138,es
11607,en
9656,es
16955,tr
6670,en
3406,pt
10406,tr
10756,de
12724,af
4442,tr
15963,fr
4116,tr
8347,fr
6181,tl
3725,es
10323,en
10077,af
6433,es
6517,de
13083,en
6594,pt
2679,it
1784,nl
13761,tl
6503,sv
10956,en
8958,af
11871,es
12869,en
31,pt
16947,id
13473,nl
6319,en
6433,tl
14116,tl
441,it
7946,de
12263,tl
1807,id
12446,tl
7189,sv
14026,tl
1176,tr
16096,sv
5176,fr
2780,sv
5703,af
2334,nl
8165,sv
9114,nl
8302,nl
12851,de
2403,tl
10743,es
1803,pt
2174,sv
16506,af
9885,id
7353,af
16974,sv
4994,id
5614,es
8261,fr
10696,id
1076,es
12251,pt
3178,id
7039,af
13580,sv
16992,tr
15311,fr
8496,fr
14673,fr
9460,nl
6593,it
13547,tr
8294,fr
2906,sv
4227,tl
8085,es
13780,tl
16201,it
14029,pt
4125,id
6561,tl
4798,id
11026,es
10996,it
12685,id
5635,de
13340,nl
2711,af
8100,es
17095,af
334,pt
2890,pt
7966,it
13798,en
16361,tl
4913,fr
3413,sv
12685,es
9656,tl
10268,it
7751,de
11180,fr
11303,sv
189,tr
10938,pt
8251,nl
13473,de
15700,en
13693,id
4283,nl
7025,pt
8882,id
936,nl
8857,es
9976,nl
9507,tr
11426,pt
177,it
1913,it
11366,tl
8084,af
334,nl
13689,sv
2639,id
5157,nl
14348,tl
15815,de
14419,fr
12813,de
3982,it
3205,pt
4784,en
6027,id
3590,en
4547,id
10804,en
15271,de
8741,af
11154,fr
9062,nl
16361,es
4154,nl
1807,es
13630,nl
13124,af
10960,pt
5996,af
3146,tr
14564,tr
12263,pt
16593,af
4638,it
299,af
16642,pt
12987,en
12442,id
5671,de
13685,tl
11124,es
4851,af
7080,es
974,en
9827,en
16471,fr
9969,en
15995,en
4073,tr
8774,sv
7140,it
16719,fr
16010,tr
10285,pt
9562,pt
16170,de
355,en
14040,es
2403,de
9680,sv
2201,nl
10640,pt
7774,fr
8769,fr
16049,de
3750,af
9561,es
14981,de
8280,it
3784,pt
4299,de
12452,de
14615,en
4589,en
4121,nl
344,fr
13819,tr
1372,af
6732,af
13974,de
3338,es
12430,af
6633,af
14661,nl
15890,sv
71,de
10072,fr
2960,tl
11827,en
6964,sv
15618,sv
16583,pt
9216,es
3118,nl
11636,it
16851,fr
7851,de
4346,fr
2396,tl
7902,tr
3196,tl
3581,es
15056,af
11267,nl
6973,af
16947,pt
491,id
3539,it
8985,af
1252,it
12813,nl
6294,it
16694,af
5330,de
3586,af
11420,tl
14544,sv
16229,fr
4248,it
12581,tl
7569,en
16890,id
7185,en
16677,pt
15592,pt
8300,en
8150,tr
564,tr
4851,id
13714,tr
10712,id
15010,de
4402,de
2717,nl
3819,en
15387,es
8409,de
11140,af
14096,es
13717,id
3986,sv
10105,nl
355,fr
6353,tl
13754,tl
11270,en
16353,fr
4486,en
3323,tl
12623,tr
178,id
5671,tr
4443,tr
16529,en
2412,it
9969,sv
6623,fr
5813,nl
14138,tl
6897,af
15532,tl
13083,es
3280,af
12932,tr
15721,en
16131,fr
5414,nl
1808,en
9656,en
15845,pt
15280,tr
9669,nl
6294,pt
15802,sv
16947,it
10699,tl
6015,pt
2983,pt
7004,it
3116,es
13908,it
14063,es
2350,tr
9726,fr
15364,de
7496,fr
1607,es
4136,id
4125,es
8466,de
4982,it
1423,tr
16995,sv
16791,de
796,pt
6061,af
254,pt
2035,de
7291,id
10571,it
951,es
9961,nl
7292,id
15554,pt
14746,en
3624,pt
4073,sv
7606,es
10302,nl
15457,tl
11515,pt
12121,nl
13567,es
12869,nl
15075,id
3562,en
3021,en
3546,fr
3037,tr
3700,id
14029,sv
250,fr
10350,nl
4171,nl
15756,sv
16872,es
12256,it
13192,pt
13895,sv
4767,it
2423,pt
15802,nl
13215,de
2703,it
8276,fr
6174,es
4272,tl
9827,sv
3337,en
17135,pt
14553,en
8044,id
4177,sv
11914,tr
5856,tl
7975,es
5948,it
2351,es
11644,nl
7152,sv
14545,nl
13412,id
5414,af
12019,tr
7956,es
12073,de
16050,es
4086,af
5691,de
2774,it
4048,nl
7262,nl
7693,fr
1266,fr
10321,af
6496,id
6267,tr
2085,fr
16532,pt
19,tl
8251,fr
3306,tr
2414,es
13926,en
7039,tr
14449,de
11146,de
10403,sv
1811,af
9856,nl
2336,nl
13766,nl
9457,it
14040,sv
4137,sv
2564,de
14564,it
10494,fr
9568,en
5016,id
4271,it
14163,id
11860,it
7524,af
7257,it
6850,es
3522,pt
11420,fr
11505,pt
7257,id
2057,en
12759,sv
12442,sv
2921,pt
10709,nl
14928,pt
9718,fr
4442,id
4023,en
14414,sv
12452,af
13372,de
12252,id
2288,en
16642,nl
7971,id
8731,sv
9591,fr
9112,tl
3967,pt
940,sv
14622,fr
10206,af
8967,en
1144,es
11270,sv
14904,nl
261,id
4982,id
7559,de
11490,sv
11678,fr
16719,sv
4249,id
6426,de
15127,sv
9394,it
9812,tr
10107,it
6134,af
7039,pt
8035,nl
4439,pt
9592,nl
11085,nl
7844,it
11437,nl
6288,fr
4402,pt
15318,es
10119,tl
1622,af
315,es
16799,tl
2093,tr
15205,tl
13734,tr
5250,de
1760,fr
3378,en
9577,de
14549,tr
2355,it
10471,de
7055,nl
5475,af
15488,af
16032,en
16413,nl
5085,it
6713,tl
13122,nl
9138,af
14354,es
12256,de
16880,nl
3011,tr
12073,tl
14378,nl
9237,tl
15723,fr
15655,es
5358,nl
9961,tr
14083,es
3474,en
2230,sv
16648,id
4838,de
5611,tr
13688,de
1774,tl
6562,it
12256,pt
7946,it
9321,id
1400,en
14283,id
3967,es
13407,id
4620,tl
1123,id
8857,id
11706,it
411,it
11812,id
4606,it
1336,it
7287,af
16296,en
6682,tr
15487,tr
15229,tl
8949,pt
3138,en
14316,sv
14026,nl
2704,tr
12802,fr
7355,fr
14530,es
6968,es
16131,pt
1630,es
5525,sv
13762,sv
1784,de
7293,id
2545,nl
14683,de
9156,de
7355,id
9194,af
16402,fr
86,fr
14967,af
3516,tr
11303,id
15635,it
355,sv
8535,pt
17144,tr
3829,id
15904,es
6578,it
2965,en
2030,tr
4166,sv
14356,id
321,sv
8245,de
1308,sv
9875,sv
5600,pt
1994,fr
7209,sv
15124,fr
4620,fr
15942,en
5688,tr
6457,id
4166,id
12019,it
16560,af
1872,es
7014,tl
11502,de
11782,en
7559,af
124,de
13984,af
5550,it
7598,nl
1372,tl
6201,nl
3193,it
2777,de
14223,tr
6282,nl
5488,es
7224,it
15802,en
11075,id
11841,id
14820,id
1127,tr
7219,tl
1677,en
4217,tr
0,en
7397,nl
7889,pt
9930,es
9457,pt
16624,de
14592,af
843,tl
6974,de
10366,de
2330,sv
15413,en
4186,sv
16038,en
9875,it
169,id
14038,id
614,de
2527,sv
2605,id
5958,es
14701,pt
11600,tr
5619,id
7712,tl
3426,es
11172,sv
11409,de
16652,pt
2959,id
12150,sv
11862,tr
17170,id
13242,nl
15109,af
10093,fr
4689,de
6744,tr
13206,es
11871,nl
16874,de
1533,de
9969,de
8939,it
16961,fr
5966,id
13451,tl
11546,fr
1371,pt
10667,af
5328,it
14817,it
2957,es
16711,af
7477,af
9761,es
2322,en
6819,fr
4283,fr
16496,es
781,en
781,pt
16890,tr
6220,pt
16613,pt
5917,tl
2985,en
3784,de
1458,id
832,de
14553,de
16427,tl
15359,sv
6974,fr
7916,nl
2921,it
14787,en
10805,af
7025,af
8119,id
884,de
14891,nl
9875,tr
13567,tl
11664,it
10568,it
2679,de
6616,it
8366,de
12256,af
5040,tr
12098,it
6041,af
1640,tr
2773,fr
7291,af
6220,tl
15457,es
12558,tl
468,tl
16886,es
8694,es
2056,nl
7073,pt
14544,pt
1294,fr
16271,fr
9406,nl
10636,af
6582,pt
9964,de
15109,pt
7918,en
8674,tl
11867,tr
15948,id
3492,de
9966,en
7450,it
7122,fr
15732,tl
11903,es
3980,id
1467,tl
13363,en
14526,de
782,de
10213,tl
588,it
14096,pt
7863,de
738,it
9676,de
10621,fr
4452,en
9956,en
3785,sv
9941,nl
2373,fr
1933,tl
14792,tr
8245,en
6024,pt
1554,af
3175,fr
14229,de
10335,tr
11259,de
3426,sv
14926,es
13067,en
10600,sv
6024,en
999,fr
6304,tl
16518,nl
5318,pt
11451,nl
13997,nl
10570,tr
10352,es
6747,tr
12987,es
3761,id
10832,tl
8525,tl
10738,tr
11554,af
4201,nl
14417,sv
1156,es
3447,en
6195,sv
355,tl
2497,de
7711,pt
5043,pt
3915,nl
3671,en
2234,pt
7117,id
8165,es
15203,pt
2914,en
7817,nl
11438,nl
16225,pt
11146,nl
16024,pt
2075,af
5270,tr
8496,tr
6918,es
12121,tr
16892,fr
5439,tr
631,fr
5118,id
7569,it
7113,es
3835,it
9689,en
5529,it
11954,es
10150,de
11650,tl
6506,id
10472,tl
14742,pt
3774,af
13867,pt
12908,pt
11029,it
15841,tl
13078,id
1059,sv
16944,id
4013,sv
15213,it
2062,de
15225,it
17107,af
17136,af
9629,pt
15274,it
2400,es
6806,id
931,id
3099,es
8345,sv
9964,sv
7565,fr
6617,pt
6055,nl
7044,pt
7892,tl
1874,af
3566,id
11871,af
7120,id
16028,fr
13547,sv
13774,tl
15457,de
11610,de
16669,nl
13738,sv
10292,en
11437,tl
6485,es
4312,es
6101,id
3361,en
8245,tr
4104,es
14304,sv
13255,sv
10220,sv
11990,nl
5199,pt
4887,af
4487,tl
2283,nl
12930,es
6722,tl
8269,tr
14939,en
14646,it
14117,it
10895,sv
6720,sv
14142,tr
5707,af
625,it
5396,pt
5958,sv
3603,tl
13780,de
14933,it
5721,sv
360,es
13297,sv
5554,tr
14126,id
6789,de
13863,es
14877,pt
10718,fr
5433,id
11914,es
15647,es
197,af
16710,tl
2957,af
5911,tr
4116,es
7503,en
3193,id
13178,pt
2434,af
2611,it
16672,tl
3982,es
8107,de
4702,pt
14994,tr
1176,pt
8516,tl
9321,fr
2265,id
16120,tl
11353,tl
1098,it
8992,it
10493,sv
1176,it
6819,nl
150,tl
6477,af
6815,sv
15348,es
15454,sv
15906,en
4088,sv
3894,af
14412,es
5439,sv
15693,sv
7224,es
16353,pt
16944,pt
15062,fr
6229,tr
14444,pt
14504,pt
9301,it
1352,fr
15626,tl
9676,tr
8126,es
14553,es
9015,pt
1655,es
2724,de
10887,fr
12707,es
6433,id
13411,tl
6860,sv
11140,nl
3936,pt
15933,pt
6448,pt
1833,es
1941,de
1098,pt
12606,sv
14053,pt
2203,pt
13391,de
6623,es
1808,de
5006,sv
5557,nl
6025,es
10825,nl
10858,id
11616,sv
2403,es
11476,tr
10957,id
6617,es
3214,en
3606,en
4614,de
3175,en
12608,pt
315,tl
2615,tl
6732,tr
14690,sv
779,pt
13283,fr
14029,af
6708,sv
8,nl
843,id
13186,sv
6109,id
10812,es
8570,af
13192,tl
1180,nl
6901,de
61,it
3295,es
10684,id
4934,tl
16072,nl
11458,es
2146,nl
1093,id
6050,en
9542,sv
16890,es
6195,id
6495,pt
71,id
9138,sv
2983,de
442,pt
16427,en
11598,it
3101,en
10105,af
10430,id
4871,tl
964,en
10538,fr
10166,pt
2234,fr
12548,it
13031,af
11349,it
14653,es
2220,id
4784,tr
14150,nl
13044,tl
2234,tr
15983,sv
5006,af
9153,nl
8280,de
5812,nl
10426,tl
9577,pt
10451,nl
3568,af
9015,id
9812,sv
7712,pt
14115,tr
3582,it
12310,sv
4258,en
4985,tr
11267,en
4319,sv
3222,sv
5165,tl
4400,sv
5413,pt
15459,en
11953,de
9316,tl
3080,it
13927,en
411,af
4186,de
3330,nl
7777,en
6539,en
4412,en
17142,en
6485,sv
11514,en
2780,id
15208,sv
16471,sv
15652,nl
1744,af
5401,pt
10846,tl
5671,nl
16410,sv
15676,af
14011,pt
4154,es
15968,de
1994,nl
5966,pt
9156,tl
5579,en
11141,en
1874,tl
16317,sv
9591,tl
10442,tr
8241,id
16924,sv
1098,en
3034,sv
3034,es
4152,sv
5009,nl
11916,en
6172,nl
7353,it
12442,es
7013,af
10216,af
1581,fr
14142,id
8276,sv
13181,id
5573,sv
16103,de
3727,id
8642,fr
4189,fr
14169,tl
4273,nl
8900,id
7851,it
14117,tl
5732,es
13166,de
80,id
5623,tl
16733,tl
3099,id
3605,fr
13741,it
3175,af
4601,it
16703,de
12986,it
19,it
11616,nl
5261,af
10031,tr
6214,en
16024,fr
4917,es
2709,tr
15413,de
4930,de
2168,es
1238,fr
969,id
13762,es
4772,tl
15345,pt
6503,tl
7467,es
13188,nl
6448,tr
11146,fr
9871,en
15557,tl
10636,es
6973,tr
12553,tl
964,nl
13738,af
12264,es
6477,it
9793,pt
27,fr
10673,es
14553,fr
11764,es
4692,es
13252,sv
15298,pt
4227,id
8230,id
9980,it
3029,es
6301,sv
9402,tr
1374,en
9844,id
1360,sv
13359,nl
2498,pt
6593,fr
1205,sv
10335,de
5579,de
16859,tr
7762,en
11296,tr
10954,de
11424,pt
8413,fr
9961,fr
2230,pt
9352,tl
9138,fr
9620,tl
14746,tl
5703,tr
16075,af
9124,id
14189,pt
9619,af
16766,id
12308,de
15358,id
14367,en
14330,fr
6959,af
13934,sv
5051,sv
14283,nl
4217,fr
1202,af
14644,af
9471,tl
5286,id
11186,en
6289,de
5525,es
4491,de
6593,nl
10936,pt
14283,pt
3694,en
14684,tr
14348,nl
10451,id
14622,nl
16955,nl
3762,tr
299,nl
1458,af
6901,es
4680,de
8912,es
9732,en
11600,id
7291,de
555,en
16072,tr
7565,nl
12908,it
6980,en
8985,id
1247,sv
9323,fr
3161,af
12759,tr
702,de
10772,id
13521,it
3444,de
12212,tr
12419,es
491,af
170,fr
4145,it
5347,tr
3460,tl
3253,nl
12722,en
3809,af
11628,en
1594,fr
16089,tl
15020,fr
13255,it
1256,fr
5919,de
17119,tr
11802,id
4026,nl
2203,id
3686,af
4848,nl
16669,fr
13439,pt
5468,de
407,fr
16961,es
1423,id
15062,id
13165,fr
6496,tl
16430,fr
15345,sv
10759,tl
16282,id
3669,tl
914,tl
16701,tl
8322,tr
7569,pt
12213,it
2093,en
15950,es
10346,pt
9088,tr
1796,fr
13223,de
2322,sv
1812,es
11267,it
7140,de
86,tr
6370,en
16096,fr
8056,de
3444,nl
11417,nl
13165,de
2373,id
3460,fr
14356,nl
13524,id
10696,nl
2396,es
7609,nl
12070,it
6289,fr
6798,it
8044,sv
12814,de
2673,it
4477,nl
11685,tr
13181,pt
13934,pt
7817,es
16103,tl
14163,es
14083,fr
6214,id
15095,en
7170,sv
11947,tl
6596,tl
2777,tr
86,sv
15723,it
5678,nl
625,nl
7565,en
1777,sv
2207,tl
2721,id
4587,it
1030,id
12672,id
16222,de
7224,fr
15789,tr
2983,nl
7503,es
7520,es
4638,af
4589,it
665,id
4145,fr
9961,tl
10357,tr
4048,sv
12526,fr
13607,it
11476,id
14504,es
4874,af
7718,en
7292,es
4887,tl
4217,en
9263,en
9542,de
1467,es
3030,it
12281,id
14023,en
13312,es
12835,sv
5650,pt
1617,tr
10565,sv
5722,tl
1722,af
11067,es
15708,pt
7057,tl
8001,nl
15857,tl
9053,id
5481,es
46,en
14169,es
914,fr
13690,nl
7170,id
9844,it
2423,sv
14442,tr
11515,tr
13858,id
10956,tr
782,es
8206,tl
13288,it
1423,en
10753,de
3,pt
15448,af
6968,en
6550,en
2774,af
11361,sv
6129,pt
3080,sv
3321,es
10053,nl
6178,id
2075,fr
2400,de
310,de
4776,nl
2801,tr
16082,es
9971,it
8415,tl
10503,id
2354,sv
7117,tr
8906,en
7046,id
10534,es
6550,es
399,fr
15203,sv
6615,de
527,de
3077,nl
13135,id
11554,nl
14315,de
9760,pt
13297,fr
16846,sv
11257,tl
11172,es
4921,pt
10164,it
16888,sv
9194,es
999,nl
14498,fr
15010,sv
7257,fr
13370,es
14706,es
7876,tl
15208,en
448,sv
2870,af
15933,es
10756,es
7613,it
16178,en
15635,pt
2551,it
14053,tr
14170,sv
6722,tr
17107,nl
8005,de
12446,af
13871,es
9952,id
3329,af
6737,nl
14356,pt
11920,it
3184,en
7557,pt
8409,sv
6506,pt
15092,tr
11536,de
6850,tl
1127,fr
1684,id
16222,fr
8651,de
11215,de
16201,fr
3175,tl
10016,es
9116,tl
8042,sv
11026,id
12999,fr
4212,de
12745,sv
13934,nl
13298,es
2203,tl
9545,pt
10855,tl
1202,id
484,af
7141,sv
11875,tl
12121,it
13451,sv
12376,de
8302,es
16719,tr
11162,sv
5774,fr
6533,de
5658,es
15321,nl
14419,id
5037,nl
6559,pt
6578,fr
2166,tl
4244,de
6072,nl
2512,en
10743,af
14101,tl
13774,fr
4400,es
4953,es
430,de
4772,sv
13031,tl
8204,nl
14154,es
6116,de
2230,it
14025,tr
11922,sv
6489,sv
9630,en
3361,id
13706,tl
4492,en
4516,af
441,fr
6539,nl
4928,af
10077,tr
9054,es
9617,it
8494,nl
9994,en
2611,de
17075,en
5433,pt
5159,sv
11839,nl
3566,es
17090,af
1300,tr
1440,fr
9528,it
5296,fr
4988,es
10990,it
11458,nl
10055,de
16296,pt
5627,nl
9528,sv
1722,de
999,en
4017,id
7686,fr
7316,id
10442,nl
14367,tr
16873,it
1513,sv
4362,de
122,es
4809,de
2870,id
9952,tr
3386,sv
17119,tl
411,tl
2545,sv
2770,tl
11476,nl
665,en
7467,tl
16532,tr
16766,af
1404,es
12468,es
14130,de
6073,tr
14304,nl
5278,tr
6633,id
5411,tr
3960,fr
2903,sv
7449,es
6295,de
16165,tr
10640,af
2517,sv
6850,nl
16413,sv
9761,de
1630,it
2166,nl
12306,id
9520,it
14787,es
15472,de
7216,nl
16989,de
9594,af
8100,it
3213,it
14223,pt
329,en
12629,sv
13798,fr
15904,nl
7524,nl
7711,en
1427,af
4587,tl
837,fr
13099,id
3408,it
5797,nl
11157,sv
4313,en
6013,en
3050,pt
3864,sv
12874,tl
46,pt
6305,it
4347,tl
12814,fr
9772,af
6438,nl
16911,it
3683,tr
13616,de
11085,es
8674,es
4831,it
14074,tl
10895,es
15957,pt
11409,nl
651,nl
14690,de
5958,pt
16467,tr
6039,de
7918,it
2320,af
1635,tl
12957,fr
7528,it
17119,fr
6295,es
6713,it
13536,id
2007,de
10399,nl
738,tl
7314,id
10247,de
13067,nl
7209,en
8206,id
3582,en
3960,sv
9940,tl
9962,id
9301,sv
7768,en
5040,it
8366,id
7697,es
4240,en
14481,es
14889,es
16178,fr
16430,en
4086,it
10792,id
5697,tl
14545,fr
11932,pt
16622,nl
15546,nl
9291,fr
10645,id
456,pt
261,fr
15731,tl
6305,tl
15911,id
7922,tr
9980,en
2128,fr
4998,pt
5523,tl
14339,de
9895,nl
6103,es
10851,tl
1639,en
400,tl
16907,pt
12162,it
61,de
3734,es
5590,tl
12366,es
14701,tl
8001,tr
6806,es
843,de
10177,en
16098,sv
6694,en
13215,af
6732,nl
15445,pt
4375,en
13186,af
5812,it
7690,af
15809,it
15305,sv
9856,en
407,af
1014,en
13974,tl
12329,tl
9062,tl
8042,id
14272,nl
11265,pt
5774,sv
11250,id
4957,es
6516,tl
4377,es
5953,tl
355,es
11238,tr
13591,af
150,sv
13766,fr
15652,id
9795,en
7556,pt
13679,es
5332,af
9952,sv
12213,de
13199,pt
9384,en
411,tr
4377,it
10440,en
6313,af
14973,sv
1913,fr
3444,it
8347,sv
13192,id
13591,fr
2438,nl
11610,tl
6815,tl
7294,sv
6083,af
14549,sv
11164,es
4031,id
362,de
9554,tl
15459,nl
14591,fr
2387,sv
967,de
7628,sv
12817,tr
9793,de
7583,nl
14646,sv
8900,tr
14115,fr
9074,af
10743,sv
10182,pt
11665,nl
15137,tl
3295,id
5082,id
16166,it
10323,sv
1593,af
16532,sv
1683,nl
1483,es
5722,en
1778,tr
3834,nl
13140,id
6891,pt
2921,sv
15348,pt
13734,nl
1830,tr
14917,tr
7528,tl
11426,nl
13451,nl
9656,pt
10090,sv
16506,it
2451,it
10171,en
9019,pt
13457,tl
428,sv
13984,en
2824,af
4086,pt
16956,tr
1489,fr
8290,sv
14874,it
2496,tr
10523,tr
7199,tl
13372,id
5697,fr
3039,nl
15456,pt
9793,tr
4671,tr
2350,it
15693,de
16273,en
7477,nl
5948,fr
2770,it
9976,fr
12717,de
2355,pt
11455,pt
16455,tl
7046,tr
10335,af
16563,id
0,es
6801,tl
14179,es
437,es
3474,id
15348,fr
764,pt
14142,fr
10119,it
8640,en
9402,de
15809,id
10426,es
11720,nl
9353,tl
1115,fr
1176,fr
16098,tl
13766,de
14919,pt
12070,af
3568,es
3590,af
4309,id
15508,nl
4477,de
6109,de
6959,it
261,de
6290,it
17157,en
4913,af
2914,de
6025,en
5010,pt
16225,it
7151,es
8570,tr
9541,sv
437,nl
15731,es
9640,sv
12066,pt
9674,nl
5347,de
2386,tl
7170,it
6027,en
8846,de
348,es
6798,sv
12963,de
8585,pt
5040,pt
11067,nl
9457,en
12999,id
2733,it
2962,en
3568,tl
7046,fr
15508,tr
16002,it
14967,fr
6506,es
14742,es
11705,nl
6806,tr
1120,es
5332,en
10868,it
2753,es
14874,pt
3481,de
12961,it
3098,id
4667,af
10848,tr
412,tr
2965,id
13102,tr
1677,de
5985,sv
4848,sv
16662,es
2906,af
5152,af
7287,id
297,de
4043,de
5074,pt
12392,es
412,af
1607,pt
3387,sv
11423,de
5160,de
16899,es
6761,nl
15847,pt
11706,id
1551,en
3674,nl
3986,id
11328,fr
884,sv
4917,tr
9718,id
8516,pt
7902,pt
12020,de
8618,it
12289,fr
1622,it
6557,tl
5250,id
16280,nl
10132,es
122,fr
9507,tl
3029,nl
2690,af
12340,tr
9197,fr
11459,tr
5324,nl
1202,tl
6438,id
5970,pt
13983,id
15203,fr
2309,tr
5683,de
16221,fr
6041,en
15113,de
2795,sv
8414,tl
5085,nl
13547,tl
4077,nl
13740,fr
10292,af
61,tr
14475,de
11166,af
11802,it
3784,id
16228,id
9669,id
8188,tl
16891,tr
4502,tr
2113,pt
9426,tr
6617,id
12623,it
1933,tr
9291,en
10226,af
9275,fr
11459,it
6897,it
1148,es
3295,af
3128,nl
13221,tl
6596,es
15464,fr
4347,en
5292,id
2781,af
9358,pt
10956,it
2166,id
12536,id
13552,nl
12436,tr
1120,sv
832,af
13035,en
15839,nl
1960,id
1294,tl
4618,sv
3700,nl
10503,de
5427,af
4776,tl
5370,es
16061,es
11904,de
10171,nl
8568,id
6633,fr
15231,fr
11782,pt
14395,tl
6928,af
1377,nl
14763,en
16427,fr
4077,de
13741,tr
4017,fr
15651,nl
13552,id
16320,af
16886,nl
11075,en
12294,id
9216,tl
8284,es
14347,id
2908,es
14418,it
10738,fr
12293,tl
14742,de
9943,fr
13706,es
393,fr
7216,id
15075,it
3852,en
2472,de
8245,sv
16170,id
13888,tr
10508,tl
10684,pt
4272,id
9691,fr
3654,es
16002,es
3546,tr
2298,en
15092,fr
16772,it
7151,tl
12689,de
9103,it
16318,pt
16038,af
4580,af
8013,fr
14646,tl
914,af
8642,pt
13491,af
9617,en
5026,de
16886,fr
5552,fr
939,pt
9689,es
3624,nl
9193,en
9363,tl
11841,tl
8469,nl
9674,it
16780,tl
15364,af
14449,sv
3253,fr
635,id
2975,de
11633,tl
10568,af
15911,af
16056,af
9054,tr
8241,nl
7559,en
3595,pt
2451,tl
15686,pt
3717,de
9062,es
3011,en
11942,fr
290,id
1653,sv
12800,en
15532,pt
5856,es
2016,en
6785,id
4121,af
967,tr
15672,tr
6221,sv
1247,tl
4177,pt
10636,fr
1962,tr
3213,pt
4881,id
7397,tl
7570,de
2225,es
12329,tr
1759,it
7778,tl
13102,en
6643,id
6214,de
10893,it
10999,en
3193,nl
13370,fr
4090,tr
767,af
12536,pt
783,sv
9601,id
8079,sv
7181,af
14001,en
6997,fr
4152,fr
3096,sv
10366,nl
6617,sv
3435,sv
13927,tl
11585,es
944,tr
11455,nl
4212,tr
11515,en
6174,tr
2351,pt
11751,es
14567,af
15946,pt
9856,sv
10406,it
11969,id
4589,nl
14283,tr
13685,fr
4137,es
1065,de
427,es
7660,id
391,de
360,sv
9187,fr
17051,sv
15948,es
1516,sv
4618,tl
7004,tl
10759,sv
14791,nl
17081,nl
15987,es
10263,id
8828,id
3050,tl
10940,pt
10915,fr
5590,id
10433,pt
1913,pt
4955,en
5837,es
6093,de
11420,nl
4589,sv
10679,tl
9197,pt
3031,it
1059,nl
5523,it
2263,tr
7353,fr
4400,af
9341,de
9124,en
12019,sv
12160,sv
1065,nl
4266,sv
2914,sv
12874,af
15467,en
15723,sv
3907,af
9361,pt
4121,sv
15942,nl
9110,tl
2906,en
8251,id
14356,de
9924,id
15448,tl
11273,nl
19,en
13252,fr
16461,nl
10960,de
1719,tr
3841,af
6997,af
1607,it
16056,it
12824,en
6892,es
16801,id
15598,nl
8516,fr
16061,af
219,it
17023,af
13547,id
3742,tl
10355,sv
12121,es
9637,id
15166,de
9305,pt
7844,nl
10828,en
10512,af
11166,es
3725,pt
4155,pt
15963,tr
16162,af
16470,tr
8651,tr
15298,fr
5103,fr
11598,tr
2890,de
9768,es
3492,id
5196,tl
13907,id
4268,tl
366,fr
7583,tr
6074,pt
14040,pt
10217,tr
8261,af
4968,nl
2412,af
4587,sv
3098,tl
8100,id
2594,sv
4702,it
3841,sv
16622,de
174,id
6594,it
11376,en
3039,tl
1872,de
10709,es
16627,tl
527,tl
11259,tl
5128,tl
9632,pt
7117,de
4606,en
9923,fr
6194,id
17136,nl
10119,es
6025,de
11922,pt
3320,es
16523,nl
2859,de
1811,es
17051,it
5297,sv
3,es
5573,id
16801,fr
10915,en
4212,pt
1646,de
4933,de
14382,nl
389,nl
9878,es
15187,es
2283,fr
9233,id
1404,it
15651,id
2016,pt
16754,it
11451,af
5523,es
9871,id
6177,nl
17043,tr
14083,de
3298,es
2056,it
15777,nl
7847,de
10061,nl
3276,sv
12838,nl
5219,fr
11476,fr
16398,nl
4104,it
13457,af
11681,de
2373,af
11529,id
8241,it
263,pt
4236,pt
11423,tr
8320,tr
7100,tr
12383,fr
3761,it
13383,fr
13871,pt
6050,es
13986,pt
6892,af
9364,tl
6116,tr
4137,pt
10812,it
4013,es
9014,es
10600,de
310,pt
17147,en
10276,it
3870,fr
2703,de
9815,es
2957,fr
13679,nl
7025,tr
6213,nl
279,tr
11366,af
1372,nl
951,af
3435,fr
11770,nl
6997,de
2527,pt
3276,id
9930,it
4896,pt
1176,tl
16563,pt
16733,de
4550,nl
2108,tr
6319,nl
6968,sv
2673,id
1617,sv
6295,tr
8767,pt
6229,fr
3550,fr
8037,af
8388,de
13934,tl
16165,es
10868,es
10571,nl
5406,it
4001,de
14370,it
5160,fr
5524,en
14857,pt
8460,de
10365,it
9137,en
16899,tl
5930,fr
7292,tr
12244,it
8084,id
6902,es
13464,af
6974,id
16010,it
8977,es
8977,af
5038,sv
1413,fr
15847,fr
9561,en
1059,tl
6623,pt
254,id
5279,en
15560,es
6737,sv
16914,pt
59,en
11453,es
15532,nl
8992,en
2263,nl
13863,sv
1913,tr
4461,id
7520,id
486,pt
13192,it
3654,af
14074,id
16589,tr
6850,sv
14564,tl
1509,it
10804,sv
6621,it
3780,id
451,it
7266,sv
16131,af
730,nl
10455,tl
10673,pt
3407,pt
17023,tl
5871,fr
1048,en
3167,tl
5062,it
7557,id
1294,id
2311,es
11361,en
5158,tl
11862,sv
11845,af
16501,it
14763,tr
15825,es
3884,af
16873,fr
5332,tr
10827,af
2914,it
5074,tl
5410,tl
14770,tr
14891,fr
16384,tr
10455,sv
2165,sv
13077,es
13777,pt
16385,sv
7266,es
3762,sv
15560,sv
10352,pt
9694,fr
13186,nl
15982,es
16797,en
12779,en
11778,tr
14117,sv
5488,nl
10224,nl
10164,tl
8426,af
2591,tl
16178,nl
4496,en
5301,it
315,nl
5678,tr
10045,es
14214,tr
9061,en
1617,nl
8679,nl
4833,pt
2573,sv
102,af
16846,es
3980,it
796,fr
7919,id
16032,pt
3128,tl
5006,pt
9291,sv
12634,tr
585,it
9637,nl
6439,sv
5010,tr
13383,tl
6172,sv
5481,pt
14429,tr
1666,es
14646,en
4319,nl
14023,tr
2315,af
3386,es
16430,sv
9193,it
14449,es
612,af
11272,it
11384,tl
170,pt
6331,en
3915,tl
13799,id
9629,tr
15276,nl
13740,id
4205,nl
3178,tr
12051,af
2472,id
263,nl
11384,de
5658,tr
13069,es
15933,it
15205,es
3829,de
3096,pt
10805,sv
13283,en
12999,en
11265,tl
6366,es
6732,it
5888,af
2540,fr
9402,it
11303,es
2870,es
8825,id
9630,nl
8853,pt
2441,es
5286,es
397,af
10970,de
7953,en
393,id
9732,fr
11812,de
7117,en
4486,nl
9330,it
11650,nl
5328,tl
10600,tl
7762,id
6962,es
525,pt
15963,it
2056,tr
14190,af
13473,fr
3037,nl
15785,it
5250,es
6764,pt
11272,en
15225,tr
12381,en
15708,es
258,nl
12736,sv
9110,es
9977,id
16519,tr
16846,pt
360,af
3099,nl
3683,fr
89,en
4253,fr
15655,en
12883,en
4547,af
7287,tr
6243,pt
8345,fr
2890,af
12608,id
9303,pt
6694,it
4671,tl
13078,af
14315,af
9909,tl
10570,sv
11141,pt
15626,es
8822,en
3838,nl
3912,tl
13506,af
11339,de
6313,sv
4516,fr
7916,en
16356,tr
13855,de
3727,tr
6856,pt
15503,nl
5286,it
15467,es
6305,en
15676,id
10786,de
2205,sv
2721,af
16777,pt
5619,sv
16131,it
15706,sv
1511,pt
1786,af
7660,tl
10451,tr
2334,sv
11490,tl
16357,en
10855,id
3723,nl
4491,es
11476,it
13486,fr
6815,pt
14668,fr
5010,en
1760,tr
1151,pt
3837,en
16613,tl
5250,en
5301,nl
3387,af
15075,de
11916,id
16162,tr
4236,nl
3029,sv
4968,es
12723,en
15454,tr
17115,sv
7100,es
5550,af
13178,es
967,tl
9110,fr
4319,de
15249,nl
9541,tr
15721,sv
14304,en
3098,af
5577,sv
15454,pt
2551,nl
3762,fr
12413,tl
4436,af
3489,it
2316,tr
9878,en
16470,en
13798,af
1084,fr
4780,es
8284,en
2512,es
12263,fr
15845,it
16032,de
1063,fr
8035,de
3809,nl
9720,it
6151,tr
3912,fr
7569,nl
12329,fr
5038,fr
15166,nl
10399,tr
7013,tr
10858,af
9352,fr
11802,sv
15409,id
14684,en
9994,nl
11700,af
14549,af
8670,sv
9494,nl
13774,id
5176,tl
6166,tr
5550,en
14705,id
13754,id
13255,af
964,de
1635,af
8825,en
1995,de
9011,id
14644,it
5330,af
8261,sv
6729,it
10588,pt
15513,af
6958,es
16838,af
1454,it
6322,it
2678,pt
3364,id
14822,en
13199,af
10317,es
14169,it
3161,en
17170,tl
6118,af
1352,es
16666,en
13407,en
13340,fr
9193,es
3050,af
12866,af
1607,en
12235,tr
6806,it
3570,tr
2062,it
16470,af
8769,tr
5557,fr
7711,sv
17108,sv
3912,it
5127,tl
2995,en
1440,it
11839,tr
1617,af
5871,es
319,tr
5027,sv
2573,tr
8358,nl
14429,sv
2673,nl
1794,sv
2704,sv
5721,es
1995,tr
11554,tr
11349,af
2007,en
1516,id
10815,tr
4436,sv
3576,es
3829,pt
5590,de
315,af
13689,tr
12409,sv
14239,fr
14214,sv
2373,tr
3349,fr
3812,sv
17069,pt
14995,it
11536,pt
456,es
6878,es
9426,id
17156,nl
11455,tl
11778,nl
7278,en
437,tl
5165,id
4524,nl
3581,en
15387,pt
13616,af
14539,nl
6836,tr
6288,tr
15942,pt
7563,af
14253,pt
3193,af
8449,en
9182,de
6077,it
3993,af
9216,it
3967,tl
10985,en
870,id
2178,pt
16225,de
13694,sv
4216,en
9885,tl
5930,sv
16245,id
1808,tr
730,pt
7025,tl
1276,pt
4672,it
6116,nl
13303,de
10868,fr
4871,tr
2527,de
14246,es
8762,de
4361,tl
6515,it
16938,nl
9043,nl
14367,fr
1427,tl
3178,af
8055,tr
6496,en
6489,tl
4130,af
4013,af
1048,pt
4040,sv
14000,de
7916,pt
9197,en
13666,en
2178,es
17142,pt
4934,nl
16384,de
6159,de
15275,sv
14304,de
2542,tr
11875,af
9054,af
4442,fr
4205,it
16801,tl
10645,tr
10206,tr
782,tl
12254,sv
3600,tl
5627,en
385,id
4496,id
14378,it
11525,pt
15828,tr
4614,id
5047,fr
8618,tl
17087,nl
8206,pt
5050,fr
3835,es
15732,es
10684,de
15626,id
8442,sv
2351,sv
11664,pt
12244,de
14498,de
2316,af
8640,id
3600,tr
2128,sv
14549,nl
3178,tl
10577,id
7654,tr
6194,nl
13722,de
5840,af
10503,es
10214,sv
11770,id
3329,de
1360,es
4620,af
11166,fr
6968,it
4224,nl
16413,af
17148,pt
4375,it
11164,tl
8904,fr
3546,it
11029,de
5671,id
7894,es
6892,pt
2711,pt
10357,sv
4702,fr
712,id
2384,de
1065,fr
1121,fr
11023,tr
14130,nl
2917,pt
3516,it
2690,de
9795,es
2578,es
2773,id
11914,tl
9594,pt
2441,it
1533,tl
12020,nl
16593,en
7181,sv
5671,en
4951,af
16911,pt
11598,de
5051,pt
10525,de
14762,it
5116,fr
10915,nl
15554,en
12736,it
11303,tr
14169,en
8290,id
4638,pt
6431,pt
10333,de
5823,af
11318,fr
3077,fr
6672,id
4171,af
379,id
10931,de
1065,en
3481,en
9074,sv
4383,id
10426,de
8640,it
1352,de
3492,af
13460,tr
951,de
16146,sv
17052,it
14919,id
9630,af
2160,tr
12835,it
17081,tr
10568,tl
7975,nl
7993,nl
6918,sv
7993,sv
1124,sv
11238,nl
3702,id
2870,en
17108,af
11339,tl
12869,it
4998,tr
10588,af
6174,nl
12548,tr
7141,tr
2708,pt
2931,nl
14661,it
6722,es
15358,sv
11107,nl
16672,en
5413,af
4620,sv
665,sv
15464,tr
14904,id
10699,id
3,af
16002,fr
6578,de
14268,fr
16266,tl
9457,es
2908,sv
3174,id
10038,it
3295,de
4477,sv
10673,id
9812,it
15203,en
1862,es
10508,tr
6860,de
2414,af
15731,fr
13799,af
2365,it
11318,af
6382,id
4654,pt
11438,fr
7598,tr
768,fr
8975,es
11107,id
6682,es
11024,nl
10206,es
1804,pt
939,id
13451,de
1360,nl
11125,fr
11570,sv
16282,sv
4482,it
11628,id
1796,sv
2230,nl
12066,es
9202,af
475,es
12263,sv
2890,nl
1982,it
9637,fr
11875,de
7922,sv
12972,en
9233,tr
5614,it
15557,es
2016,tr
7876,it
14071,tl
2412,tr
16151,it
16183,es
9897,sv
11628,de
15911,fr
9561,fr
4273,tr
5996,nl
12999,sv
4831,es
12235,tl
9896,af
560,en
1217,tl
10197,af
8562,pt
16273,fr
12182,en
7664,de
15553,en
16357,af
15456,de
6083,sv
5902,id
6764,tl
1684,es
7004,de
7697,en
12961,af
15214,af
12189,nl
14615,fr
2330,tr
3829,es
5707,tl
8148,pt
2684,pt
16282,it
16529,es
12392,tl
13165,af
1205,id
10119,af
4985,sv
15181,sv
944,es
6060,id
14884,es
508,de
5103,sv
10636,tr
5116,sv
3809,tr
11418,sv
14339,tl
16098,de
8387,nl
14605,sv
1489,de
5127,es
15957,tr
16694,it
1579,sv
1655,nl
6806,pt
10679,it
5014,sv
2414,nl
3433,it
10100,af
11871,tl
85,es
1778,es
13222,fr
3884,it
5261,fr
14151,es
2128,es
2373,en
6683,de
10534,id
3714,fr
9138,it
10940,it
6600,nl
9795,de
16947,nl
8694,tl
560,nl
5332,sv
10365,en
2035,es
10508,fr
6060,it
12553,en
5050,af
3774,nl
13491,es
7000,tl
8358,en
14147,pt
14214,de
14526,pt
16609,tl
3321,id
16609,tr
4882,de
17123,id
10538,sv
2315,id
14228,nl
1666,tr
16924,pt
5697,sv
5307,pt
4482,fr
11438,tr
12999,tl
9760,tl
10848,it
14367,es
12707,sv
14417,fr
14272,es
4601,pt
17119,de
14414,de
13513,nl
3570,tl
6962,tl
6967,id
8001,en
9541,nl
3161,it
3118,sv
5619,tr
6034,pt
10427,id
1811,tl
4833,id
3426,pt
13404,it
10568,id
6994,es
10827,tr
5593,tl
5488,tr
15785,af
9601,tr
6515,de
8308,af
2146,es
3264,fr
5544,tl
15020,tr
3582,nl
16005,id
2995,es
5758,en
3516,tl
8204,sv
4428,es
4273,de
8431,sv
6060,es
3864,id
14253,it
884,id
13895,tr
13636,de
9895,sv
525,nl
9112,it
5619,es
11177,tl
333,tr
13074,pt
1575,de
7712,en
7583,id
6515,en
16471,en
3020,tl
6410,tl
13666,sv
13359,pt
3835,pt
11875,en
12874,es
13370,tl
2354,id
5128,af
4154,en
2594,pt
11335,sv
10099,sv
14498,pt
7741,tl
1796,en
1256,de
16427,sv
12817,nl
1308,af
2258,de
1622,fr
13341,id
9263,id
9591,it
11959,id
14481,tl
7697,tl
16559,de
2638,fr
15326,en
7461,pt
3280,en
10523,fr
3894,fr
16050,tl
2265,af
5040,de
16061,sv
9885,sv
1549,fr
14348,af
14444,nl
442,id
10679,fr
9284,nl
9676,fr
7531,de
8730,en
9471,tr
2709,es
15231,af
13318,tr
3822,tl
15231,en
16266,es
8828,fr
6402,id
9961,pt
1778,tl
14958,en
400,en
5040,id
2384,af
13547,en
15792,de
1832,nl
9471,id
13459,de
2098,de
15229,sv
16096,it
7111,es
3118,de
3775,sv
1377,sv
7878,af
177,pt
12548,fr
969,en
5813,pt
4249,sv
7528,sv
16797,fr
11953,fr
448,tl
12245,pt
3098,de
6295,id
7314,de
14223,nl
11322,sv
7718,es
11903,nl
9519,tr
7449,id
8900,sv
12846,en
10687,es
10213,de
5261,tl
9542,en
7463,pt
2365,id
12244,pt
5411,af
3911,en
4712,af
2311,id
2237,af
12839,af
10772,pt
16749,nl
16222,sv
10588,en
11460,pt
5650,es
6572,af
6495,es
13361,en
15970,de
13630,sv
4803,tr
12161,es
14437,es
2983,sv
3576,nl
4452,id
1048,it
12930,sv
426,id
4491,sv
5149,de
4871,fr
4928,nl
1872,fr
16662,it
4154,de
9561,pt
14315,sv
15289,tl
2334,tl
15186,it
12430,pt
10302,sv
3568,nl
5229,fr
3091,it
1124,es
14592,en
3413,af
1941,nl
10957,af
10568,de
8126,af
12019,tl
3099,tr
13854,af
4871,id
8771,fr
1247,nl
15155,tl
4654,de
1059,en
13400,fr
16777,es
2334,de
10957,de
16398,tr
13451,af
6891,en
4058,af
6926,de
1160,sv
4119,tr
3835,de
3118,pt
7718,id
6902,tr
11539,sv
764,tl
7836,af
4186,tl
6997,pt
10996,nl
14419,tr
15950,af
15137,tr
4798,es
11427,pt
86,es
14981,es
10816,fr
7975,de
3184,id
11029,pt
6722,pt
12818,tl
14115,tl
16992,af
6764,id
13858,tl
8985,pt
10999,fr
12537,de
15113,tr
3841,id
15289,pt
494,it
3741,pt
11867,af
10981,sv
6172,af
1124,pt
8730,tr
2113,fr
427,it
6747,es
14444,it
16766,de
9138,tl
6878,nl
7477,de
5103,tr
11265,sv
11987,af
15289,tr
11322,id
61,af
8579,en
10853,tr
13451,es
13908,tl
9275,sv
9233,tl
7660,nl
8856,nl
16401,af
11186,it
6159,es
14481,it
2403,sv
11053,nl
3702,pt
3835,en
2062,sv
4951,pt
781,fr
5953,sv
1812,it
5911,en
10684,es
5683,it
484,id
13823,en
11420,es
4988,af
8300,es
13580,af
10760,de
1247,es
13077,de
2472,fr
2959,tr
8494,pt
14465,en
13400,af
4803,tl
14601,pt
7843,pt
564,tl
6557,tr
12693,sv
1635,pt
11361,af
1404,fr
12724,tl
2030,tl
10979,nl
8251,tr
16024,es
2542,sv
1551,tl
1428,en
5009,id
15998,af
14646,de
14508,fr
13554,sv
13819,it
14347,tr
1120,tr
2168,it
11904,en
16399,fr
1084,tl
12723,it
1962,de
16103,it
3936,es
1994,en
201,it
790,pt
5279,tr
15647,fr
9035,sv
12511,tl
1063,de
2336,es
16437,tl
171,it
10909,tr
4247,sv
15445,es
16438,en
14592,de
15305,en
680,sv
1527,fr
451,pt
9236,sv
11417,pt
7686,id
3741,es
9706,nl
5050,sv
765,es
4851,pt
5158,en
6025,id
2062,es
3338,en
15055,de
12951,af
9897,en
4957,sv
15777,tr
10497,sv
15765,en
281,de
11180,tl
14585,en
5955,de
13798,id
1513,id
7762,nl
15839,id
14347,af
5296,it
4189,en
15276,de
12054,en
4428,pt
16907,de
9676,tl
14412,it
4831,tr
9718,it
1862,id
10636,pt
1622,es
8598,de
3742,tr
2898,it
9035,it
15548,tl
5321,tl
15249,tr
6819,af
5623,es
9912,tr
7808,tl
16419,sv
11920,nl
15137,es
12963,fr
14444,fr
13099,en
3603,af
16532,it
475,id
6958,af
3276,tr
10132,af
13895,id
10268,de
10678,fr
8598,en
1509,pt
7463,id
3330,af
254,de
15444,tr
9402,pt
11529,pt
9321,tr
9924,de
10119,sv
100,it
16375,id
15401,pt
13740,de
14787,sv
12745,pt
15987,af
14963,it
17108,de
16642,af
13683,tl
15676,tr
15231,nl
7912,en
4183,fr
17043,nl
15271,id
15289,en
4171,es
3204,tl
6964,pt
3398,en
8765,tr
448,es
13467,it
16719,nl
1715,pt
3337,sv
7289,tl
7876,fr
16032,it
12908,af
13683,id
3624,tl
5837,af
6372,de
13069,it
7863,it
10224,af
16437,fr
8280,af
6305,nl
15825,pt
7922,nl
3205,es
10982,de
14622,pt
17136,pt
2174,tl
14567,fr
8100,nl
8058,it
10093,nl
8912,id
8948,de
15445,de
884,en
5165,fr
6013,tl
11514,tl
11409,sv
6417,fr
7808,tr
7767,fr
4998,nl
837,de
12685,fr
7978,nl
11368,af
10426,fr
3566,pt
16248,nl
7894,en
3586,tr
5691,tr
6561,sv
9506,fr
16459,it
10355,nl
10177,pt
1030,es
10825,pt
10756,id
12339,fr
10590,de
9746,af
4560,af
15467,af
16496,tr
1452,pt
11539,en
13513,sv
15652,fr
2890,tr
10381,tl
7741,pt
11903,en
9955,pt
14038,sv
17113,nl
10825,sv
6594,af
1774,sv
6683,pt
4618,pt
6819,id
2354,es
14465,de
17087,tr
9305,en
9619,de
14126,fr
2208,tl
7778,pt
9402,tl
201,nl
16703,fr
14440,es
1401,nl
7666,af
1777,it
15318,sv
10045,fr
6417,pt
10846,nl
9689,it
5952,pt
4620,id
7524,de
13400,tr
5333,it
14418,af
14475,nl
10621,sv
11634,de
10440,tr
16591,de
9931,it
9952,es
6024,it
10757,fr
11861,nl
1379,es
1666,tl
7502,sv
13639,id
6431,tl
2334,tr
8672,sv
2198,de
8541,tl
8125,tr
15661,id
7000,de
16892,tl
15794,es
8741,id
321,fr
16672,id
7500,es
1744,es
13636,tr
14444,sv
16911,id
13043,nl
5159,id
4492,pt
5116,tl
9895,es
3539,es
4271,tr
11455,fr
7902,fr
5837,sv
3050,it
3096,tr
12409,nl
5619,tl
15982,sv
13521,sv
16098,it
5243,pt
6646,it
14214,fr
14083,en
14026,en
16975,af
3734,de
2164,it
7891,sv
3761,fr
9980,nl
3433,de
7778,fr
1509,af
6469,sv
13215,en
6388,tr
5888,nl
491,de
9254,es
767,id
7953,de
12235,id
12437,sv
1108,af
2030,sv
13099,nl
11349,es
9966,pt
5732,it
15350,it
7666,nl
11953,tr
9640,en
5958,nl
9352,it
15652,pt
3128,fr
8261,it
7542,es
9885,fr
5912,de
6755,tl
9629,id
5837,id
8494,fr
9961,es
1812,en
7918,de
3447,es
5324,es
3321,fr
10027,de
7057,af
10016,nl
1684,en
11340,nl
6755,pt
1301,id
16050,fr
279,fr
15095,es
6710,af
9438,fr
5953,es
10645,af
6618,de
4336,nl
17147,nl
3762,pt
3542,sv
5652,sv
16010,sv
7189,af
16711,tl
7870,tl
864,en
15565,id
14597,pt
16427,es
12189,sv
12051,fr
13459,it
4951,tr
16924,tr
5611,es
13908,en
2134,nl
10982,sv
10636,id
2207,de
6103,it
1639,tl
6561,id
12248,tr
11023,sv
10501,id
16163,pt
11942,id
3784,nl
2057,es
10792,tl
702,tr
8579,tr
16354,fr
2931,tl
12442,fr
4692,tl
8856,tr
7355,de
448,af
11563,de
7596,id
9855,tl
9471,nl
14555,id
3175,id
1176,es
576,de
2164,nl
16591,id
2057,tr
11318,pt
12054,af
2093,fr
3822,it
2386,de
2298,fr
10081,tl
16888,de
1778,sv
14509,af
540,it
13604,sv
1124,af
5652,nl
15280,it
15113,tl
5037,tr
5600,fr
12717,id
10308,fr
16048,af
6533,fr
7583,es
12634,it
8795,id
2960,fr
14912,fr
6806,de
5221,nl
317,it
2434,fr
14794,fr
2365,es
11177,fr
1458,pt
369,nl
7712,it
16851,de
14033,tl
8269,nl
9969,fr
4567,en
15792,id
13464,en
14011,id
2414,de
11502,af
16427,af
2903,es
2709,pt
14189,it
11146,es
10687,af
10494,de
14599,tl
7912,de
344,pt
4502,id
3686,de
974,id
5529,af
14658,it
10321,es
4305,nl
8642,af
2545,de
2870,sv
14000,it
13966,it
15707,tl
9897,pt
13199,it
9878,pt
3434,en
15647,tr
9059,fr
2093,sv
6014,af
3481,nl
10674,it
16872,tr
6177,es
10472,es
11536,tl
11778,sv
2780,es
9577,id
3276,nl
1513,it
59,id
13451,id
12306,de
2517,de
16765,nl
3361,nl
8541,en
16605,en
14169,de
85,pt
15554,af
9358,id
7111,pt
5199,de
15448,nl
11867,es
6325,tl
3174,tr
15987,id
11053,tr
15971,tl
3146,pt
14994,de
9966,tl
426,tl
14661,id
13983,pt
16523,tl
5557,sv
17144,nl
5010,de
10260,es
13706,pt
15828,es
2350,en
8731,id
13618,fr
1423,es
6385,es
11368,tl
6331,es
10430,de
5797,es
2931,af
4992,af
10608,id
6503,it
5658,sv
3212,it
15971,tr
14170,af
7520,tr
15186,tl
14229,af
3096,nl
12963,pt
8336,nl
8056,en
4784,es
9952,af
2108,tl
17107,tl
15197,af
14874,tl
10355,id
14605,de
10687,nl
6229,en
16668,af
11418,es
5721,it
6473,es
12851,tl
16056,de
9565,tr
279,en
2564,en
475,tr
4189,nl
12392,pt
4837,pt
5988,de
10565,fr
576,tr
8343,nl
11844,nl
10828,es
8992,tr
12437,id
7741,sv
6151,sv
11296,sv
15829,en
7232,nl
12289,tl
310,af
12291,it
12354,fr
12054,sv
8642,tr
15747,fr
5201,id
2594,tl
7181,tl
12685,de
3784,fr
2816,tr
3364,tr
15032,id
8140,it
14033,sv
2309,nl
3337,pt
3884,nl
6162,tr
8825,pt
428,af
8260,pt
9284,id
6572,de
11536,it
3400,af
6992,nl
5204,af
4449,de
12162,de
6410,pt
2564,af
11607,sv
3280,pt
4587,es
9250,fr
14481,id
15839,pt
2165,id
5279,de
944,id
261,tl
2781,de
15304,fr
178,pt
11250,af
9321,af
12376,tr
9969,af
9878,de
16911,fr
3543,de
14142,af
9651,sv
5525,tl
11764,id
7918,af
4764,it
9620,nl
14874,de
14822,af
15708,tl
11490,pt
13359,tl
8029,fr
8116,sv
5623,de
9426,de
11157,tr
8126,en
3507,tl
5406,en
9384,tl
14011,it
8868,tr
13896,id
7004,tr
14033,de
12452,es
9321,es
6473,tr
15593,de
4428,de
7894,sv
13717,sv
11417,es
9795,af
7502,en
15618,af
10399,es
10712,en
4236,af
4334,en
15610,it
15880,pt
9630,tl
5590,it
13867,nl
12716,fr
14033,en
7542,id
17098,id
4400,id
1607,tl
5640,id
4217,id
13359,it
660,tr
7291,tr
4013,en
779,nl
16120,de
3835,sv
14118,nl
13242,it
10352,sv
1071,id
12289,sv
5026,id
3323,sv
14591,es
4882,fr
9680,tl
2540,pt
1542,es
5600,nl
2548,de
8056,es
10895,fr
16028,it
15137,sv
14154,af
4171,id
2322,fr
9853,pt
12098,de
4560,tr
8525,de
494,tr
14742,tr
16813,tl
5886,af
4953,tl
11681,nl
9520,tl
3550,id
14417,en
16275,tl
5116,es
10031,es
1658,pt
16560,sv
7762,tl
14189,nl
9962,de
17019,tr
10072,nl
7294,tl
5721,nl
8906,es
6670,id
3986,fr
1741,tr
7455,de
2496,it
13607,af
3116,pt
1640,es
16519,de
10125,tr
369,it
765,af
16648,tr
6151,es
15598,pt
9678,tl
16630,sv
8907,de
4402,id
4951,de
3654,nl
9629,fr
9460,tl
8570,tl
11107,es
10568,nl
5258,es
8846,pt
13966,fr
2531,fr
4776,en
14038,af
7817,tl
8449,tl
3568,de
360,fr
7556,sv
11154,de
10563,es
1205,it
3175,de
6432,af
16024,af
11862,de
6725,tr
2959,it
13546,tl
1151,tr
9955,id
11636,af
1995,tl
6973,de
4772,tr
5966,tl
13618,es
940,de
8825,nl
2408,it
861,id
9250,de
16273,sv
11172,af
9363,pt
12452,id
14838,pt
13044,af
8992,af
15020,it
11286,tr
16376,de
2198,en
10268,sv
8907,nl
12814,sv
8409,af
5627,tr
12150,af
2255,de
6901,af
14706,fr
10097,fr
8043,de
5158,tr
15127,tr
11733,de
16603,tr
2387,de
14179,fr
412,nl
1264,id
4874,en
8679,fr
13181,sv
12419,de
9718,af
5557,tr
7170,pt
10887,pt
14919,fr
16048,tl
15298,tl
14794,es
6865,af
10979,es
3460,nl
11266,tr
3582,id
15511,it
7161,en
512,tl
13636,en
2906,id
9674,de
4909,tr
2201,de
4266,tl
8302,tr
12623,pt
1832,fr
5577,tl
9980,fr
3264,de
12473,tl
14958,it
6159,sv
10501,en
4236,en
3595,es
16992,en
17135,fr
12066,sv
17179,it
16075,it
9955,it
11825,it
16028,sv
14644,sv
7467,fr
12294,nl
263,de
1995,it
10808,sv
12511,id
8280,sv
12291,en
4881,de
6059,es
8857,tl
4710,es
1866,af
6027,it
10053,af
8013,es
9594,tl
10317,pt
7461,fr
15229,de
7073,en
424,it
6159,pt
9520,es
12582,fr
468,it
10678,sv
12020,es
5525,pt
2062,af
1554,de
15402,id
10214,en
16801,en
8126,tr
4653,af
334,tl
14757,de
11932,tr
2816,de
1756,nl
250,tl
7528,tr
16050,en
12293,nl
1589,af
16168,en
14591,de
2890,tl
1090,tl
7890,en
5038,es
4400,en
10827,es
12606,tr
10513,id
3762,id
2434,pt
16694,pt
10990,nl
2298,pt
6448,it
1675,en
12717,tr
15298,de
4268,af
5017,en
9194,en
7098,sv
4040,it
4334,fr
13536,tr
14939,nl
1511,fr
11598,id
870,fr
5661,de
14591,tl
2271,sv
12343,id
15387,nl
10049,id
11453,pt
11168,sv
2309,sv
9767,af
14063,it
16668,tr
11844,es
12306,tr
16024,tl
2205,es
6747,it
10080,de
5176,af
16605,id
4247,id
827,fr
3809,id
5201,af
14919,tl
2773,de
3841,tl
16248,tr
3883,fr
15127,es
16045,tl
6732,en
15359,tl
3306,fr
1554,pt
4764,de
4994,af
5358,de
15364,pt
2859,pt
4491,id
3727,pt
8774,pt
10757,it
254,it
11349,tl
9212,de
437,fr
4119,en
2975,tr
10093,tr
6055,it
1156,sv
2208,de
10053,it
9321,nl
14023,tl
8579,de
12999,af
16410,pt
11705,pt
14228,en
12366,sv
8642,nl
10286,en
6469,tl
9506,sv
15127,id
12004,it
3750,es
14690,pt
3174,tl
7718,de
12839,tr
7927,nl
16373,nl
16749,pt
16201,pt
6897,de
1158,es
9760,es
16399,nl
258,tl
15513,en
1217,sv
1940,fr
13346,tl
14038,tl
9212,es
9732,id
11634,es
3418,en
5919,pt
15511,nl
12717,af
7199,pt
12800,sv
1449,en
6448,af
6448,es
1454,en
3598,fr
15554,es
14746,es
10462,tl
10285,tr
2908,tr
10182,es
14791,af
4955,pt
13451,tr
8494,id
4024,af
9194,id
7956,tl
6061,sv
71,tr
12961,en
12254,tr
13341,nl
2163,es
14761,id
16872,fr
4249,fr
13188,af
169,tr
10772,en
15546,it
6151,pt
9815,tr
13181,tl
6024,sv
7680,es
16471,af
9897,fr
333,tl
15904,tr
8387,en
13684,de
4312,it
6385,it
3207,it
9471,en
6473,de
14053,sv
9460,sv
5128,nl
15880,tr
13984,sv
2527,en
13983,tr
5401,nl
5128,en
13391,nl
7499,en
3993,de
4375,pt
14597,en
10527,en
11302,id
473,de
10855,it
13881,en
3406,fr
13135,nl
13346,sv
16916,sv
9669,sv
8904,id
4803,fr
12073,af
1123,sv
4112,fr
10105,pt
8442,pt
9732,tl
4283,pt
15656,nl
782,tr
13625,tr
6594,tl
178,de
16838,de
14620,af
9956,de
13706,de
8667,de
8914,fr
6937,tl
4784,fr
8767,es
2198,nl
8731,nl
3993,tr
17116,tr
1404,id
16974,fr
8004,nl
14701,en
5258,sv
6744,id
9153,pt
5050,nl
8322,de
2168,tr
2781,es
3674,fr
11331,tr
12883,de
4081,pt
5122,es
4189,pt
11266,de
5250,tr
15703,sv
4587,pt
2594,fr
2160,es
15656,de
4313,de
3603,fr
14706,nl
17107,fr
10938,de
7026,en
13823,sv
15214,en
5568,fr
2540,tl
4166,es
891,fr
1202,fr
2527,id
5160,en
12366,tl
4088,nl
6785,de
4524,af
5614,id
12189,de
10288,fr
10444,tl
15857,id
4887,tr
4361,af
6221,en
10081,sv
3196,fr
17020,de
12824,af
6064,es
169,fr
16410,en
10843,sv
11164,tr
14481,de
15271,es
16717,nl
3020,es
12212,id
1301,it
13738,tl
16048,es
8150,af
12839,tl
7055,it
2690,id
12873,af
473,id
2156,nl
15825,sv
5347,en
751,fr
11861,it
3489,tr
11341,af
10760,en
14000,en
6172,es
14601,id
16652,es
14116,es
13986,de
5134,id
13154,en
8409,nl
3481,es
16406,de
11802,fr
16987,pt
3276,fr
6593,tr
12453,fr
6229,pt
12381,es
2995,id
14763,de
9754,fr
317,af
15231,de
14701,nl
1551,id
5349,nl
12070,de
16880,fr
321,it
16814,af
3586,it
8824,sv
3623,id
2566,nl
12835,pt
13288,tl
16717,id
13340,pt
4130,fr
16148,af
7524,tl
8079,it
8206,af
7185,fr
11953,pt
8906,nl
5948,id
5488,tl
7185,tl
6722,id
286,id
2566,id
4377,pt
322,id
1635,nl
3378,fr
16430,tr
17143,pt
13031,it
12150,es
13741,af
2225,af
9303,it
5165,de
12413,de
14150,en
9198,af
15676,sv
11417,it
11417,af
7463,es
15634,fr
3838,es
512,af
16029,nl
15548,es
585,tr
7664,sv
7013,fr
4178,es
16992,sv
13135,tr
16032,tr
6710,es
9061,fr
2796,pt
1778,id
15563,nl
1249,fr
3441,it
15488,tr
9054,en
8539,nl
6992,fr
13486,nl
4955,tr
4985,en
8568,it
17156,fr
16627,pt
13255,de
14767,nl
7013,de
4023,id
100,nl
3590,pt
12402,en
15345,de
2403,it
761,id
5292,fr
16605,it
13298,tl
3886,id
6891,nl
2451,es
8977,nl
11459,sv
3162,tl
14090,de
2781,tl
9694,de
5358,it
1542,sv
10804,it
1982,es
16519,it
4449,nl
14504,tr
10433,sv
10119,pt
8672,tl
10288,tl
6946,es
1120,id
11172,de
475,de
6194,tr
6542,tl
11932,en
11770,fr
11306,de
4201,af
5911,sv
6055,sv
16924,de
5411,pt
999,es
10263,pt
16559,tr
12235,nl
13926,es
15166,af
8409,fr
3581,it
9009,nl
8618,de
1510,id
2320,de
14071,en
17151,pt
9565,en
15413,sv
4240,af
16593,sv
10107,fr
11767,es
9943,sv
16470,fr
7726,de
3694,it
6737,pt
1007,sv
4882,nl
9827,it
5840,fr
5683,tr
8085,nl
7655,nl
12452,it
6819,tl
4258,pt
14917,af
16630,en
15296,id
2316,tl
14038,pt
6372,fr
292,tl
13400,en
16583,af
9855,id
85,fr
10824,sv
1252,nl
11505,fr
3723,pt
3118,en
826,it
5165,af
13926,pt
5554,it
16712,de
2056,pt
16419,pt
3761,tl
8460,en
5131,it
12874,pt
11922,de
7496,en
6500,tr
11585,de
12212,en
1874,sv
16694,sv
5974,af
16609,pt
14437,de
6410,nl
10430,sv
8978,id
14792,id
3114,it
7319,es
13734,pt
8667,es
16075,nl
16357,tl
14382,it
16813,de
290,fr
16892,pt
6288,sv
6074,es
16100,id
3361,af
10755,es
13457,pt
1205,af
491,nl
5204,fr
15518,de
17157,pt
6103,fr
9323,es
8013,id
1655,de
6410,tr
11272,af
11678,en
4130,tl
13679,tr
10346,de
4249,nl
2338,en
10621,pt
1796,de
3426,af
3050,de
216,pt
6683,fr
712,it
16375,af
11353,de
9885,pt
7978,it
4312,de
804,de
3742,nl
3576,en
1048,de
16438,nl
951,pt
6034,id
17075,it
15655,pt
12813,af
290,tr
765,id
10444,id
16890,it
3029,tl
5043,af
13684,tl
15364,fr
14912,tl
3870,pt
2721,nl
16402,af
12430,es
9918,de
4391,de
3349,sv
11418,tl
14838,tl
85,tl
5198,tr
17075,pt
11215,fr
1636,de
1862,pt
3581,de
8585,nl
7955,es
5952,sv
15829,pt
3298,tr
13984,tl
11764,af
3700,en
827,id
8559,nl
1318,tl
9964,tl
625,tr
10444,af
2566,de
1547,de
12883,sv
1756,fr
9815,fr
12623,nl
13361,tr
1995,sv
5410,fr
9175,nl
4201,id
7993,pt
14429,nl
12873,nl
16648,nl
11345,fr
6402,sv
11798,de
11368,it
9270,nl
3669,es
16669,tl
8958,tr
17043,en
6746,de
16361,af
16402,en
10206,fr
7542,it
13140,pt
6438,fr
6801,it
5468,es
16846,tl
3114,id
10898,tl
16151,af
962,de
3912,sv
8762,es
826,de
11782,af
8426,de
9254,nl
11085,pt
8992,fr
10093,de
250,nl
3037,de
11204,it
15880,tl
15109,tr
16010,nl
6557,sv
182,en
13181,en
14330,de
14126,pt
6650,id
2959,pt
299,sv
5678,pt
2026,it
4205,de
6353,nl
13740,tr
2638,sv
2780,pt
11174,sv
13888,it
15610,sv
11322,de
16519,sv
9303,fr
6181,it
9193,nl
12905,nl
10319,nl
14,es
6134,es
5988,id
6290,af
6746,fr
4361,pt
16221,sv
5501,id
10268,pt
6118,fr
16729,sv
1547,fr
2868,it
6815,af
13035,de
9303,tr
9155,es
13099,fr
8150,pt
11490,de
4283,tr
5439,nl
5328,en
9216,pt
11166,nl
4130,de
10588,es
6178,af
15503,fr
5523,nl
15345,tr
6439,tr
15789,en
10346,tr
8653,id
12869,sv
1715,nl
4412,es
16096,de
6378,nl
4492,id
182,es
8387,es
14126,tl
4187,af
16907,nl
6457,nl
11424,tl
14419,es
14101,it
16228,pt
6093,tr
6405,nl
16163,id
5465,en
10247,es
8110,de
11409,es
6201,sv
14315,id
8042,af
8276,pt
4917,tl
14,sv
13766,it
2408,sv
7044,sv
1784,tl
2798,de
4216,nl
6366,fr
4001,es
16529,tr
15511,fr
8731,tl
13705,id
10426,tr
3600,af
475,pt
10027,af
14229,it
9795,fr
10100,es
680,pt
3349,pt
8762,tl
6162,de
2545,en
7927,it
14597,es
10579,sv
590,de
430,sv
4073,es
5707,nl
14253,en
9438,en
6710,tr
5118,fr
3503,it
13197,tr
12008,tl
15825,fr
2709,nl
7879,fr
2594,es
9918,nl
8882,af
3543,it
13683,sv
13069,sv
15857,es
16089,nl
12813,sv
16589,id
16032,tl
5650,id
10350,sv
16883,nl
1202,de
1264,sv
15348,id
1554,tr
5116,en
10853,nl
15311,tl
8055,tl
14457,pt
2724,es
5661,pt
4672,af
11133,nl
508,fr
10031,de
10399,af
7168,nl
12160,tr
16266,de
1007,en
2497,en
100,tl
16162,id
8461,nl
5985,tr
11916,de
14000,fr
8520,sv
6446,id
46,it
16712,nl
6578,tl
10816,sv
9254,id
14026,de
14163,af
9962,tl
15387,tl
8461,it
15849,tl
14323,de
8766,nl
12150,en
10590,it
12716,es
12623,sv
2128,tr
1513,nl
11764,nl
10493,id
3532,tr
15280,es
5103,af
3683,it
11081,fr
4933,pt
16713,it
10816,en
5721,tl
4173,tl
220,es
9738,af
7397,sv
608,tl
9706,af
12961,es
7598,sv
7461,tr
3196,sv
11916,nl
2517,fr
3161,sv
6147,tl
11665,sv
17138,nl
5261,sv
6729,sv
10451,fr
9460,en
15708,nl
14591,sv
1238,id
9896,de
1684,tr
10753,af
11720,de
14599,pt
16166,nl
16609,id
1677,af
8968,de
9931,sv
17081,tl
4154,af
13881,it
6294,fr
15765,fr
13494,nl
13734,es
4442,pt
14412,tr
6438,es
11259,nl
16045,fr
13741,tl
5652,fr
297,tr
7013,es
1489,id
2639,tl
15839,sv
16399,id
10743,pt
5122,fr
1043,af
16373,id
1217,pt
12582,de
7100,af
14794,it
10608,nl
11845,sv
6077,en
10319,af
7556,af
4436,de
16987,sv
9940,tr
5038,id
13372,tr
10100,it
6166,pt
10061,es
12293,af
15472,tr
15350,de
11773,pt
7922,tl
451,es
6878,af
3408,de
3605,nl
13439,de
6994,it
13361,it
1510,fr
6023,pt
4048,en
2400,en
17116,en
5525,af
5286,tr
15862,en
10333,en
16797,it
6737,fr
3894,de
15464,id
11442,en
15467,id
8431,en
15987,pt
10679,pt
12235,en
389,pt
14283,de
6994,de
11098,fr
3276,es
7528,nl
11636,pt
369,id
3099,fr
16772,tr
2230,af
15983,de
10053,sv
6103,tr
6282,de
10718,af
15249,sv
5051,nl
6617,fr
5261,en
7778,en
9619,tl
14526,es
16668,it
7542,tl
7316,de
962,af
7680,pt
4492,fr
5615,es
8535,tl
3834,sv
80,nl
6127,id
5074,sv
11361,es
13869,tr
11053,en
1808,fr
15127,de
17147,fr
11296,en
11867,pt
14591,af
6923,pt
8939,pt
15205,fr
4088,fr
11453,tr
11424,nl
6646,de
9363,de
11345,af
16354,pt
11733,sv
16496,it
16703,it
3406,en
15968,tl
11420,de
9738,nl
1318,id
10588,it
6878,en
12020,tl
1238,pt
8084,nl
9193,sv
13181,af
16532,tl
1123,nl
407,it
1710,es
15845,tr
951,id
5037,en
11733,tl
2545,pt
6710,sv
10119,nl
6516,af
11168,tl
11257,fr
10260,tl
6473,it
10743,id
426,nl
6964,id
3603,es
7467,tr
17142,tr
16989,fr
3631,en
4809,tr
9137,pt
11353,sv
7496,de
3542,af
9738,fr
12838,tl
8409,it
6774,nl
2798,es
11733,pt
5579,fr
1423,fr
397,tr
7711,fr
2098,tr
6282,tr
10078,sv
11827,tl
1756,pt
1413,id
10931,af
14449,af
3146,en
16523,de
13982,sv
3779,pt
12608,tr
1467,de
3378,es
5732,af
8245,id
12873,pt
6980,tl
5396,fr
7660,es
2927,fr
11515,es
6069,id
2094,fr
11959,en
5640,de
360,tl
14746,it
4084,de
5006,id
14142,pt
10893,es
10503,tl
8469,fr
3433,tl
9669,tl
1760,id
2387,tr
12759,fr
13341,it
6623,id
13780,fr
16103,fr
12800,id
9961,de
14323,tr
12693,fr
8681,es
14090,af
6405,pt
12159,tl
7140,en
10048,nl
15802,fr
5652,tr
17069,tr
15276,es
2386,en
4838,it
5966,de
5406,fr
14272,en
8119,en
14339,nl
9009,tl
5349,es
964,id
15560,nl
12254,fr
1264,tr
9994,id
3099,en
491,en
475,tl
15032,it
2959,de
1014,de
4554,pt
16666,pt
1542,de
14505,it
8741,pt
7660,en
843,tr
3750,pt
768,af
15732,af
15802,it
7209,fr
254,en
13722,pt
10508,id
13439,fr
16419,it
13165,en
6683,nl
3378,nl
14615,sv
9263,tr
9520,pt
14973,tl
14023,id
12160,en
6485,en
4973,tl
891,sv
6633,pt
3222,en
8460,sv
7817,sv
1379,nl
16376,fr
5152,id
14879,af
2965,tr
5221,es
14356,sv
6109,tr
3779,es
10197,fr
15982,it
5691,nl
13459,en
16072,af
362,nl
16758,en
3631,fr
299,de
11353,tr
3837,es
11875,id
16890,fr
11987,de
17147,af
10588,sv
6600,tl
4084,en
10970,tl
322,en
11483,pt
15610,de
6072,tl
9964,af
16559,tl
7316,tl
4680,tl
5574,pt
10523,sv
11585,en
12212,tl
12299,tr
16406,pt
4985,fr
10156,it
16523,it
12310,af
10909,sv
7113,af
6918,tl
4132,tl
14564,es
7292,nl
3492,nl
12835,tl
4023,es
1247,de
10673,nl
7851,nl
11845,fr
6937,sv
10851,it
7122,es
10909,it
10023,tr
15647,en
10197,de
4171,it
4463,id
1509,sv
17011,pt
15445,tl
16082,it
8366,pt
2931,fr
13252,tl
16719,af
1658,af
13546,fr
12019,pt
12437,nl
5396,tr
9768,nl
4383,af
13404,en
9720,id
12212,sv
6937,fr
6926,af
1148,tl
4073,nl
16992,fr
11514,sv
14963,de
6542,es
6761,es
7098,pt
3050,en
997,en
13318,sv
13341,fr
10825,fr
4177,id
3822,en
11470,it
12073,en
6643,it
11335,it
8666,es
292,es
12800,de
7726,tr
10501,tl
4673,sv
2639,pt
3907,nl
1360,tl
9844,nl
8771,de
12846,sv
11418,af
8430,nl
11546,nl
6533,en
13341,es
11107,af
10893,af
5721,fr
6221,af
5544,de
14622,en
12098,en
2396,fr
3320,tl
16398,en
13881,sv
14891,pt
6294,tl
9994,it
14323,af
2438,fr
14700,es
2283,tr
5727,fr
11643,de
10790,nl
2903,nl
3741,tr
15626,nl
3812,id
11990,it
14011,tl
11162,nl
6083,tr
15304,tl
14367,id
9384,pt
15721,af
12261,nl
441,en
6194,sv
11322,tl
7844,fr
11250,sv
4998,es
6325,nl
5085,af
15911,nl
11279,af
1510,de
2480,tr
3161,tr
14817,de
5176,es
4772,de
5917,de
4258,it
14126,af
15933,tl
10107,de
11476,es
7013,tl
9284,de
9197,tl
4313,pt
5199,en
9629,nl
1666,it
9061,sv
7662,tl
13714,sv
3654,pt
13186,id
5027,nl
4973,es
9457,sv
7918,nl
13900,de
14791,tl
16529,af
12629,tl
8430,fr
8347,pt
1675,fr
11053,es
10772,fr
3146,id
12537,nl
16228,tl
4178,nl
7055,af
6166,af
14453,id
11279,tl
360,id
2566,en
1123,en
14644,tr
14879,tr
7836,fr
4799,es
10156,pt
1786,tr
2146,pt
14406,tr
16038,tr
14437,it
4496,tl
4601,id
13738,en
16603,nl
1454,tl
7216,sv
10472,af
3146,tl
15565,es
7232,id
15358,it
1940,sv
12383,tr
8562,en
11409,af
11186,nl
189,fr
13359,de
15686,it
12254,nl
14412,en
12251,tr
1371,tl
13934,tr
12252,fr
16430,tl
12606,tl
10501,pt
2167,en
6672,fr
6385,de
333,it
12629,pt
16356,es
13625,pt
8912,pt
3717,sv
14169,id
9952,nl
6909,es
9138,de
5085,pt
2237,tr
14620,tl
2447,pt
9542,id
7080,tl
13102,it
11860,es
11460,id
15197,en
1874,it
1156,fr
16523,af
6050,fr
5307,de
635,tr
2432,tl
14414,es
7609,id
11610,nl
10957,tl
7596,tl
9680,pt
12883,it
7262,es
8730,it
16593,it
4887,de
3671,pt
10099,nl
5165,nl
8042,tl
6267,es
4355,sv
6596,de
13140,en
3576,fr
7693,af
15911,pt
14933,tl
6227,fr
1741,id
16471,de
14223,de
15756,pt
3671,tr
13451,fr
2531,tr
10045,de
12817,af
7013,id
2906,fr
11844,tl
11744,id
1180,af
10107,id
3993,nl
3671,es
4653,en
525,en
10224,es
6288,tl
9577,af
10621,en
13982,tr
11306,sv
1831,id
16506,tl
11259,pt
2678,af
16162,de
14820,it
16662,nl
12150,de
9651,de
13312,de
14229,es
1509,nl
9617,fr
13140,it
13694,es
12623,de
13177,id
6112,sv
15133,fr
10197,id
5051,af
16519,fr
1703,en
2408,fr
3337,fr
9562,it
11261,tr
5243,it
6682,it
5157,it
15561,sv
7044,tl
11999,de
4241,af
16914,tr
3554,af
16168,it
7098,es
5261,pt
11665,id
14673,sv
16296,fr
7224,tr
16297,pt
197,fr
348,tr
8598,pt
4463,es
2870,nl
2434,id
4017,af
5529,pt
16989,pt
11644,de
3960,it
2573,tl
3603,pt
1862,af
8206,it
512,fr
940,tl
11204,tl
7181,fr
16275,sv
16938,fr
17179,en
14304,tr
4985,af
3435,es
6594,id
3117,nl
8642,id
15968,it
12999,tr
1962,tl
124,en
3021,id
5414,en
11384,nl
15197,tr
7891,en
4391,fr
14150,de
14272,pt
10427,nl
14757,tr
15333,af
7956,nl
11969,it
14241,fr
16248,fr
5165,es
10399,sv
8388,es
13929,af
15359,tr
15841,id
7820,tl
15518,nl
8044,tr
9962,it
5221,tr
5840,en
15948,tr
9137,nl
16777,tl
1593,es
6289,en
13690,pt
1249,sv
9912,en
5497,tr
10636,tl
13215,tl
8276,af
6109,pt
15942,tl
2795,tr
2156,de
13766,en
13774,sv
2753,af
14820,nl
11215,tr
10296,id
11677,id
15358,tl
7542,af
17148,es
9923,af
9930,nl
5433,en
360,en
12308,tr
219,de
9897,tl
6353,fr
16886,pt
12724,es
16605,tr
6023,fr
10936,fr
14406,fr
15213,id
8694,fr
12289,tr
2531,es
8358,tl
5243,id
1072,id
11345,sv
9619,pt
6243,tr
12581,tr
15672,id
2160,fr
1065,es
11442,tr
5328,de
11437,af
11157,it
4283,tl
7596,fr
11514,de
10673,sv
17113,tr
9760,fr
14138,tr
4764,en
6194,fr
4173,en
2921,fr
9881,en
4402,en
3623,tl
182,af
14151,pt
63,pt
16385,nl
16072,fr
12233,it
17148,en
14223,id
17115,pt
14591,nl
15693,id
8394,nl
17090,id
15464,tl
6732,sv
10471,es
2108,de
5301,tl
7295,id
2082,id
11376,pt
6227,id
5917,nl
16603,tl
8824,pt
6670,de
6785,af
8516,it
14117,nl
15311,tr
6027,af
1264,pt
13547,pt
12693,id
7718,it
2777,id
5615,de
13457,es
6593,sv
9637,af
3750,sv
6201,es
12532,de
3522,sv
2414,tr
9669,en
10055,it
6967,it
4966,af
6129,en
2498,nl
16930,fr
5050,pt
9930,tr
5085,fr
13547,nl
6962,fr
15554,id
712,en
9632,en
6014,de
10712,de
14354,de
6446,tr
15472,nl
7500,pt
2870,tl
12802,id
7289,de
3822,nl
9358,fr
16354,tl
5721,en
5727,sv
50,es
14981,en
11841,es
1812,sv
6726,tr
4992,sv
7697,sv
3694,tr
13177,af
15231,tr
12306,pt
5134,de
13754,tr
6568,en
10355,de
14539,en
13101,sv
13722,es
10832,de
10832,nl
14668,en
3178,en
5006,de
11514,pt
9924,en
6959,tl
3539,af
9494,sv
6737,es
5468,pt
8129,it
1537,en
3330,fr
5221,tl
14791,de
8404,de
13177,tl
10608,af
16880,es
9885,af
10268,af
3030,tr
362,af
15998,sv
10321,fr
13774,en
10954,fr
10220,pt
8856,sv
16263,pt
4439,id
8150,en
15075,en
10855,tr
1379,id
15275,en
397,sv
6701,en
11515,sv
3727,sv
14342,sv
4606,id
12905,sv
6268,pt
8289,de
5722,de
14877,es
5823,fr
14648,es
13552,tl
8469,tl
6918,it
2320,it
11633,es
14190,nl
13799,tr
13043,id
5465,pt
9962,nl
5406,sv
7120,nl
11146,en
10645,es
14304,af
12536,en
5952,tl
2890,en
8206,en
1428,es
13547,fr
6747,af
3098,it
6378,id
11636,en
10317,af
6013,sv
16384,sv
13966,nl
4680,it
8204,id
15968,af
6159,fr
10427,es
3717,es
13867,it
9326,es
11075,tr
16470,de
292,de
9341,id
2258,sv
14473,es
9237,es
14787,pt
14481,nl
17043,id
14147,fr
16677,it
17144,es
1527,de
13575,af
11767,af
10812,de
3114,en
9674,sv
5318,fr
5703,sv
7380,pt
16519,id
16677,sv
1622,sv
5661,en
9197,id
1371,tr
3780,pt
967,it
4334,tr
15337,it
4710,tl
8415,pt
5958,it
13372,af
6575,sv
12051,de
9952,en
11483,it
7662,es
5524,id
931,sv
9363,af
7463,nl
8579,nl
16719,es
13166,tl
11427,it
3771,it
7690,sv
951,sv
4848,fr
3967,fr
9844,tl
1744,it
7774,nl
8466,it
11368,en
15032,fr
9316,pt
6147,it
897,sv
4487,fr
5627,tl
5650,tl
124,af
14555,it
6964,af
6713,nl
7596,de
9193,af
10655,fr
15271,it
11911,it
16228,es
3099,af
2203,fr
11554,tl
6600,sv
15672,af
16974,nl
6962,tr
2365,fr
1048,af
14356,af
14023,af
16413,de
10825,tr
7539,fr
15402,it
2134,de
3532,fr
4168,it
884,tl
3400,sv
1646,tr
635,pt
4271,es
9233,af
16373,es
10093,en
5970,id
1812,de
13391,en
13761,en
80,sv
11798,it
15358,pt
281,af
1796,pt
5050,tl
1076,pt
3,de
5650,it
11166,it
10893,tl
6550,tr
8453,es
6764,de
14355,tr
333,en
10757,af
14597,tl
13222,nl
10072,en
12339,pt
12008,sv
14544,it
13705,af
4258,es
14239,en
9966,fr
7609,af
6616,es
448,fr
13548,id
12098,fr
14243,sv
7004,af
7902,sv
974,tr
8055,sv
3960,pt
366,id
11353,es
12672,tr
12618,id
13473,id
4355,nl
3911,de
12291,pt
8188,fr
9577,fr
13016,es
17087,tl
5333,tr
4244,tl
16701,nl
13135,pt
10403,af
6725,id
14504,it
5722,tr
15651,en
7697,it
17135,id
7185,nl
14015,nl
10256,af
6533,sv
13178,en
16377,es
13412,pt
10757,tr
14526,tl
6162,it
4662,en
1777,de
4587,af
11266,pt
2098,tl
10815,it
5902,sv
11437,de
9107,it
8585,it
7686,tr
4784,nl
14620,it
1379,pt
13083,nl
3460,en
9284,pt
296,de
14370,id
11733,id
10247,it
730,es
9569,de
6060,fr
16609,nl
4271,tl
12162,tl
16438,tr
7655,it
385,nl
1759,nl
4026,tl
16591,es
6370,af
6061,pt
6014,id
12419,en
5292,en
14395,nl
5050,es
9524,sv
13761,it
5691,af
14243,en
8880,es
11125,nl
6892,nl
12824,es
2264,sv
5970,af
1812,pt
17011,tl
16874,af
1607,fr
14490,tr
3080,fr
3614,id
11085,de
16781,af
1904,sv
1413,tl
9619,fr
14461,sv
10286,it
2350,fr
10197,es
15467,de
11427,tr
2709,fr
1675,nl
3911,af
8294,id
12402,af
2770,nl
10213,nl
14461,af
7863,id
16183,fr
16523,tr
10718,tr
9528,tr
10805,nl
4116,sv
3205,fr
10927,de
5465,nl
10177,af
4119,sv
3161,id
14904,it
16377,af
14419,nl
4934,de
13459,nl
16593,pt
16280,es
5278,tl
11157,id
4921,en
631,es
4461,tr
4439,nl
10895,en
1458,tr
15560,fr
6725,sv
861,pt
7319,en
12675,it
6959,es
11987,nl
10080,tr
7981,pt
3406,it
3178,sv
16983,fr
11306,es
6506,it
13592,nl
1400,de
7919,pt
9426,tl
6457,tl
6582,af
5414,es
5912,af
14508,tl
16938,tr
4589,pt
7520,de
10093,sv
15249,es
13459,id
4283,it
3539,tl
4933,it
17135,es
9956,fr
0,nl
8741,en
6378,it
4502,es
10019,id
5370,af
6103,af
329,sv
2578,nl
16271,es
10080,it
11467,pt
1014,af
10570,af
3907,fr
4155,it
15592,fr
8771,tr
2283,en
16914,de
9035,id
8085,fr
6559,de
16955,en
3207,id
11442,nl
17042,af
12789,sv
5550,fr
4026,it
2517,tl
1831,de
14223,tl
6819,it
1527,pt
14820,tr
3960,tr
16947,tr
15706,it
7556,it
6737,en
12160,tl
16799,en
13639,it
1639,fr
13974,af
6388,id
14151,tr
3489,fr
13847,it
12817,id
7891,es
3784,af
10355,en
12160,de
8449,fr
5958,id
10493,tl
4973,id
6596,id
9507,en
12240,it
1483,tl
16992,tl
15966,en
6865,en
16376,af
14142,de
11250,fr
8056,sv
5307,es
14661,fr
16780,de
9053,es
12951,sv
15994,tl
14308,es
3725,af
3213,nl
10263,af
9406,de
2921,tr
13391,tr
14151,af
2721,de
6077,tr
3174,pt
5427,tl
366,de
8828,af
5988,en
1336,tr
9637,de
14239,es
6376,de
5707,id
13847,de
15933,de
2230,tr
3771,en
12844,sv
14891,es
5813,id
15686,af
7664,fr
9955,de
11664,fr
10508,es
3742,af
4439,sv
8241,af
6434,it
5010,fr
5156,es
6372,it
15950,id
5812,af
12839,sv
5027,it
7662,tr
5378,tr
4391,tr
5615,tr
13706,af
13639,de
920,id
7189,nl
6214,tl
11751,af
6801,id
9923,sv
3127,sv
9212,en
14597,id
10288,sv
4173,af
10760,pt
1575,pt
3717,tr
8260,it
4988,en
14859,af
12366,it
12289,nl
16005,sv
6069,nl
8431,it
2684,es
8496,nl
8880,it
13460,it
6337,sv
6227,tr
4145,tl
12905,af
3838,tl
15970,sv
1760,tl
13616,tl
441,nl
5570,af
3117,id
4449,tr
14229,fr
11331,en
7712,fr
15809,fr
4136,it
8635,tl
13346,it
15456,tl
14683,tl
3614,sv
2113,sv
3936,tr
864,nl
468,pt
13255,pt
3562,pt
3207,pt
6618,id
9053,de
8390,pt
9438,de
2724,sv
4361,nl
16961,sv
15326,tr
8413,es
8968,tr
16024,it
3178,es
14228,it
7767,id
7978,fr
0,af
14995,tl
5886,es
588,tl
2540,de
6116,af
5912,tl
13043,pt
7680,en
5156,tl
5085,es
3002,es
9009,af
11265,fr
10915,tl
2178,de
9121,de
5577,af
3400,id
9629,es
13630,es
10440,fr
2198,pt
329,tr
391,tr
13192,de
13283,id
7980,af
10105,tl
4136,tl
12212,fr
1862,de
16754,de
4544,fr
9971,pt
5261,de
9941,fr
16559,sv
13506,tr
1127,pt
2026,af
10093,pt
5953,id
11204,en
16593,nl
7449,tl
6968,id
6118,id
4486,tl
5888,de
2480,id
9931,nl
171,sv
7380,tr
3595,id
7916,de
5758,sv
6615,fr
468,tr
13738,id
12932,nl
11140,fr
3694,fr
10848,nl
4001,tl
3364,it
15839,en
12987,tl
4449,id
8029,it
9524,it
4554,fr
16314,id
6701,nl
2908,fr
2917,sv
9545,fr
16028,en
13524,sv
3870,de
2497,fr
17113,af
355,de
8004,af
6305,fr
3894,sv
10038,nl
6964,de
7902,de
10105,id
8825,es
1425,tl
4334,it
4040,id
16924,es
6568,de
11841,en
10440,pt
14599,id
12437,fr
4136,nl
4121,de
11081,nl
1760,it
612,nl
5149,nl
3460,es
2708,es
17138,sv
7292,en
14794,sv
4273,id
6755,tr
3562,it
7209,nl
6865,it
85,it
6489,pt
5758,tr
3912,es
761,sv
11164,af
16459,sv
6439,it
10753,es
15208,fr
16361,de
5258,tl
3418,pt
2403,af
3834,de
14592,es
12932,id
1360,it
7741,en
2704,fr
2496,af
16766,tl
16470,tl
11349,id
13078,fr
11177,pt
15707,es
15032,pt
13064,en
14442,en
16162,tl
9198,sv
6439,af
1630,af
10645,de
12606,nl
3911,pt
7851,tl
13722,id
16677,es
4272,tr
8906,sv
16377,de
4241,en
15700,es
7890,id
11796,id
15401,de
16961,pt
10260,nl
14505,nl
4439,fr
16713,es
4189,tr
13524,af
14701,af
1547,es
17156,en
6836,pt
16730,fr
14330,tr
12054,es
4152,nl
17052,fr
7287,nl
9149,it
6878,it
12675,id
1745,en
13847,nl
9015,fr
16384,tl
2207,nl
4171,tl
5128,it
11664,id
6093,tl
13798,pt
3486,es
5774,es
9706,pt
3714,nl
2678,es
1238,tl
8782,nl
4081,nl
7199,fr
2578,tr
10381,es
9565,id
8116,nl
15056,tl
5600,it
12532,af
10608,it
738,de
14083,nl
11474,tl
14026,af
2174,pt
12308,fr
6652,sv
14040,fr
6958,de
8300,pt
5888,fr
8033,tr
4890,tl
14096,af
15841,pt
15794,id
10940,nl
2704,af
11767,pt
4973,de
612,fr
13494,af
16560,tr
15305,tl
4653,tl
7151,id
11023,fr
4955,fr
9193,fr
15763,de
16501,en
8795,fr
3349,id
9620,pt
12846,pt
5149,sv
12813,en
3539,nl
11180,it
334,es
3595,fr
13099,pt
197,pt
13044,fr
14315,en
15802,af
14668,de
10164,id
14368,tl
13575,pt
7140,id
16763,en
5199,sv
4934,pt
16183,tl
15487,fr
15280,fr
1784,en
4241,de
3695,de
13199,es
12905,pt
16872,tl
8126,sv
13929,de
14115,pt
11417,sv
9121,id
10759,pt
6424,pt
10078,nl
13310,es
9855,pt
16399,de
13744,es
4689,sv
3434,de
13858,it
765,de
14684,de
5439,tl
843,af
3175,sv
14419,de
7295,it
4383,it
9912,de
931,tl
6836,sv
3686,id
1617,fr
8410,af
15845,nl
10171,de
14622,tr
14053,it
15765,tl
14661,sv
6195,de
4881,en
11250,it
286,pt
16501,af
7971,sv
16642,es
15862,sv
1108,tl
10081,id
7851,en
10565,it
8290,de
1030,en
11366,it
12797,sv
4312,tr
9844,sv
4930,af
14189,af
61,id
11915,de
14071,sv
16961,tl
11437,es
13074,en
12383,tl
13172,af
9426,af
13372,it
10442,en
3982,en
4960,es
6923,id
7919,fr
6819,de
16471,id
6722,it
14585,tl
4614,en
7073,de
16061,de
4921,id
14163,nl
2605,af
80,pt
12051,tr
712,es
10352,tr
796,it
10513,de
12251,id
7026,es
15459,pt
13853,tr
15413,nl
14705,fr
8461,fr
15280,nl
1774,nl
1511,es
6151,tl
14684,id
1546,tr
3779,tr
8985,it
9233,sv
9976,sv
2288,it
9074,en
4702,id
16777,en
660,fr
4764,tl
16384,id
13175,en
6725,pt
6243,es
13064,sv
11453,af
7055,fr
16713,nl
6682,fr
12291,es
428,nl
315,it
7908,id
10276,sv
8345,id
14822,fr
9035,tr
10851,en
16419,af
2859,it
5328,es
13689,it
5948,pt
6045,af
4567,id
9700,sv
7927,sv
8666,en
7559,id
13607,nl
4547,sv
6093,nl
5812,pt
2316,pt
11862,id
12233,fr
11026,sv
11825,pt
7316,es
5917,it
9720,pt
15957,it
16749,tr
10339,pt
608,id
9270,fr
1960,sv
12070,nl
4985,it
6506,de
9212,af
5296,es
11585,af
6371,fr
6928,it
781,es
2113,en
4667,en
6059,sv
4772,fr
5501,af
12629,id
8732,sv
13536,sv
14615,nl
3631,pt
4826,de
6968,de
15880,de
7216,tr
11633,fr
1831,tl
15298,tr
13580,id
11409,pt
6650,es
3124,tl
13044,en
14096,id
8037,it
5201,pt
4712,en
8029,nl
2684,sv
15382,nl
6892,tr
14354,en
9155,af
10738,sv
15592,nl
15185,af
10292,pt
3060,en
2775,af
4178,tl
11340,de
15554,tl
6388,es
11990,tl
10999,nl
15401,sv
16354,nl
11700,nl
4043,es
8539,it
5118,it
8730,es
5330,tr
8967,nl
10317,it
6433,pt
10501,nl
6325,fr
11141,tl
10709,id
5579,tl
12162,nl
16518,sv
964,af
4240,de
864,fr
8771,af
15231,tl
5330,id
15513,fr
8461,sv
837,nl
14912,en
3401,it
14706,pt
9793,sv
4178,en
122,tr
16701,en
12252,es
15358,en
15448,it
8058,fr
3433,nl
6116,sv
16459,tr
8822,nl
8635,it
11612,es
2840,es
3812,nl
3982,fr
8762,af
5221,af
8290,fr
5082,en
8182,pt
8822,de
1745,tr
10494,tr
1252,pt
80,de
4253,af
12161,id
9881,tl
6248,af
8204,tl
5014,en
3562,es
508,en
13900,it
931,nl
5134,tr
158,id
7151,sv
8366,fr
3600,fr
2898,tr
5278,de
11536,id
14891,af
9035,pt
10718,it
8300,tl
6495,it
14429,es
8882,fr
189,tl
17136,en
4152,pt
10107,sv
85,de
5297,de
12070,sv
1513,tr
14001,af
3623,fr
8029,id
2258,es
11915,af
1832,id
12469,pt
931,it
11423,id
6701,id
13714,de
2354,nl
11585,nl
13372,nl
14241,en
10970,nl
1982,id
14406,es
10523,id
7463,af
174,tl
9707,tl
2198,it
4313,fr
12604,en
15946,it
11164,fr
3401,fr
3669,pt
11990,af
11539,fr
16263,it
7316,it
13467,en
14545,id
8116,fr
6069,sv
8822,tr
11563,en
1427,sv
16427,pt
10527,de
14142,nl
8129,es
8824,de
2781,it
12161,nl
4334,es
412,pt
15946,fr
4764,id
9746,es
4659,de
63,sv
11505,nl
4268,tr
6426,nl
13740,es
3031,fr
7966,pt
10579,fr
8539,de
7004,sv
8672,af
11353,af
11942,tr
10292,sv
4272,en
4236,de
2165,en
15055,fr
10776,de
11563,fr
12526,it
16791,it
2134,tr
5158,pt
10350,af
11650,tr
2824,es
9694,nl
16455,af
13604,tl
4767,de
3447,it
14437,pt
3582,tr
15166,sv
1683,fr
14912,it
4077,tl
16072,tl
14214,es
5758,af
1703,nl
12161,it
11616,en
2373,it
3590,id
15095,id
16713,sv
8055,nl
7711,tr
10045,af
7014,af
15794,tl
15508,es
2801,de
10349,it
6337,fr
10827,fr
7820,de
5159,nl
2434,nl
14928,es
3576,af
10352,tl
4178,de
17095,nl
12957,tl
41,tr
14884,tl
7609,sv
1833,fr
14505,de
11554,it
16248,pt
3775,id
10895,tr
7025,it
5270,en
10970,it
5837,nl
4073,it
10105,es
4402,tl
5245,pt
12402,de
13683,de
16749,es
9726,en
13412,de
16131,es
3002,de
9361,de
7291,nl
9772,de
5349,id
969,sv
9269,id
9924,it
6764,nl
13927,es
936,fr
16248,af
8290,tr
4266,de
585,fr
2350,id
3717,nl
14147,de
10350,tr
15890,id
8390,af
5953,en
15703,en
6974,tl
14601,tl
6059,en
3982,af
14973,fr
4909,nl
1510,pt
14419,it
13575,de
6726,pt
6267,id
10985,pt
11483,es
15095,sv
6147,fr
4442,es
7450,tr
6643,en
16648,tl
3435,it
3101,tr
6533,es
5152,fr
17019,es
3671,tl
2859,es
1635,tr
13140,tl
12436,af
11700,tl
14822,sv
2203,en
11827,de
7697,fr
7499,tr
13457,sv
6352,es
4813,af
8415,de
14475,id
6015,es
10366,id
5341,id
17052,de
12908,en
726,sv
5347,it
10970,af
9175,it
12240,de
4116,fr
5347,nl
15707,fr
12308,es
9062,fr
660,it
914,tr
11266,tl
3435,tr
17143,tl
9706,tr
10296,tr
10712,it
9156,nl
14504,tl
13855,tr
16622,tl
3433,tr
468,es
2165,pt
13867,af
17081,it
3624,de
10855,af
14367,sv
6410,it
9930,pt
4712,fr
12802,nl
5820,fr
12839,nl
13298,en
132,sv
13044,sv
6516,nl
6618,es
7185,de
6112,id
13178,af
5038,tl
14306,id
16318,sv
10090,nl
13341,tr
2690,sv
16729,en
9353,fr
4826,tl
11238,en
6290,pt
10938,es
13412,sv
5888,tr
11650,sv
7073,tr
8828,de
2610,fr
4116,en
16907,tl
5544,pt
13175,es
11570,en
10350,it
15511,en
2647,tl
6550,sv
6045,fr
369,pt
15216,pt
263,es
8856,en
8781,pt
10699,en
14063,en
11366,pt
16002,sv
10678,de
9857,id
8276,nl
9088,fr
8900,pt
14526,fr
4710,sv
16583,nl
11770,af
15181,de
2350,sv
14668,tl
2134,fr
15124,af
3725,de
13548,en
15560,pt
14599,fr
3118,it
4402,fr
14661,af
3213,de
533,tr
1575,en
16627,en
7278,id
13639,af
5703,en
16883,tl
2386,it
15815,tr
7879,it
7768,tr
15225,af
4934,en
14622,sv
14475,fr
3418,fr
12606,en
5481,fr
15326,sv
2296,sv
8150,tl
7556,es
10909,es
9250,it
12717,nl
14919,tr
17135,en
6663,de
2605,tl
9059,id
4043,fr
506,tr
9323,tl
8900,fr
1351,tl
884,it
781,tl
14026,pt
6683,tl
6701,pt
9116,nl
11858,tl
15321,en
5152,de
12446,tr
6643,af
9236,it
16730,es
16028,es
4871,it
3077,pt
7216,tl
3096,af
5159,de
6159,nl
6313,pt
16766,fr
9202,it
16911,en
2908,nl
15732,nl
9121,af
13487,pt
16891,tl
13340,tl
11990,fr
14933,es
16989,tr
14414,it
14414,pt
5009,it
3398,tl
15216,es
1941,af
4890,id
1744,en
31,nl
5134,sv
13580,de
3522,tl
9815,nl
12553,tr
16886,sv
428,pt
625,id
14794,id
1833,pt
2351,af
15796,es
9676,af
7314,pt
11483,fr
1400,sv
8667,pt
1516,es
17148,it
16229,tr
16642,tr
8442,en
14001,tl
8110,en
751,pt
9676,sv
7654,es
5658,en
11361,fr
4116,af
1554,fr
13407,fr
292,en
2551,tr
17011,de
1745,sv
8967,es
5568,nl
7293,nl
16669,es
4951,fr
12672,it
15563,en
11954,en
2447,nl
12723,pt
6227,nl
4336,af
10078,pt
16652,nl
10171,pt
1831,af
9986,it
14,nl
9457,af
13487,es
10570,tl
4040,tl
14549,id
2651,tr
8033,de
3398,pt
9182,es
13341,en
12340,nl
13607,sv
6485,fr
4833,tl
11570,tl
9726,de
2265,tr
2795,fr
14530,tl
2684,id
12402,sv
11875,it
14147,en
5159,fr
13464,fr
3834,tr
10081,en
6850,de
3276,de
15982,de
16765,sv
13064,fr
9233,en
9062,pt
13869,pt
16652,fr
7894,pt
10999,it
631,sv
4258,tl
103,pt
1804,de
15348,tl
13694,en
7847,tl
5996,tr
12306,en
7111,sv
6305,pt
4227,tr
13974,nl
10687,id
6621,de
3936,id
5286,pt
13222,sv
14620,de
3030,en
14661,de
16613,nl
2320,fr
216,af
16694,nl
7120,tl
4492,sv
6616,fr
6539,af
1940,tr
1124,it
1589,tl
7232,af
10909,af
11266,af
16280,pt
864,tl
5529,nl
16100,sv
16698,nl
15802,de
14083,it
11607,nl
400,es
8426,pt
6539,pt
16563,en
3631,tl
4992,de
11177,es
15305,de
5820,en
16669,af
2396,nl
5525,fr
10534,fr
12982,it
5149,id
2400,id
9897,es
1301,pt
2206,en
14653,af
3993,sv
8394,de
14418,sv
9394,sv
4428,fr
6747,en
16050,it
4653,nl
2850,en
2230,de
5593,sv
16038,es
2717,en
6039,tl
3741,en
13744,it
11318,tr
10786,es
15763,fr
10938,tl
14877,sv
4550,pt
13666,nl
1784,pt
13078,de
7450,sv
1294,de
13548,tr
1264,fr
7170,en
333,id
2995,af
14592,it
6891,tr
12066,tr
10990,fr
7817,pt
10061,it
7080,id
16791,nl
407,en
8992,id
5127,pt
6744,nl
3727,en
11582,id
7161,tl
11915,tr
4258,id
4887,nl
8762,it
15825,af
8410,tr
12264,it
12354,pt
50,tr
1061,fr
5296,id
15409,it
5324,en
7847,tr
14063,tr
6177,en
3915,es
15815,id
7152,tr
10061,fr
16459,es
920,pt
17138,id
1744,sv
4334,tl
6670,af
8322,pt
17005,sv
1760,en
2206,fr
4982,sv
13685,tr
317,pt
5176,it
14615,af
3138,es
9030,es
16297,it
1778,de
8430,it
4463,nl
9674,tl
1962,pt
14090,it
7355,pt
17069,tl
7970,sv
14567,it
8116,es
1719,af
5427,en
6112,es
8037,tr
11270,id
6968,af
12689,pt
6725,nl
10455,id
3212,en
8958,fr
10048,fr
16032,es
12818,it
9923,de
14615,es
2678,nl
3542,pt
10090,id
12883,id
4930,es
7774,en
4086,tr
16924,nl
3400,tl
10898,id
11665,tr
10804,de
5577,it
10308,es
14544,fr
8914,it
14555,fr
3522,es
16630,af
11922,it
16010,id
12244,nl
4491,af
13115,en
4248,fr
3378,id
11339,it
12293,sv
13777,nl
6992,id
5554,sv
3595,tl
4201,sv
6489,af
4136,de
15197,es
686,tr
6159,tl
3321,af
8868,nl
5640,af
10957,it
5037,tl
2298,nl
826,tl
9019,en
11474,en
4240,nl
8248,af
14356,tr
1400,fr
10226,sv
10078,es
7295,fr
8343,de
4077,fr
13283,es
13516,tr
16992,pt
16652,af
5225,it
944,pt
16048,pt
6755,es
2868,fr
3178,de
974,af
10150,tr
1121,af
389,tr
5902,es
389,es
2673,pt
14668,es
5016,nl
8125,sv
16038,fr
13101,tl
10828,id
6301,en
10755,fr
6109,af
4477,tl
8413,de
12629,it
16694,id
6221,id
4994,tr
9202,id
16605,nl
17119,it
13521,nl
7980,tl
4554,nl
12160,it
779,de
2296,pt
8430,id
15095,fr
15409,nl
12161,sv
651,tl
16907,fr
15655,tr
585,de
15513,nl
16314,tl
6378,pt
14787,tl
5396,it
11903,de
6194,af
4375,af
15010,id
10247,tr
15181,tl
15364,es
16603,fr
9107,fr
5414,de
8148,fr
5149,af
14794,pt
12629,af
10808,tl
10915,sv
7539,pt
14083,tl
4077,sv
5531,en
13881,tr
13486,tr
10072,id
13318,nl
3031,tl
11186,sv
12963,id
10828,tl
6288,id
47,tl
3980,sv
11845,pt
8261,nl
9969,tr
7559,pt
10226,de
5797,sv
8084,tr
13847,tr
13796,de
4336,es
16916,nl
11539,it
15565,fr
6856,de
15723,af
13754,nl
6434,id
10497,af
12710,af
8824,tr
11053,sv
12526,tr
8188,de
9732,tr
16461,en
15634,id
2798,id
3338,sv
9269,de
6248,tl
8140,tl
608,pt
11860,de
13896,es
1452,id
9303,id
4375,tl
10177,sv
14884,nl
8449,id
11665,es
16145,fr
13929,nl
1063,pt
5524,pt
4268,sv
5082,es
16813,it
12354,it
16002,pt
2753,nl
8358,pt
15942,es
7461,id
13069,tr
4826,fr
100,en
10182,de
10049,fr
11536,sv
11505,en
1941,es
12248,en
5082,fr
13567,af
16944,de
5888,sv
9952,de
2434,it
13078,nl
8442,tr
8853,fr
8767,de
10214,de
931,af
14673,nl
3554,nl
11458,id
3413,fr
1048,fr
8029,de
16075,sv
10996,tl
3542,nl
12436,tl
3167,de
8044,fr
4994,nl
5176,id
5886,pt
10936,sv
16148,en
13297,tr
11706,es
3522,fr
16874,it
12004,en
6431,fr
10709,tr
4554,es
14,pt
8525,it
14414,id
4189,es
9772,fr
13140,de
16002,id
8525,es
6064,af
4283,af
17148,nl
14101,tr
8119,es
7870,nl
16459,tl
1156,pt
15208,tr
14963,tr
41,id
8345,de
5396,id
6194,de
6055,es
3980,pt
10956,de
6432,fr
16163,en
1217,id
13690,en
10319,fr
14150,tr
11920,tl
1830,de
2733,de
11026,tr
8766,fr
6241,en
1059,it
321,nl
16947,fr
11215,id
122,nl
6268,tl
11942,en
15326,de
11265,tr
5427,tr
4671,id
10893,pt
12381,de
10177,es
9930,en
14668,nl
9156,en
3413,id
16961,af
7946,tr
5225,sv
14820,de
13223,af
10753,it
6542,id
9103,en
14304,it
13312,pt
13997,pt
7777,id
8949,de
2647,es
17107,es
15348,sv
16170,es
4968,pt
3822,tr
7730,de
1547,af
15448,es
527,nl
2320,sv
7316,en
7817,it
15933,en
4154,it
6060,de
3995,pt
15177,de
7477,pt
8085,af
14817,sv
8960,tr
13881,af
10738,af
6967,en
1121,de
12982,id
17087,af
8125,it
12453,id
10563,nl
9506,pt
50,af
9640,de
10097,en
13554,af
10525,sv
9236,pt
3418,id
8125,pt
3671,af
5554,af
14706,de
6417,tl
5062,pt
11598,nl
2146,fr
5948,af
4550,de
11368,sv
680,de
441,es
16846,en
15487,nl
399,tr
14151,nl
2296,de
3819,tl
3337,de
9617,pt
11600,pt
13099,af
1401,es
16221,nl
7726,tl
6469,es
3228,pt
7477,sv
4554,sv
10674,fr
12392,sv
11026,de
4031,es
6109,nl
1372,tr
6061,es
15880,id
11844,af
10156,de
6366,sv
8914,de
13206,af
3734,id
8322,sv
14429,de
14646,pt
12308,pt
1151,nl
12212,it
11168,nl
1549,id
508,id
8165,nl
11458,it
11770,it
12252,pt
2959,tl
14879,en
8474,id
16763,de
12844,en
2795,de
443,de
3683,es
11189,tl
13310,tl
15487,pt
13982,fr
4362,es
4013,id
4966,de
1537,af
16455,sv
13407,es
9156,it
7289,id
730,de
12367,es
17108,nl
9851,nl
3205,nl
10049,tr
9844,es
426,pt
61,nl
1658,es
2917,tl
15225,tl
5886,de
804,pt
14553,tr
4290,de
5888,pt
5996,en
16048,it
9857,pt
13372,en
7613,id
1238,af
12851,sv
9931,id
15593,es
7216,es
13069,af
12835,es
16353,nl
16089,fr
962,es
10164,sv
1425,af
13221,de
13115,es
5974,de
13684,nl
1043,id
12340,es
6227,de
14150,af
14026,it
8496,de
10156,tr
4077,af
3838,tr
14644,pt
11265,id
712,fr
9966,de
15382,tr
2781,nl
16630,id
16777,nl
12951,it
13206,en
10855,fr
15075,tl
9875,id
7946,sv
11189,es
8888,sv
8165,it
299,tr
790,id
13854,es
4487,pt
7654,de
10214,af
12254,en
2387,nl
6542,tr
837,id
14071,de
442,fr
16276,sv
751,nl
15092,sv
2220,de
3654,tr
1264,nl
7563,nl
7151,tr
14461,en
2615,de
10430,af
4449,pt
7970,af
250,en
10285,id
10213,pt
10031,it
13459,tl
15847,sv
8667,it
7843,es
3,sv
14757,af
6370,id
9358,it
2330,es
9301,fr
897,en
2578,en
3361,de
10915,pt
11607,it
2850,nl
9694,id
16318,it
63,de
11349,fr
15970,es
13636,nl
8731,fr
8520,tl
16248,sv
1379,fr
6457,pt
10960,it
11841,af
14967,es
5722,id
8308,id
3911,es
9746,en
4173,de
3338,af
1833,it
4620,it
15464,de
15359,fr
11677,tr
9767,fr
14412,pt
2472,tl
11125,tr
9352,es
1744,fr
7844,pt
4477,fr
16384,pt
13135,fr
10776,pt
2163,en
9254,tr
15890,it
12376,tl
3507,sv
12261,es
13400,es
10276,es
533,af
5871,sv
2264,fr
13896,fr
7168,fr
13330,nl
15333,sv
8460,fr
8822,es
3727,nl
9966,sv
3029,id
15857,it
12745,tr
16995,es
1777,id
7524,en
4960,fr
6229,id
11871,tr
2093,nl
3386,nl
7542,fr
13370,id
12511,af
16797,af
12329,en
16701,es
15062,pt
1249,pt
7044,en
2983,tl
1377,it
16056,en
11157,nl
6539,it
3598,af
14822,es
5996,de
9384,es
2959,fr
3542,en
8958,it
13404,fr
10365,af
15055,es
3128,de
9542,it
5324,sv
9009,de
6417,af
4212,id
10226,pt
6815,de
14705,nl
5652,es
8347,tr
10430,pt
3474,it
8453,sv
11782,de
2540,nl
5970,sv
15092,pt
1404,tl
4968,id
7111,tr
2057,nl
6506,nl
10296,es
6729,id
17095,sv
17081,pt
1756,af
5568,de
9364,es
1042,id
4712,sv
8642,tl
1589,id
6701,fr
16402,sv
8251,de
4058,es
27,tr
6290,de
3338,id
6764,tr
4201,fr
3503,tr
7971,tl
6405,es
2373,tl
9895,af
6290,nl
10938,it
5157,en
3883,en
2545,fr
10674,en
9971,fr
13067,de
12866,it
12004,es
8415,af
8520,de
16098,en
16356,tl
12723,de
3435,pt
10333,nl
2960,tr
14147,nl
13370,de
11455,en
14368,es
1607,id
14646,nl
16467,de
16603,sv
8960,de
6195,tl
4023,sv
9924,tl
11322,tr
2512,tr
9524,pt
6041,es
12824,fr
1593,id
5221,en
16899,tr
11418,pt
7762,de
10667,es
2615,pt
5016,de
9303,sv
6072,es
102,tr
6643,fr
2480,it
5886,id
11467,nl
8730,nl
15464,it
14229,id
7257,es
6485,pt
16529,nl
6572,sv
4347,es
8541,it
1127,sv
13506,sv
11875,tr
17054,id
10731,en
9061,pt
3741,af
14355,af
5919,en
8618,es
9881,af
10105,tr
15700,pt
15556,fr
13926,fr
15756,es
3460,tr
5378,de
6737,id
7836,nl
15982,fr
4848,es
11764,tr
437,it
6424,id
8732,en
5650,tr
15968,tr
17111,de
11563,tl
6172,de
12261,sv
5658,de
15825,de
14973,af
12716,tr
15736,de
16459,fr
1870,af
2206,tr
2717,tr
5339,en
369,tl
16642,tl
16899,nl
13888,tl
1546,tl
16170,fr
13206,it
13734,fr
14223,es
10512,id
13847,sv
9327,nl
4662,id
4567,nl
16438,id
13908,de
1379,sv
2451,id
7927,id
10525,id
6878,sv
8958,es
10979,fr
10501,tr
2777,af
12235,es
2995,fr
1516,nl
15971,id
448,en
1924,es
4090,es
1658,en
1831,pt
7467,pt
15906,pt
10600,en
16944,sv
8948,it
11267,pt
5349,sv
6061,tr
5593,nl
12166,de
448,id
14190,en
9851,es
7549,sv
14429,en
560,tl
5658,nl
7502,tr
1063,tl
7583,sv
10216,it
10954,nl
625,tl
16049,fr
5574,sv
9793,af
16221,it
10224,id
5017,fr
11266,fr
16398,de
555,tr
4998,fr
3031,nl
8498,id
4973,af
4017,pt
5524,es
15656,tr
2438,af
5279,nl
3114,pt
7751,en
14304,pt
14539,tr
15598,id
14597,it
12723,nl
11490,en
9155,pt
12553,fr
12160,es
16096,af
4136,tr
3784,es
8073,sv
10816,tl
10990,af
3852,it
712,tr
9592,it
15305,nl
6337,id
12437,tr
11628,fr
16763,pt
16947,en
5797,fr
10679,nl
8387,de
9738,pt
3734,tl
15970,id
7774,af
16992,it
9964,pt
16711,it
3570,id
1249,tr
11751,tl
3623,sv
13694,tl
9363,id
16010,af
9674,af
12377,tl
8985,en
5321,es
2198,es
4890,sv
16975,en
10815,fr
6774,pt
8975,tl
17081,af
4166,pt
168,it
15454,af
10296,en
12240,id
6213,fr
1043,de
4086,tl
4271,nl
5732,pt
5427,pt
10579,id
9620,tr
16131,id
16814,sv
12127,tr
8410,id
13554,pt
6059,pt
5278,id
12869,af
3522,af
10579,tr
730,af
4589,tl
3398,de
16354,sv
9793,en
3253,it
1715,fr
8466,es
9380,en
4449,en
1423,pt
5439,fr
10938,tr
15747,af
14644,es
8043,id
3717,tl
6489,id
9035,tl
8466,tr
12873,id
14690,id
9009,fr
4772,af
4090,en
13619,it
3829,it
14001,de
9506,it
4913,nl
6289,pt
366,pt
4383,de
10846,it
9275,tl
14342,tl
4803,es
7598,pt
1924,de
10352,fr
13359,id
14925,id
6798,de
170,de
5593,tr
13780,af
4780,tl
14597,tr
1158,af
13342,de
1372,es
6901,en
6434,tr
9994,tl
8073,it
13740,en
4968,tr
15318,id
767,de
13186,fr
12160,fr
8681,de
17116,id
2225,sv
11286,en
11459,de
12745,fr
10321,sv
9902,id
8824,it
2330,id
9795,tr
3426,en
9853,fr
15839,tr
10471,fr
2795,pt
11529,en
11296,de
9062,tr
870,tl
7876,de
1425,pt
3329,en
7966,es
12608,nl
5579,pt
16320,en
5301,fr
12932,es
12693,it
5156,it
6248,fr
1256,tr
7098,en
4780,af
11376,de
4667,id
9236,id
8774,af
14994,pt
5523,tr
9384,de
10260,id
1646,af
13984,pt
15503,de
4217,af
1830,fr
9284,sv
12261,pt
16146,it
4084,es
10061,en
385,fr
16668,en
2298,es
10848,fr
6151,nl
7257,af
2288,af
10743,nl
16273,de
8880,de
5550,id
3725,tl
5341,nl
379,tr
1622,pt
16955,de
533,en
4216,tl
9856,es
15181,en
14038,nl
2812,sv
16872,pt
3101,tl
9362,tr
7057,id
5930,id
13685,pt
8828,es
5165,it
13854,de
13206,id
13869,tl
12789,en
5886,tl
13252,it
5481,af
6109,fr
4837,es
13974,es
10406,pt
4383,tr
10444,it
14761,sv
3725,sv
4443,id
290,nl
13150,de
16780,it
6726,af
14877,nl
9565,it
11306,tl
2733,tl
4104,fr
2611,fr
16165,id
10399,en
897,nl
7292,de
4171,en
7194,de
1124,nl
15802,tr
150,pt
11911,pt
7224,pt
8562,nl
4496,fr
7557,tr
1148,it
14418,nl
9678,nl
1710,af
16672,de
14939,tr
10709,af
5650,af
4224,id
11825,tr
9394,de
6112,tr
4589,fr
1551,sv
11705,sv
10590,sv
8042,de
2434,tl
11932,af
3178,it
9691,en
15472,fr
6878,tl
12824,it
14644,fr
5406,nl
796,de
9121,fr
14378,pt
7606,de
4928,es
11026,tl
12254,af
12254,es
6050,de
3329,it
4544,af
5396,tl
9601,en
9460,pt
15565,sv
16461,es
15809,de
16401,tr
9269,it
9761,nl
6457,de
9225,es
7025,fr
14705,tl
6426,pt
5410,sv
391,pt
5439,es
11418,fr
6074,en
1093,pt
11075,af
10366,en
2673,tl
10534,pt
8410,it
13607,id
1630,de
10119,de
5544,sv
4998,sv
15708,af
150,it
7316,sv
7500,de
11796,it
86,id
4764,tr
2167,pt
13486,sv
13685,es
8366,af
8694,it
8037,de
2365,af
10999,de
5047,nl
9015,sv
10805,en
13069,tl
1266,tl
2094,id
5410,af
7316,nl
13618,id
10166,de
13044,pt
4174,af
5198,af
3008,sv
1831,it
8269,pt
8562,de
10927,id
15634,tr
5481,id
16151,tl
10182,nl
12251,nl
5258,pt
16883,en
9620,de
13303,fr
5837,tl
15208,nl
2812,pt
1454,es
321,tl
9394,es
85,af
14481,af
4516,tr
15208,pt
2094,sv
16613,tr
1467,id
15765,es
3146,nl
6515,id
11796,pt
16166,af
14308,fr
15765,id
8453,en
11999,it
14792,nl
2840,af
484,en
5615,af
4383,tl
11825,sv
3481,sv
2850,fr
2108,it
8294,af
16096,id
5578,sv
15181,tr
3338,it
4232,sv
8245,fr
5952,nl
15181,es
2387,en
442,tl
6074,fr
2336,af
2704,it
12824,tl
12716,en
11250,nl
12629,es
6801,sv
4854,pt
8771,id
3837,sv
9460,tr
4346,es
15197,tl
14742,fr
4132,af
2975,nl
11827,tr
17135,tr
11644,fr
17123,es
11733,nl
10805,es
9035,es
8037,id
1703,it
1593,de
10600,id
17136,sv
10848,sv
3714,sv
7152,fr
7892,af
6434,en
13074,tl
9043,af
2957,pt
2605,pt
4606,tl
9979,tr
8388,sv
9793,fr
11366,fr
3837,id
4174,id
16613,sv
443,nl
5955,id
2960,af
5688,it
14787,fr
8985,es
7013,nl
5037,de
13491,en
13460,fr
4058,nl
4334,af
11744,af
16593,tl
12248,nl
15966,de
16916,id
11505,af
11273,fr
15359,pt
3812,en
355,pt
9114,sv
15647,af
4205,af
7111,af
3320,de
8426,en
2351,nl
3008,fr
4376,de
5911,tl
12248,tl
4174,en
10497,fr
8635,pt
3162,id
15948,de
12629,de
9897,id
712,nl
1774,de
2208,fr
16938,it
12930,en
16072,id
7870,af
12402,fr
5529,de
9015,en
12383,pt
9198,en
7613,af
3694,es
10182,tl
10815,sv
9494,af
11827,pt
15661,es
11664,af
4336,pt
1715,de
2447,tr
16229,sv
3489,pt
4994,pt
3050,nl
14101,nl
15708,fr
10738,pt
15862,es
10640,fr
6181,nl
3785,af
16356,nl
13252,id
13869,es
6290,en
576,en
7455,nl
7690,de
13679,en
7922,pt
969,it
13124,nl
15413,pt
9457,nl
7524,fr
3426,de
15444,it
14508,af
4672,de
3986,tl
5401,de
16859,nl
4973,it
7912,tr
6166,tl
13506,nl
8474,it
14444,af
5292,tl
16229,it
80,tr
11570,af
10224,en
12844,tl
12817,es
15561,nl
8681,tl
2591,es
12409,fr
5570,sv
5411,de
15563,id
6074,tl
399,sv
16353,tr
14597,af
10608,tr
11418,tr
11812,tr
17020,af
3096,it
7908,es
11302,sv
9507,nl
16168,nl
4449,es
9408,id
16693,en
1276,tl
12436,it
2684,nl
9815,sv
1874,en
11764,pt
16677,nl
7836,pt
11296,id
13363,fr
3214,tl
6045,nl
7449,en
5131,de
4043,tr
8880,en
219,en
11474,es
16029,es
16627,nl
41,it
1759,fr
9620,sv
4851,es
2441,nl
10292,id
7767,tr
15062,af
6448,nl
9979,id
3700,es
10455,nl
13706,fr
15472,tl
1123,pt
5229,es
6426,af
3884,sv
1176,id
15904,sv
2903,en
5324,tl
9124,fr
12306,nl
5902,nl
5006,tr
12717,en
7549,id
13288,pt
4917,pt
10038,tl
4921,es
13777,id
13067,fr
13411,id
6946,tl
2113,tr
9940,de
13853,sv
12736,tl
14963,en
14763,sv
8165,af
14147,es
15532,sv
14746,pt
13297,it
14601,en
3124,de
9855,nl
9088,nl
7922,fr
6162,nl
8248,en
4968,fr
6600,pt
12961,fr
9875,pt
1247,id
6897,sv
14272,de
10957,tr
6618,it
16082,de
6850,af
10960,tl
12189,af
10076,id
2591,tr
11905,de
6319,tr
10346,sv
1454,nl
8248,pt
296,en
5812,de
6248,pt
362,fr
9815,tl
5245,nl
796,tl
1537,pt
15763,it
7956,tr
17087,it
11453,de
5062,tr
12329,af
15113,en
2201,es
9918,es
1123,it
10570,de
1622,en
10226,es
6516,pt
1048,tl
11174,af
8888,id
14700,de
14395,af
3911,id
16888,es
3434,af
15950,it
2098,pt
12675,tl
3894,es
5579,nl
6559,af
14787,it
2354,de
11515,it
7876,id
4361,it
11162,af
7080,en
12930,it
2781,pt
12159,pt
8853,es
11607,pt
12299,it
14053,nl
7966,tr
3323,de
12800,es
13966,es
1160,pt
13330,es
13684,fr
8640,es
16045,pt
12008,it
1098,id
13690,tl
1449,id
4183,id
10985,af
1646,pt
16710,id
10513,es
7711,af
5433,sv
201,sv
16987,it
5198,pt
2717,id
1710,it
15275,nl
16622,af
14817,nl
15457,nl
8579,pt
768,sv
11751,id
5051,en
4043,af
3321,it
8322,id
7741,af
31,id
11460,sv
9471,es
12294,pt
13083,pt
14762,id
7563,pt
15862,pt
11331,de
16170,tl
10078,tl
4402,tr
13067,it
1808,sv
8394,sv
8322,nl
10099,id
1745,it
783,af
15987,tr
2480,fr
8853,it
4928,it
3011,fr
9362,en
9364,id
1238,nl
1249,en
12604,pt
6801,tr
12004,id
11875,sv
3080,af
5204,it
473,fr
1756,en
3522,en
9980,es
4309,fr
7055,sv
6304,tr
5661,tl
12689,fr
9707,id
11953,id
2921,de
12532,sv
4040,fr
7531,it
7613,nl
12553,pt
11341,id
12294,fr
6994,pt
14912,sv
13150,tl
8856,af
6352,de
10759,fr
16583,sv
15548,id
16357,nl
220,de
5619,af
14239,nl
8079,af
2396,af
10333,tl
14585,de
14530,nl
8535,es
16419,de
11459,fr
10256,sv
5707,es
11858,sv
6815,fr
428,it
3734,en
15337,de
1658,tr
1741,de
4248,tl
7843,en
261,it
1160,fr
6213,sv
9327,fr
5043,fr
9979,nl
13383,es
9591,tr
7820,fr
1589,it
6015,nl
5250,fr
4799,en
13040,sv
2704,es
7467,de
5204,tl
4833,tr
4376,it
3683,nl
2498,af
15948,af
6220,it
11773,fr
4258,af
12240,tl
1266,sv
6370,de
1440,sv
8415,fr
2016,tl
3321,sv
9632,af
16589,it
10213,tr
9291,tr
1474,nl
5333,fr
14539,sv
3522,nl
10982,pt
15880,it
13460,es
6434,es
4966,nl
4086,en
14995,en
63,fr
3838,it
14040,it
2708,fr
7528,es
10679,tr
15561,fr
5243,de
6517,nl
827,de
7355,tr
9361,tr
4871,pt
4913,tr
10019,tr
1156,it
4090,de
13223,tr
15911,en
2588,af
7655,af
7808,nl
4017,nl
8769,id
7353,es
15185,fr
15995,sv
5221,pt
16376,it
5707,pt
13997,sv
12972,de
12932,it
5797,tr
10055,fr
13738,es
2717,de
15839,fr
4463,sv
14644,de
3507,it
12299,es
5840,id
4653,it
7889,it
4710,tr
3338,tr
11266,sv
6500,it
6755,nl
964,pt
3886,af
6946,nl
3434,nl
10940,de
7181,en
6178,nl
9674,id
5912,es
9986,pt
9768,it
14138,fr
4428,tl
9994,tr
1371,it
11265,nl
329,pt
6166,en
13035,es
12685,af
6897,fr
1374,id
13154,de
16049,it
170,tr
3603,it
1124,en
8666,fr
4845,it
4227,fr
4299,tl
7912,id
4659,es
1941,pt
2594,af
14995,nl
484,it
6729,es
7061,de
5243,tr
7912,nl
5307,tr
8635,fr
389,de
4152,tr
12233,de
1007,it
2995,it
10038,es
7100,pt
14243,es
6411,de
2016,sv
3080,id
15138,tr
14001,es
10263,tr
6918,id
5573,af
15274,af
10804,tl
12367,fr
16151,es
6616,sv
11474,pt
16974,es
8414,nl
15456,nl
2271,en
3809,fr
10843,tr
3124,en
14592,sv
16872,sv
12430,de
15364,en
11695,en
7057,tr
2396,id
5026,pt
1063,nl
5840,nl
15982,tl
837,es
10776,id
8570,de
4017,tr
2615,nl
13881,tl
10513,tr
12736,de
15062,de
3554,it
3002,tr
16061,pt
3539,pt
3008,af
8977,id
3492,tr
8948,nl
1202,pt
11279,nl
9942,tr
11953,sv
11539,es
17075,es
10770,es
7397,it
612,tr
2315,nl
4973,nl
6353,sv
13491,it
5902,it
3116,it
631,nl
1640,de
7014,fr
63,tr
11903,af
16814,tl
3326,fr
397,de
8912,af
17075,nl
17015,id
12468,af
7908,tl
13016,af
7289,fr
1509,tl
11514,es
15904,it
16992,es
1123,af
16717,de
5757,en
11426,it
8308,tl
1684,pt
6495,tr
10731,de
7355,en
13766,es
10166,tr
920,es
12263,tr
13310,tr
2396,de
4712,id
4183,it
1093,it
14874,af
4026,de
4689,es
2234,de
7978,sv
12606,es
16652,de
15055,nl
16622,fr
8402,pt
11141,es
936,id
8867,tr
14475,es
12817,en
6045,en
3486,tl
3103,sv
12797,nl
9568,es
10525,pt
7294,it
16406,af
14370,es
3894,pt
6477,nl
1427,pt
16730,tr
11345,de
10960,af
14239,id
197,sv
1516,tr
10220,it
17011,sv
2128,tl
286,af
1995,es
15862,af
12066,de
4809,id
10957,sv
16103,nl
10247,fr
10226,id
1671,af
13150,nl
7817,tr
102,de
13983,nl
1115,id
3253,tl
6382,de
3700,pt
4890,de
15020,es
884,pt
1796,es
2230,id
10709,pt
7262,tr
10679,es
9918,en
5757,de
9541,id
8442,id
8958,pt
13140,af
124,id
5650,fr
2271,de
9107,en
16780,pt
5465,af
10323,pt
151,tl
16630,tr
13927,de
11525,sv
4803,id
15205,en
8084,es
5122,sv
962,fr
13847,fr
3543,en
11483,id
17148,af
10166,fr
5691,en
15075,af
17142,nl
14757,es
7908,sv
4247,nl
10565,tr
10579,pt
3020,pt
9053,sv
2573,de
13681,it
10640,tr
9402,fr
15203,it
13799,it
9114,de
6517,sv
14668,id
8004,it
533,fr
15792,tr
14919,af
13900,sv
13619,es
4272,de
5468,af
14130,es
1551,pt
11423,pt
2684,tl
11695,nl
6194,it
15723,en
4361,sv
9815,id
6533,it
13705,tr
7196,nl
4813,nl
4491,it
8245,es
14615,id
9732,sv
5301,af
5229,pt
11585,fr
8651,pt
16899,pt
9918,id
321,es
3562,id
11999,sv
5339,id
9114,tl
768,de
14653,id
8241,de
13178,nl
8948,af
14761,pt
6901,id
11376,id
12548,nl
11677,tl
16271,sv
7219,es
9853,en
11180,de
12182,sv
16430,af
317,sv
525,it
2983,tr
7294,fr
2007,tl
4428,tr
9878,nl
2551,tl
15983,af
10206,pt
2638,tr
9182,it
1425,id
5261,es
17143,es
4809,sv
3441,pt
2451,en
16874,es
5413,nl
3546,en
2651,tl
2098,af
1440,en
15829,nl
4486,pt
6041,it
3330,es
11681,es
16995,af
15321,sv
6744,tl
15513,it
1084,pt
11546,tr
7820,sv
9878,tr
10263,de
7520,pt
6431,it
11343,id
6495,af
13460,de
7680,af
11643,en
11904,es
7559,tr
13855,en
6785,it
15553,de
290,pt
1995,id
8985,tl
8681,it
1677,pt
14889,tl
12252,tr
10858,it
5324,it
7199,de
5318,es
17098,it
751,it
5584,tl
315,en
3516,es
3911,sv
15456,it
6562,fr
3098,es
2408,tl
9691,pt
14838,it
1913,nl
10053,tr
8414,id
4933,af
17151,tr
4309,tr
10588,tr
9155,it
12251,de
8562,af
16801,it
12019,en
13575,nl
10755,en
4780,id
13016,fr
16989,id
7567,es
15983,tr
7851,sv
2957,nl
9236,de
1300,de
5574,id
3326,es
8320,af
6936,it
5623,sv
15456,fr
14229,pt
10508,af
16947,sv
16010,fr
10824,fr
8436,es
9124,es
7185,pt
8916,tr
8666,tl
4177,es
3859,it
3742,pt
11067,tl
9137,tl
13863,tr
999,pt
13102,tl
8666,it
9014,nl
14490,nl
7751,nl
4461,it
5396,es
6370,nl
14917,de
8073,de
2548,fr
13172,de
6305,af
1774,af
10538,tl
8598,tr
3841,tr
2850,tr
15849,it
10433,tr
8907,tr
4254,tl
6747,de
3582,af
3323,es
4614,nl
15020,af
8150,de
7892,en
1400,af
3128,en
5286,sv
5671,sv
15187,it
5433,it
15155,tr
8771,es
16385,it
11418,en
4654,sv
16924,it
16470,it
6127,af
10353,fr
103,fr
9406,fr
8791,tl
4086,nl
6600,it
16838,en
14877,en
2638,id
5524,it
15177,af
5103,pt
6582,id
4355,id
13404,sv
8188,id
12604,id
7978,tr
12473,en
2336,pt
12839,it
12797,af
17069,en
2311,de
9155,de
15561,de
290,it
8431,es
4710,fr
14763,pt
11261,pt
13895,es
9812,es
13459,fr
11331,af
3323,nl
8126,pt
366,sv
4702,de
3595,sv
11053,de
17043,de
13383,sv
15655,nl
2777,sv
14706,it
5358,es
11470,de
15828,pt
16916,af
12248,fr
6159,it
6909,fr
2780,de
7113,it
15731,id
2207,pt
7087,pt
6865,fr
13616,nl
5888,tl
5134,af
4132,es
588,tr
6034,sv
17051,nl
15133,de
11177,de
50,de
11306,pt
14926,nl
2962,de
11904,tr
10027,tr
14071,tr
9964,tr
14648,tl
6500,tl
8394,tr
12159,id
2887,tl
16131,nl
9738,it
4132,fr
8694,de
11916,af
329,fr
13855,es
9878,fr
6457,fr
6432,de
2271,it
6663,tl
9793,it
9270,pt
8825,de
10501,de
7044,tr
27,nl
6473,af
15348,tr
10985,nl
4104,tl
10979,id
11349,de
11418,id
7181,nl
9149,sv
15305,it
862,es
14348,tr
3785,de
5919,id
16056,es
16754,tr
2995,tl
3050,es
5027,fr
3124,fr
16765,es
6761,sv
6214,sv
9918,tl
171,pt
13199,id
3207,tl
5411,it
790,af
5840,pt
10081,fr
15231,id
3264,id
1513,en
3378,sv
16168,af
13777,tl
712,sv
1677,id
12452,fr
6177,de
2167,tl
16354,af
5037,pt
10655,nl
2781,sv
7122,tl
9678,id
4831,id
1076,it
7767,it
14481,pt
1151,it
12366,tr
7044,es
11180,nl
3503,fr
9054,tl
13734,sv
8679,it
12377,af
10308,pt
12377,fr
9014,fr
11303,en
4290,id
10513,sv
9881,tr
4890,nl
6438,sv
258,it
10667,tl
12987,fr
10851,de
9408,af
761,en
3214,pt
4088,en
1960,nl
4253,pt
15062,en
13666,fr
6856,en
9175,af
3138,tl
4081,fr
13823,af
3378,tl
14925,en
11366,de
8001,de
4917,id
506,id
8404,fr
527,sv
10430,en
4988,fr
16891,nl
9198,nl
8269,id
5370,it
9562,sv
3329,id
4217,de
12166,id
2780,tl
12710,nl
437,tr
7890,es
17019,tl
10816,nl
1533,sv
344,en
9103,tl
15387,en
4346,it
16406,it
10319,it
13101,en
8055,it
11124,it
12844,pt
11267,af
13591,en
16248,de
8119,de
17090,tl
17108,pt
6722,de
6304,es
3460,pt
6646,nl
12235,sv
10503,tr
5330,sv
10217,es
5902,fr
14025,fr
2165,tl
3228,tr
3031,pt
1994,tl
1014,pt
2551,de
10016,sv
1703,sv
5159,es
16791,en
16459,de
63,nl
14001,id
2298,it
10679,af
10220,tr
362,tr
6789,it
2208,tr
7557,de
6616,pt
13688,sv
764,de
16467,id
12722,tr
3982,nl
3582,es
13625,de
2721,tr
11453,en
5658,pt
13069,nl
8846,id
16975,it
3011,de
9795,nl
13740,tl
7908,de
2414,id
2198,fr
4601,tr
9767,it
1427,es
5524,fr
15652,tr
10755,it
11633,en
16082,fr
10936,en
13855,nl
7762,it
11636,sv
4125,it
12722,nl
6015,id
8188,tr
14683,pt
10355,af
150,de
14063,nl
177,fr
9577,es
3378,de
2438,tl
15326,es
5339,tr
10099,af
8822,pt
4452,fr
2134,tl
10462,en
16710,it
9760,af
448,pt
4268,es
12689,tr
4336,en
6457,es
9651,it
9545,es
13166,es
4104,nl
4567,es
1579,tr
13881,de
11706,pt
8084,fr
7194,id
4838,es
7666,es
8960,id
1756,tl
3364,af
969,af
14442,nl
5127,it
46,id
11141,id
3503,en
3819,tr
10731,tl
12070,id
4890,it
5341,sv
12452,tl
10455,es
5678,de
6720,tl
13997,id
12310,fr
3543,tl
11339,fr
8289,nl
16276,tr
16777,sv
6980,tr
9827,af
2432,de
12982,tr
6109,tl
10365,nl
1404,sv
11318,nl
8640,tr
1093,tr
7751,fr
13197,af
14820,af
15792,nl
7894,id
4031,tr
13592,en
7181,tr
6722,nl
14967,pt
6503,en
14925,es
8182,af
15216,de
5118,en
15634,af
11366,id
1760,nl
16892,it
12150,fr
11600,af
3960,nl
4653,tr
4023,nl
16777,de
1666,pt
936,it
4672,id
1042,it
7194,tl
891,tr
14406,id
9524,tr
10078,tr
8084,en
456,id
168,pt
1071,en
297,es
8732,af
11844,id
16648,fr
6194,es
14601,tr
9569,tl
3725,nl
6732,es
15213,af
6294,es
7892,sv
8579,sv
2795,tl
7567,de
9979,it
11467,en
7978,af
8992,pt
14063,de
1904,af
5347,sv
6550,pt
15707,pt
3280,tl
10985,fr
3762,nl
6433,en
9225,en
4909,sv
6557,af
16914,fr
15020,de
13548,it
14001,fr
7262,tl
12537,tr
17090,it
16914,es
14367,de
525,tr
10815,pt
15655,af
41,tl
6836,it
16146,es
1794,es
8043,en
2355,es
11341,fr
13575,fr
8436,fr
5590,nl
10843,tl
14417,af
3727,it
10577,nl
5911,es
9460,fr
6295,pt
4361,en
385,af
9767,en
13567,en
10346,id
7927,tr
9678,it
9706,it
11107,en
13318,it
12800,nl
3050,fr
16413,id
2384,en
6967,tr
13986,id
10072,de
8073,tr
5292,de
13192,nl
2403,pt
16591,tr
11871,id
9156,fr
7000,af
5258,en
7194,fr
13926,tl
16314,tr
8618,pt
8347,it
3741,id
7073,af
8204,es
5774,de
10053,de
17011,fr
1874,pt
11335,es
13761,fr
4119,tl
8248,tl
11585,id
13298,it
16777,it
13318,pt
9700,fr
4659,fr
10097,tr
13516,nl
9878,af
4258,de
3870,en
3702,nl
4043,tl
7978,es
6178,de
1784,it
2198,id
1683,tr
5016,af
11306,tr
14382,es
442,af
8822,tl
6737,it
100,pt
15841,it
10440,af
9738,tr
8460,tl
10621,nl
12716,pt
11947,en
15554,tr
12430,sv
13494,de
14025,sv
71,fr
10513,fr
16029,sv
686,sv
15472,es
9691,es
1059,pt
3447,tl
14330,pt
13372,tl
7316,fr
9691,tl
7168,tl
424,pt
8640,tl
13363,es
3542,tl
2320,tr
16275,de
4913,sv
5570,tr
7113,nl
0,tr
12824,sv
4391,id
2709,de
14981,id
15488,pt
14323,es
3995,tl
2085,af
13619,pt
13487,en
13083,it
17151,fr
4240,it
10848,de
6746,es
931,pt
870,en
11349,en
4412,tr
6726,it
10940,tr
16624,fr
16944,tl
3761,tr
5573,de
5006,es
8343,id
11467,tl
12797,de
15708,de
8245,it
3128,it
6424,tr
11438,id
5840,it
1509,es
400,sv
7557,nl
16170,sv
3550,pt
9629,af
4620,es
15186,sv
15610,en
9857,en
16668,es
8343,af
14347,es
1084,sv
6434,de
1808,id
9924,af
13855,it
4346,tr
9955,tl
1449,pt
702,af
11570,fr
7291,fr
13744,fr
9362,es
13221,en
9212,tl
15626,it
4606,tr
11643,fr
1401,en
3138,it
14684,tl
8394,en
5074,it
15359,es
2927,nl
9358,sv
13722,fr
9053,tl
837,pt
2408,tr
9918,fr
6746,sv
9528,es
10824,it
15229,es
6411,es
4486,fr
6227,it
12004,tl
11124,de
16630,nl
8791,es
997,id
10338,fr
5497,it
4813,de
1750,pt
15280,de
10927,tl
9565,sv
2315,fr
8290,nl
151,nl
13854,id
6596,nl
5966,es
10182,it
8276,tr
14370,pt
16038,de
14791,tr
12717,fr
13043,it
10256,pt
2775,it
1202,tr
4412,tl
10579,it
151,en
1812,tl
8055,id
11529,tr
14509,en
13869,fr
9971,id
9284,en
768,tl
15413,tr
10709,de
3481,id
4854,en
1684,af
15075,es
14440,sv
12759,af
11328,pt
8241,tr
9114,id
6761,en
940,it
5339,sv
10433,af
10534,nl
10687,pt
3034,fr
11164,sv
3364,tl
10076,sv
2094,pt
5047,it
132,tr
15592,af
6241,nl
2850,pt
16891,id
4486,af
14874,sv
15950,tl
6726,id
1127,nl
8388,en
14239,af
1832,af
7073,nl
9909,it
5349,en
7892,fr
16813,af
15756,en
6195,tr
9565,nl
4654,it
5198,id
6708,id
2168,nl
6517,fr
15792,sv
10718,nl
8598,it
6072,af
3841,de
14,en
2540,id
4253,de
3326,en
9236,af
16470,sv
8867,de
169,de
11563,sv
1300,af
11796,af
9680,nl
7870,id
400,de
6489,de
15971,es
2906,nl
8001,fr
17157,es
158,es
6289,it
2906,tr
4524,it
2638,pt
8409,id
1830,tl
12818,id
14820,en
10563,fr
16911,sv
14859,id
3864,nl
12299,tl
5966,nl
668,es
10053,en
15472,it
5341,pt
15970,fr
5584,sv
12020,it
9301,af
9019,sv
9754,en
9669,pt
8119,fr
4673,id
13853,nl
6593,pt
9942,af
10048,id
11261,fr
11616,id
16056,tl
14658,sv
15133,es
5573,tr
12293,de
2914,id
11458,af
2166,de
13982,it
5550,sv
442,it
15747,sv
10166,sv
15995,es
10868,id
17179,pt
10996,es
15199,es
5856,id
16170,en
862,it
14437,en
1675,id
473,nl
13734,id
13777,es
4837,tl
12291,fr
4803,nl
1804,id
14179,af
12213,sv
11942,tl
8035,tl
3750,nl
16559,es
10031,fr
8110,nl
17069,af
1072,en
6992,pt
3771,fr
8336,sv
1744,pt
3413,es
9902,pt
15010,tl
11024,pt
10125,it
1639,es
15359,en
10119,tr
16987,de
16024,tr
11318,tl
9700,id
4383,nl
31,de
2690,nl
14000,es
4023,af
12672,tl
5330,it
7971,pt
14622,tl
17023,it
13681,nl
15214,de
10960,id
1151,de
5578,en
11189,af
5974,pt
1830,sv
14904,de
14791,it
12299,nl
10349,tr
9897,tr
2816,pt
3295,it
6055,af
2472,af
5296,en
8182,tr
12054,tl
7014,de
11322,it
14683,es
7503,pt
8766,de
4183,af
5156,tr
11502,fr
334,it
2777,en
220,tl
2447,en
4960,nl
7777,sv
7122,af
10990,sv
13819,es
4305,tr
9402,es
13591,nl
9620,id
11812,en
4960,de
17136,id
15661,it
11751,pt
15828,af
12736,pt
15503,tr
1940,de
10731,es
12446,es
10960,nl
11904,tl
6045,id
2708,en
13298,nl
16719,id
12874,de
1516,pt
2690,pt
3298,id
12310,en
15849,af
10224,pt
5204,tr
2647,fr
4776,pt
7502,fr
11409,tr
13407,nl
6325,pt
494,de
5122,af
10440,sv
14763,tl
13799,tl
4809,en
2338,sv
2203,sv
2824,en
1205,en
9352,id
6213,id
15651,af
11029,fr
8474,pt
11172,en
8781,af
11700,de
8653,pt
6166,sv
13346,af
2198,tr
9601,af
5573,pt
3114,nl
6294,tr
14820,fr
3124,tr
585,pt
13780,pt
3870,es
17111,fr
15587,es
1266,en
10999,id
10031,af
17147,de
1061,af
15957,en
13619,af
4168,tl
15199,fr
6994,nl
10527,tl
4933,en
6069,es
6980,de
8044,en
862,af
2296,tr
10645,tl
9909,de
15593,af
2178,tl
2908,en
9074,id
10335,it
10756,nl
12675,en
9955,fr
16455,tr
6646,id
10317,tr
15565,de
4249,es
13383,de
15796,tr
333,af
12987,tr
14115,en
1308,fr
8681,en
3852,pt
315,id
7531,tr
5411,nl
3280,es
1636,en
8541,tr
2711,nl
8037,pt
7878,it
914,pt
7570,pt
321,id
3674,en
3077,it
8394,fr
14939,af
2816,tl
171,en
2773,tr
484,sv
9875,fr
11490,tr
10954,tl
13166,nl
1191,de
3435,en
9601,fr
17023,fr
8119,it
15197,sv
16455,fr
5040,en
11922,tr
7293,it
7902,af
680,tl
3780,en
15350,tr
3021,es
3486,pt
1533,fr
9263,pt
4362,af
8461,es
3742,id
12008,pt
1276,id
16398,tl
9694,af
14130,id
6294,id
6568,es
13604,es
4081,de
11204,sv
3213,tr
6093,pt
7450,id
2985,af
3507,af
17011,es
16535,tr
1549,en
1148,fr
576,fr
13255,es
8907,fr
6024,af
13548,pt
1589,en
4985,id
3337,id
1063,es
4909,tl
12354,es
14090,id
7046,nl
6023,nl
8107,id
5732,fr
1489,it
9519,sv
6103,nl
7477,tr
2560,it
16859,id
17108,it
11023,it
3761,de
10956,tl
6515,tl
5974,tr
13705,fr
1778,it
6725,es
8129,id
14330,sv
10171,id
13966,id
12340,sv
7919,es
2056,sv
10853,tl
13181,nl
441,af
1374,af
7319,de
4309,sv
8958,id
8769,de
13780,tr
8975,it
11470,fr
15333,es
6980,pt
14599,en
13451,en
14026,es
9155,fr
5554,tl
14857,nl
6761,af
9014,de
4798,it
2438,en
12548,tl
14000,af
14473,pt
4692,id
16361,fr
4355,pt
13288,af
3204,tr
13486,it
15593,id
2497,sv
16763,af
2965,de
3460,de
11085,fr
10462,de
8774,en
12634,af
6477,pt
9138,tr
3204,pt
9043,en
8618,tr
12607,tr
10027,pt
6946,de
2264,af
12354,sv
6923,tl
2128,de
15785,tl
4236,fr
1336,id
1090,it
427,tr
6725,fr
4845,sv
2498,tr
6301,fr
4780,sv
9955,en
10525,fr
151,tr
5037,it
7847,en
317,nl
9827,es
12629,nl
3884,es
14673,es
8402,en
16225,es
1123,de
17052,af
16225,af
11990,sv
2678,sv
1635,fr
15906,it
3196,it
12383,it
1579,fr
7295,es
14553,pt
16873,nl
1238,de
3654,sv
14822,de
2035,it
1808,tl
16652,tr
1144,it
3513,fr
4377,af
14147,sv
17042,fr
13186,pt
9009,pt
7496,id
16470,id
13683,tr
12294,es
11273,es
11345,es
13222,pt
2373,de
5812,id
10125,nl
16888,nl
7556,tl
11862,it
10565,en
16222,it
5401,tl
9878,sv
8907,es
13370,tr
13069,fr
2113,af
508,es
8269,tl
7232,pt
7524,it
5871,it
11384,es
3907,es
9116,en
9494,es
7316,pt
17148,fr
9768,tl
5134,it
862,sv
7686,tl
11999,tl
10081,tr
1655,en
11539,af
3723,de
1249,nl
11328,de
16838,fr
635,af
3742,it
11612,sv
7216,it
9718,en
10678,es
6672,tr
8640,pt
2775,tl
14958,nl
8005,tr
12254,id
11903,it
7120,sv
13464,sv
6713,tr
10349,id
3725,fr
4985,de
5917,af
10538,pt
6503,id
3161,tl
11529,tl
5328,tr
9197,de
16888,en
3489,tl
14179,sv
4957,fr
10985,it
13077,en
12839,pt
2414,en
8939,nl
5840,de
8694,pt
9426,en
6295,nl
12707,it
2673,de
7970,it
1710,de
1774,fr
7161,es
15214,tr
6267,sv
254,fr
2690,fr
3128,pt
3819,nl
8781,fr
12468,en
299,fr
2796,id
86,en
12413,fr
16178,es
16373,it
12248,id
8867,en
9707,en
7224,en
9754,it
5465,tr
2753,en
8241,sv
10497,it
6093,es
14348,es
14243,de
13342,it
14481,fr
4672,en
4400,nl
16749,af
5286,af
2548,nl
14608,es
2908,id
10895,id
14355,nl
14268,de
16049,id
10023,de
6860,pt
5573,tl
14877,tr
13298,fr
4168,es
16455,id
13178,tr
13467,id
13083,id
15444,fr
7055,pt
5732,id
8033,af
6267,de
3400,it
5038,pt
2917,en
3361,tl
12846,tr
10317,id
5286,tl
9074,pt
3099,tl
16669,id
10430,es
5307,sv
11361,it
5531,sv
1803,sv
8853,tr
4767,id
132,es
185,it
12672,fr
7477,id
14919,sv
6713,af
1774,id
15933,tr
16589,pt
2545,af
10645,it
1377,id
13363,nl
8769,nl
936,af
16430,de
16010,de
10590,tl
8791,de
4871,es
5988,it
14857,sv
3091,en
10772,sv
6172,en
10288,en
10678,tl
13986,tr
7662,sv
15857,en
16874,pt
1913,en
3008,tl
12817,pt
11947,id
310,tr
6293,tl
6968,tl
7690,pt
4482,en
13688,tr
10915,it
8426,sv
7258,tr
5365,es
17095,es
8732,id
9362,de
13684,tr
2355,af
1551,es
7046,sv
3161,pt
16471,nl
10072,tr
11341,de
9175,es
13766,tl
12213,en
16052,sv
3321,nl
1982,af
6301,id
15651,tl
15556,es
15387,fr
11922,es
17023,pt
668,en
14599,nl
15706,nl
1377,en
8906,pt
10090,tl
5501,fr
13722,af
3603,en
6744,de
14117,id
1454,tr
1030,sv
15364,it
8977,sv
4524,id
11023,nl
1722,id
8345,tr
1533,es
4960,pt
564,en
16916,pt
4659,id
15825,it
9305,fr
296,fr
10323,nl
47,en
1098,tl
14154,pt
16603,pt
63,id
17087,sv
10080,en
7693,tl
11174,pt
9746,de
4258,tr
4882,es
5279,id
940,af
8289,it
10072,tl
1646,id
9193,tr
14701,de
15216,en
5296,tl
8084,it
10828,fr
4998,id
14272,tl
9194,tr
2082,en
7046,es
10399,pt
9114,es
9931,es
16471,it
3080,tl
11107,it
10846,tr
1205,pt
12963,es
1722,it
1994,af
2400,tr
47,af
10990,tr
158,pt
220,tr
15708,id
686,tl
6701,it
8035,tr
3400,fr
4187,nl
15518,es
9326,fr
6729,pt
7293,es
3162,af
3912,de
10048,af
6489,nl
12526,en
4982,es
14700,af
1995,nl
7549,de
3717,it
10308,en
14967,nl
4084,id
10286,id
6045,tr
15731,pt
5614,af
16518,en
5593,es
8469,id
15970,tr
6737,tl
588,sv
9569,en
13175,af
6061,fr
2917,id
9720,nl
7258,de
16049,sv
1719,pt
11302,af
1425,it
765,nl
12329,es
5578,id
451,nl
7870,it
6726,fr
13506,fr
11353,nl
4227,af
13122,it
6411,af
13457,fr
15656,tl
4851,en
2206,af
13819,af
4137,tl
5488,it
12623,id
286,tl
10718,sv
16029,de
1549,pt
826,af
261,nl
2573,fr
1180,de
10816,af
6967,nl
1076,nl
564,nl
6650,tl
3034,it
13223,tl
9408,es
5204,pt
3228,fr
3695,tl
3960,en
7556,de
14040,de
13166,tr
12098,pt
10260,fr
174,tr
17148,tr
10755,de
12779,tr
15635,sv
16589,sv
16297,de
1982,pt
14700,tr
4692,nl
11720,pt
16666,tr
12189,it
4854,es
2396,tr
11361,id
2400,it
16888,it
11306,fr
7026,de
967,id
6446,it
12526,pt
5919,it
11695,fr
8670,en
7014,pt
3859,fr
7461,nl
5671,es
16719,it
16791,fr
4968,it
15857,fr
10940,id
1276,sv
11778,en
14526,en
2311,it
540,nl
6129,fr
6562,de
15200,de
5691,es
3982,tr
16772,es
10335,pt
1646,nl
13900,en
8618,nl
6926,fr
11306,af
15166,id
15906,de
1759,id
2220,it
6992,af
11186,pt
7711,tl
7449,nl
3570,af
15387,tr
765,en
1589,fr
4312,id
17147,sv
4799,it
10339,es
11767,tr
14757,sv
13312,tl
6618,en
10999,pt
11839,id
11366,en
3809,tl
7353,tr
14011,de
2540,it
9909,nl
1784,sv
9156,pt
3590,tl
13524,tl
3008,pt
764,it
7741,es
11904,fr
7851,pt
16402,pt
10755,id
14316,pt
11677,en
41,fr
12254,tl
13199,nl
11922,af
6229,sv
7161,fr
1452,fr
13154,id
333,fr
168,nl
11483,nl
9761,pt
11470,sv
17116,af
13175,sv
8939,id
14151,it
16056,tr
16662,de
10577,tr
6405,tr
6550,de
15723,de
13077,tr
15592,tl
7844,id
555,pt
8498,sv
10366,af
6575,it
8553,it
15546,tr
14015,tr
5774,tl
10824,de
3378,it
1579,de
4017,sv
10286,fr
2007,nl
8436,id
15796,tl
10055,sv
9254,tl
8308,en
2733,af
3204,de
8343,tr
10501,fr
397,fr
11451,en
5523,af
16163,it
3595,it
6473,fr
16038,tl
14355,tl
3606,nl
962,nl
14973,de
14770,en
12098,id
3837,nl
12343,it
8631,tr
5774,pt
6241,sv
12629,tr
16373,pt
9225,de
3995,it
2403,fr
9182,tr
783,en
6878,de
6372,tr
8912,sv
14440,id
13796,it
15815,fr
16987,en
8674,af
3037,es
6023,sv
3408,tr
1483,pt
13927,nl
4826,sv
10608,tl
14742,nl
17005,tl
3099,it
16168,fr
12553,id
3305,de
10097,tl
3323,en
8037,tl
2611,tl
197,de
14354,it
14074,sv
5349,af
11633,id
11172,it
6616,de
6959,de
3011,it
2016,it
11081,de
132,af
4152,en
13777,af
6958,tl
5229,sv
13863,nl
13777,tr
9541,it
16228,en
14599,tr
15532,id
16002,nl
14354,id
781,de
400,tr
13798,es
13115,pt
11368,fr
7455,tr
8914,nl
14229,tr
2985,sv
15847,nl
11438,it
15561,es
13197,de
14246,tr
3401,de
12866,en
13929,es
12672,nl
14378,tr
6402,af
9250,en
16229,de
11174,fr
5902,de
6694,sv
2931,id
13896,af
11695,tl
8516,sv
14787,id
1933,pt
3834,id
8029,tr
997,sv
11067,sv
7289,es
13754,fr
8906,id
7583,en
10640,sv
6517,tr
12469,en
9591,id
8390,tr
779,sv
6027,sv
3513,nl
132,it
9855,fr
4376,fr
11563,nl
16056,fr
15454,de
7751,it
2927,id
16413,it
13705,en
15200,pt
14126,sv
17116,es
12618,sv
8825,it
9054,id
13035,nl
17054,tr
8888,es
2564,nl
16002,af
8731,af
13567,sv
2498,id
14283,tl
15185,id
16229,tl
13639,es
3819,pt
6725,tl
2531,id
4266,en
16028,nl
13754,af
16535,en
9542,fr
8042,tr
12553,af
15557,en
2320,id
1489,tr
16245,en
5026,af
7993,es
7843,id
13546,pt
6069,pt
1993,de
6227,sv
8853,tl
6172,it
665,it
279,de
333,de
3562,fr
6174,de
7455,id
10827,pt
660,de
6801,nl
14406,it
11133,pt
10827,sv
11773,tr
14648,nl
4155,af
11999,id
2498,fr
588,fr
2927,af
11860,id
16297,id
4988,id
132,de
9301,es
16296,sv
9471,pt
16846,it
7889,tl
3566,sv
10570,en
10099,fr
16385,fr
13592,tl
5062,tl
15825,nl
2408,id
16559,id
14442,sv
15560,id
12261,en
3298,it
1777,af
3174,sv
7820,en
14884,tr
132,pt
1811,fr
15670,tr
560,it
13717,pt
494,af
16603,it
1833,id
13690,sv
6643,tr
2887,sv
15199,af
4689,pt
9979,af
9815,it
9577,sv
12838,pt
6710,en
3098,en
9095,id
12291,sv
1076,de
9225,tl
4680,sv
14820,es
13140,sv
15847,af
6013,it
8079,tl
931,de
10858,de
6992,it
13297,id
10981,tr
16455,pt
4772,es
10940,fr
15249,id
8520,id
15686,tr
8967,tl
4524,pt
16872,nl
2056,de
3117,es
258,tr
8044,es
3774,fr
400,nl
15213,pt
16563,nl
5584,en
297,pt
3586,en
13165,es
12604,af
9971,de
11303,fr
5529,tr
15271,pt
7955,fr
13869,it
5579,it
3114,de
11634,tr
11954,nl
3162,tr
5038,nl
4921,tr
8494,es
7569,fr
2678,id
6652,es
6701,tl
185,tr
8949,af
8336,it
10954,es
3060,de
17108,en
4580,nl
4375,nl
9656,de
10512,tr
3103,es
456,tl
1960,it
4031,nl
15185,en
3080,de
4957,en
8148,af
12844,nl
11600,es
12802,af
9969,tl
16874,nl
12838,id
1756,it
13521,tl
9011,pt
10898,sv
7557,af
6964,tl
8732,it
10076,pt
1266,nl
8967,de
5245,de
16222,tr
14150,tl
10938,sv
10302,it
790,en
13312,en
8553,de
15652,de
13867,id
15205,sv
4155,nl
8822,sv
6174,fr
12308,en
451,tr
12675,nl
12383,sv
10571,pt
16630,pt
9594,en
10525,es
9384,af
3883,it
10770,id
10333,fr
9121,it
13464,tl
15661,af
3386,af
11942,de
5958,de
6337,it
13798,sv
8043,it
7894,af
14,fr
5122,nl
13679,pt
17157,sv
6496,pt
2156,tr
2057,sv
843,nl
8261,es
1913,de
17075,tr
1703,es
4412,it
7666,sv
8781,tr
10990,pt
5577,fr
3474,pt
1589,de
12532,tr
16266,id
14029,de
9569,id
1440,af
9194,nl
826,sv
1158,fr
11600,fr
6670,tr
16377,tr
5349,pt
14939,tl
2560,af
9760,it
8774,es
8436,nl
9767,pt
12248,es
10571,de
4982,tr
5820,tl
391,es
3723,af
5577,tr
14029,nl
6652,af
3915,it
7140,pt
6621,pt
7314,af
426,it
11172,nl
15983,nl
6936,af
5258,id
12019,de
12376,nl
5623,fr
2527,af
12723,tl
1180,fr
13983,fr
14283,it
8651,fr
10288,tr
3884,fr
3586,tl
16049,tl
7916,tr
6201,tr
3669,it
10346,af
393,it
12759,en
7141,pt
12999,de
16296,tr
16989,af
7778,af
14342,tr
14994,es
4851,nl
5497,id
9330,af
608,tr
13016,nl
8308,pt
14526,af
9896,tl
9088,pt
5468,tr
8539,fr
15656,pt
2801,pt
9187,sv
11124,nl
6506,sv
11915,id
16446,tr
13252,de
2890,sv
10673,tr
2517,nl
11720,sv
3323,tr
3222,pt
5640,it
11272,nl
1547,en
8782,af
4463,it
11124,tl
4654,id
6683,id
1594,pt
1176,de
11164,de
4831,af
8182,id
2931,es
10339,en
7061,nl
11166,sv
4086,es
8188,af
7294,id
7073,fr
14317,id
3323,pt
13575,id
6506,fr
4547,pt
16873,sv
12121,id
4290,tl
2338,af
3507,es
9353,tr
17005,id
15127,en
491,fr
14545,de
5465,tl
2057,pt
14820,tl
11706,fr
9009,es
5523,sv
15763,nl
9568,af
6372,en
6755,it
10339,tl
2780,it
14011,nl
4933,sv
6178,en
10444,fr
6764,es
5614,nl
7851,tr
15445,af
16961,nl
3513,tr
5082,tr
15094,it
9457,id
9198,id
6764,it
15181,pt
6060,tr
13506,es
12905,es
15032,tr
11536,es
2610,tl
13689,en
1933,sv
4601,en
7922,es
4412,de
8912,tl
14000,id
3305,id
1425,fr
47,de
100,id
738,pt
3091,af
15488,id
10357,en
16892,en
13604,id
4544,es
940,nl
13684,pt
2451,af
1904,es
2906,it
13363,it
1808,pt
17151,id
7014,es
804,nl
6403,sv
4313,it
15556,it
10365,tl
3222,tr
17138,af
512,tr
7258,tl
6865,tl
14355,de
6923,af
2315,de
6621,tl
16437,nl
3320,id
8,es
614,af
1084,en
16048,tr
11616,tl
1300,tl
2336,de
437,en
11643,it
5339,es
8782,fr
7044,af
1108,fr
1374,de
11539,id
15274,tr
9980,de
9182,en
12291,af
13625,nl
9035,de
2983,fr
4443,tl
6926,en
14417,nl
16605,pt
8642,en
6178,it
10276,pt
16377,it
8188,it
3809,pt
6729,tr
15289,nl
9204,nl
12759,tl
16427,it
13486,tl
286,en
5411,sv
6411,fr
6378,sv
16772,sv
292,pt
6672,sv
6974,tr
6815,en
8949,en
7216,pt
14368,af
7098,af
9669,it
2673,es
6860,nl
2315,tl
2639,fr
13083,fr
14530,tr
16765,tl
15635,af
16228,nl
1452,nl
10571,es
9767,nl
7026,tr
15513,pt
7219,pt
14190,id
8494,en
2566,fr
7287,it
11154,nl
1594,tr
12453,tl
11871,sv
4249,it
16693,pt
17020,tr
13855,sv
1428,it
14925,de
6024,fr
7026,pt
3624,tr
11862,af
2611,id
8140,pt
16406,en
3387,tr
8,pt
2610,nl
4084,af
14615,tl
5488,de
12252,en
15032,nl
13984,es
4692,de
9962,pt
4452,pt
9237,en
11600,en
11420,af
6617,nl
15670,af
1807,de
11867,fr
12607,af
5619,de
16983,id
4026,tr
6643,pt
17043,fr
3418,sv
12244,sv
15503,es
2351,id
10247,sv
11140,sv
665,pt
14473,nl
9233,fr
16401,nl
13689,nl
16987,tl
2573,it
9897,it
804,id
5158,it
4486,es
14342,pt
4171,de
3413,nl
2517,es
7680,nl
10296,nl
3907,id
2517,id
5600,de
11340,tr
660,nl
608,de
4764,nl
13043,tl
11366,es
15957,nl
16263,tl
10512,nl
10538,it
14117,en
7876,en
15055,en
11384,it
10699,it
10442,tl
6134,pt
2128,nl
16506,es
13693,sv
13679,it
11911,nl
11554,sv
861,es
3725,id
13966,pt
2166,sv
13567,nl
13684,it
3780,fr
12340,de
4620,de
315,tr
14505,fr
17170,es
14917,es
10743,fr
4909,es
2234,en
1675,pt
17111,nl
9694,tl
11438,tl
9707,fr
14063,fr
9030,sv
17157,id
8474,es
14599,sv
5955,it
8666,tr
9726,nl
525,fr
10979,tr
6726,de
15553,pt
8044,pt
12409,de
11085,it
10406,nl
17005,de
14658,tl
12150,tl
8466,pt
3762,tl
15094,tl
16430,id
2917,it
4882,sv
6469,fr
14354,tl
9918,it
4492,af
6819,pt
2128,id
7975,af
6352,id
13693,de
8666,id
12724,it
15987,nl
4268,id
8073,fr
1833,tl
7891,pt
13762,de
16872,it
15345,nl
3021,sv
3907,it
6045,tl
150,af
3654,fr
10217,pt
5574,de
5531,tl
2160,nl
10805,tl
11700,pt
348,sv
13679,id
16413,en
10512,tl
16838,sv
14545,tl
12866,de
3034,en
2334,en
9380,it
939,en
8535,de
4966,fr
7981,nl
14418,pt
1607,nl
15661,sv
3780,de
3852,tr
16276,de
6411,sv
10349,af
14504,de
16729,nl
158,fr
16385,tr
16609,it
6489,es
2777,tl
3750,it
13567,tr
14963,es
3812,es
10177,tr
411,en
1745,nl
3193,pt
2412,de
3742,de
11189,fr
7289,nl
3590,fr
5176,nl
7224,nl
6353,id
16406,tr
9114,it
7879,tr
8579,it
13078,es
15214,id
6737,tr
13983,en
5219,pt
13077,af
16591,sv
16029,fr
15305,es
10055,tl
6550,id
7194,nl
1756,tr
6162,en
14116,it
7978,id
13044,tr
1202,es
16911,nl
4567,it
4400,tr
128,pt
6725,de
10898,tr
9689,af
3624,it
322,tr
13888,af
16461,fr
2673,fr
15333,de
14116,af
14126,nl
12930,pt
3406,tl
10893,de
1300,es
10023,fr
6405,id
3364,sv
7628,tl
7000,fr
7477,it
12020,pt
14461,fr
826,id
5406,tr
71,en
3590,sv
411,fr
8579,fr
5635,nl
13546,it
5016,en
14348,id
2263,af
15010,es
2711,es
8765,en
7836,tr
783,id
6162,pt
13688,af
14889,de
8767,sv
14794,tr
13685,sv
4376,id
10182,sv
201,id
11911,de
13318,tl
15968,nl
15700,af
1807,af
13223,it
11678,sv
10213,it
13031,sv
11990,tr
9330,tr
8916,fr
12582,nl
10206,nl
10019,nl
11423,es
13363,id
5152,en
261,pt
13799,nl
8949,fr
6023,de
15777,tl
11303,nl
7919,nl
11916,tr
5568,id
4383,es
11782,sv
8460,nl
4090,tl
13303,en
5820,it
4043,nl
1158,it
12248,pt
16730,pt
14040,id
4620,nl
6623,sv
10645,nl
4567,tl
102,es
3546,nl
2351,en
11186,af
4845,af
6282,fr
9137,fr
15513,sv
8670,de
11340,id
12618,tl
4058,id
16002,de
2850,sv
17116,pt
9629,sv
14967,sv
2265,nl
170,sv
9966,af
16729,it
10851,es
12299,pt
7287,fr
10472,it
5219,de
317,fr
8126,nl
7774,it
10080,pt
7014,id
590,tr
7293,tl
9554,fr
14368,de
7878,de
8140,sv
7111,tl
5721,af
9138,pt
443,tl
3386,de
13869,de
2355,de
1744,tr
16165,sv
6489,tr
4305,fr
7449,pt
10563,id
2164,sv
1807,nl
1703,fr
2075,sv
216,en
576,id
6645,fr
16712,fr
2264,de
4689,en
8182,tl
962,pt
2678,tr
15829,de
6101,pt
3114,sv
8129,en
4516,it
3222,tl
8990,fr
1510,sv
14958,es
16098,es
15950,de
13630,tr
6746,nl
7889,de
6578,sv
10285,af
1467,af
11423,sv
7565,tr
3859,sv
7046,de
15138,de
11250,pt
686,fr
5026,es
16730,nl
9110,pt
9353,es
2408,es
12873,sv
4550,af
9361,sv
7232,de
11920,pt
15249,de
2517,af
1511,tr
12851,en
9330,es
2201,id
12161,en
10699,nl
16437,en
9353,sv
3507,de
11490,nl
4659,tr
15127,af
16899,id
15304,pt
1683,af
7100,tl
10673,de
12537,id
7496,nl
7606,tr
11600,sv
3546,de
9562,tr
8825,af
6331,nl
14683,tr
576,af
9554,en
1351,es
8347,id
11845,tl
1425,nl
8520,en
16859,tl
14763,id
4268,it
5225,af
15587,de
2264,es
8402,fr
2679,tl
13854,tr
4580,en
631,id
14684,sv
2160,en
7664,pt
9153,en
14539,it
2432,en
1658,id
4560,de
4305,pt
3554,de
1866,es
4439,de
12802,it
12951,nl
555,id
14995,de
3695,tr
10125,sv
6964,fr
1371,de
15056,nl
2336,tr
7741,it
4043,en
9976,tr
15401,tr
13411,de
13288,nl
5297,fr
9966,es
3060,af
2983,it
8410,nl
2995,nl
6495,en
1115,de
4461,nl
5296,tr
1715,en
576,it
6073,de
4667,tr
13215,fr
11812,tl
9630,tr
9233,nl
9137,af
12536,af
2255,sv
9732,nl
9394,tl
4376,tr
11677,af
5279,it
14033,af
7117,it
2438,id
1030,pt
10843,en
15661,nl
13078,sv
389,fr
12354,af
12685,pt
12182,nl
11796,tl
4178,fr
1401,de
7741,de
10166,id
4776,it
3034,tr
5635,pt
3539,en
7463,de
3138,pt
13754,en
2298,tr
7170,af
473,tl
5930,pt
4155,tl
17054,tl
10156,tl
5813,de
4524,en
281,pt
13467,es
9326,id
6077,sv
10346,es
7817,de
11349,nl
369,sv
3717,fr
14029,es
8516,id
8888,it
9943,id
15796,pt
2441,id
12251,es
9793,tl
4240,es
170,af
6101,sv
10497,tr
12987,de
2164,es
10072,it
10471,id
8672,fr
5027,tr
16589,de
9263,es
11460,es
5370,sv
3398,nl
12724,en
14154,en
5131,pt
8043,tr
9856,af
10471,tr
10938,af
15249,en
11168,id
14481,sv
8005,pt
5341,es
12020,sv
8289,af
13303,tl
4436,fr
16275,pt
4930,tr
4486,id
16712,af
16410,af
6789,fr
1745,id
12526,tl
9565,fr
14040,tl
1941,fr
13734,it
7520,fr
5912,it
4487,de
11384,af
10712,pt
6267,pt
1047,pt
9812,id
10508,de
6288,pt
9601,it
4048,de
16120,pt
13618,pt
6439,en
1264,es
8825,fr
424,af
6229,af
15561,it
10970,es
3338,de
4772,it
17042,tr
16496,id
15556,af
12020,tr
14417,de
16766,nl
4081,sv
10072,es
16151,de
11914,id
14505,sv
16733,sv
7808,it
3361,fr
12759,es
10427,en
427,de
10792,tr
5465,sv
1786,sv
14330,af
16605,fr
2573,es
2355,id
779,fr
11582,nl
344,sv
13404,tr
16501,id
6446,en
3723,sv
13867,tr
1715,af
5116,it
2703,tl
13738,it
169,it
5856,it
10471,sv
10712,af
16627,id
9124,de
4854,sv
13982,id
7502,es
7908,it
10512,en
12281,fr
13547,es
16467,sv
4084,pt
11302,fr
1831,es
6747,sv
13172,pt
12377,en
9153,tr
4442,en
6093,af
7170,nl
8679,es
16711,tr
15155,nl
2336,tl
6646,en
15661,tl
4784,pt
6568,it
6064,pt
3127,nl
9577,tl
10097,pt
16145,de
16271,id
11476,de
969,es
3967,de
7209,tr
13780,sv
13869,nl
7039,sv
2591,de
1374,sv
10442,es
1059,tr
3714,es
1671,nl
3834,tl
6582,sv
16955,id
6178,pt
12264,nl
15556,id
14025,nl
13383,tr
12127,tl
11442,pt
1832,es
5286,en
15561,pt
16276,tl
939,nl
7570,it
3980,af
2824,pt
9940,fr
12608,fr
10350,fr
1683,sv
3886,en
11839,es
5328,id
7690,nl
10579,af
4881,nl
4377,tr
3550,nl
16297,es
9316,tr
3915,fr
12779,it
11915,pt
765,pt
10156,sv
13407,pt
17115,af
11273,sv
1579,en
5225,pt
16402,id
16593,de
11476,en
11858,es
10636,nl
17107,sv
14761,tr
6214,nl
11453,nl
13166,en
16275,es
6405,sv
4173,es
826,nl
46,es
6562,es
1808,af
407,tr
3503,de
16813,nl
11267,es
12789,es
13473,it
4121,it
11643,nl
2527,it
3037,fr
16797,sv
8598,sv
10323,tl
8245,nl
12526,id
7161,af
2684,tr
6923,it
7559,fr
10512,it
6382,sv
2651,id
4680,nl
8414,es
1537,id
2703,en
11525,en
11164,id
13464,es
14530,sv
1872,tr
12343,sv
5199,fr
4680,tr
3080,nl
5988,nl
14994,tl
16914,nl
13297,es
12873,tl
4136,pt
16763,it
13694,tr
6713,en
16591,af
1617,pt
11420,it
1360,de
13283,tl
12608,de
2480,tl
1256,id
4183,tr
1413,nl
12240,pt
10523,tl
2724,pt
3011,sv
10197,tl
3401,id
3936,fr
4253,nl
8846,en
9940,en
1090,nl
10815,en
3175,nl
12446,en
7980,sv
50,en
10317,tl
7057,pt
14653,it
16669,sv
1160,de
12261,tl
5321,fr
13460,af
12618,es
3967,af
2639,nl
10804,tr
16758,pt
7922,en
6282,sv
8308,sv
939,de
13616,es
8426,es
6633,it
5797,it
11453,id
9994,sv
7919,tl
3162,de
14926,fr
11470,tl
5027,id
14762,tl
6195,en
17123,af
13383,nl
2174,de
4376,tl
2985,nl
15350,fr
11331,id
1866,id
2412,sv
16375,fr
10027,es
7216,en
10805,tr
8651,es
13186,tl
8436,af
5697,id
3834,af
14690,en
1452,af
4580,sv
4874,tr
3184,sv
1351,sv
16318,en
14770,de
2016,af
15587,tr
11024,sv
11525,id
4391,sv
9233,pt
6557,de
9857,fr
9554,id
10843,nl
3542,es
13391,af
10497,de
15056,pt
7655,id
14490,af
46,sv
16320,tr
4955,sv
11474,id
2220,pt
3835,id
12957,pt
14130,tr
6992,sv
8771,tl
8414,en
17098,fr
10718,en
3305,af
11802,nl
6195,it
4799,fr
576,pt
4177,en
14033,es
16698,sv
11677,pt
14190,tr
6936,tr
4112,tl
1760,es
16772,de
8731,en
7122,sv
3264,tl
12838,de
10471,nl
10588,nl
4973,tr
4334,id
4145,sv
7863,tr
15561,tr
8005,es
9054,pt
261,sv
3986,es
16398,af
8968,fr
1870,sv
3330,tl
16518,tl
16158,id
3546,pt
16461,af
8781,en
10352,nl
5475,es
9691,sv
6147,sv
13690,fr
426,tr
11706,tr
1351,nl
16995,nl
2531,it
10759,it
12299,de
6923,fr
16609,es
11166,de
9656,af
8618,id
10895,it
1071,it
8853,id
3894,nl
7956,fr
10444,en
14509,tr
10319,sv
12473,es
5757,sv
12213,id
13681,sv
10125,es
12453,pt
11802,de
71,pt
16669,tr
12957,de
3503,tl
13871,de
2678,tl
4154,tl
11862,pt
1276,it
14608,it
3741,it
11302,de
366,tr
10996,fr
7502,de
13694,fr
9707,pt
6670,tl
250,it
14367,it
7295,nl
9519,pt
10276,af
11860,sv
10177,tl
7975,id
3406,id
2480,es
10999,sv
4702,es
6382,it
11340,fr
11154,it
12066,fr
16648,af
9394,af
13215,pt
8343,tl
4502,pt
13591,tl
16120,es
2007,tr
7606,it
625,sv
14190,de
14000,tr
6774,sv
4491,en
10302,fr
3011,nl
16103,af
7455,fr
12722,af
12873,de
5085,en
4463,pt
1581,tr
9030,tl
13206,de
16730,tl
15296,de
16357,fr
11204,pt
11612,tl
11426,de
16050,de
3785,it
2237,tl
14757,nl
1527,tr
16437,pt
6129,id
5427,sv
2773,it
11451,id
14342,af
9969,nl
14026,sv
7847,sv
14163,fr
7912,af
7680,tr
16406,id
442,en
13341,sv
1121,it
6865,id
13099,tl
16605,sv
9112,nl
6710,id
3674,tl
11529,fr
7693,id
7680,sv
15686,fr
6495,sv
13744,tl
15249,it
2434,en
1030,it
6388,pt
14967,tl
13188,fr
4933,id
15296,pt
5722,es
6073,nl
15208,af
13546,de
9896,nl
15203,nl
8520,pt
3694,de
3114,af
6489,it
5318,tr
3212,sv
5974,en
290,en
891,id
9198,fr
6248,en
11546,af
3852,fr
1722,en
10709,fr
2258,fr
7878,sv
3841,fr
2868,en
8653,fr
216,id
12212,nl
12606,de
10568,tr
15880,nl
920,sv
16170,tr
2432,id
15721,fr
1579,pt
15911,es
10790,de
6761,tr
15618,tr
8975,af
16710,tr
8345,es
12413,nl
12634,de
1554,en
14308,af
15942,de
13172,en
9402,id
5823,it
16717,it
6166,nl
5040,sv
14767,es
6737,af
9030,fr
14683,af
5413,tr
3030,af
321,de
12548,id
11764,sv
16170,it
8388,it
8414,fr
12161,af
11257,de
5301,en
15138,es
4712,tr
13690,tr
4871,en
10851,id
13486,pt
12972,tl
12383,nl
10177,it
3600,nl
9541,fr
16591,en
15488,tl
281,en
6178,es
6337,de
2639,af
15109,de
369,fr
4205,sv
2316,it
9204,de
11706,nl
10743,tl
3407,tr
13630,af
4254,nl
2016,id
13206,sv
3812,it
1510,tl
9284,it
16100,es
6293,de
10346,tl
13215,sv
7598,tl
13312,it
10048,tr
6936,pt
2057,de
17081,fr
15845,sv
13407,de
7450,es
9976,af
11610,tr
11767,tl
10538,en
8731,es
4917,af
14545,es
14817,af
13974,sv
12802,pt
6764,af
2108,fr
3486,de
3489,en
3060,tr
11664,tr
6909,nl
7971,it
14615,tr
4040,pt
10753,id
6926,sv
2824,de
15289,fr
355,it
7912,es
263,fr
8320,sv
3870,id
6618,fr
5201,sv
4837,de
11681,tl
11860,fr
8570,pt
12020,fr
5683,fr
5156,af
4482,af
13115,nl
625,de
3378,pt
5584,tr
10335,es
4346,af
5297,nl
4887,en
1121,en
12835,en
4119,af
12511,fr
366,es
8949,sv
11133,tr
3581,nl
7293,tr
2165,nl
4031,tl
12127,af
11598,tl
6289,sv
11744,nl
16437,tr
15763,es
1617,tl
17142,es
16089,en
14912,af
2255,pt
10323,es
1308,de
1090,id
4921,tl
2350,de
13177,it
6220,nl
17144,en
15488,it
2496,tl
1301,tr
13536,tl
3407,es
5297,it
261,en
1401,af
7189,it
16703,tl
12724,pt
15350,sv
9594,fr
10600,it
6385,tl
3912,nl
5016,tl
10776,af
16859,pt
13467,de
2684,de
16630,es
4496,nl
15326,pt
8460,es
16052,fr
13741,de
279,pt
15155,it
12308,nl
1635,en
6077,es
8498,pt
4957,it
6172,tl
939,sv
7219,nl
2094,it
15203,tl
508,nl
12951,de
8241,es
2775,nl
14817,id
15670,tl
15318,nl
9193,pt
7449,fr
10100,tl
2908,pt
14508,tr
10982,tl
14564,de
2263,es
15693,es
15456,es
8085,de
16730,it
7120,fr
9155,nl
11340,tl
15298,nl
3507,fr
1191,af
12430,tl
2271,fr
8188,sv
258,id
6500,sv
4580,de
11451,pt
4362,tr
13580,tl
8741,nl
6325,it
4130,tr
16955,af
10523,af
11331,es
2178,sv
13460,sv
10038,pt
3037,tl
12383,de
9851,tr
333,es
4554,de
16766,pt
379,en
6582,tl
15039,tl
9962,es
5082,af
7712,id
13400,id
379,af
10321,en
14190,it
6542,en
16280,af
12367,af
2296,af
12233,id
14096,de
6370,es
6856,id
16892,id
10016,tl
8498,tr
7863,pt
15409,tl
13310,sv
362,en
16248,tl
12251,it
100,de
5410,it
2264,it
16677,tl
6127,es
8791,nl
7141,nl
1760,af
3695,it
13738,tr
2560,es
14465,tr
11643,pt
11470,pt
170,es
11677,it
3598,en
13101,de
16642,de
11905,tr
7026,tl
2774,sv
16519,tl
7073,es
2840,fr
4803,pt
15127,tl
1467,tr
10827,it
14794,en
14370,tl
12376,pt
7662,af
9952,pt
10285,tl
10756,pt
11990,pt
6994,id
931,en
13780,en
6815,nl
15109,en
13044,de
11458,de
1750,tl
15508,en
4550,it
6720,pt
14859,es
15472,id
9062,id
7232,tl
14889,tr
3103,af
12281,es
16151,pt
13370,pt
7080,sv
9562,af
6267,en
9014,tr
15809,es
2573,af
15124,de
16613,en
6162,fr
6836,es
14033,id
1511,it
730,tl
7397,es
5270,id
13896,tr
9406,id
9316,id
3162,es
920,nl
8525,pt
15792,fr
13705,tl
14857,af
7693,pt
3127,id
5116,pt
2560,tl
2605,it
16907,en
14605,id
11502,pt
10679,sv
7161,nl
10938,en
14490,fr
8562,tr
14223,fr
6382,es
9362,af
5406,af
9940,id
15983,it
41,sv
10090,fr
14891,id
3674,tr
15333,tr
12293,en
122,it
14889,it
8322,it
11286,af
15731,de
13197,sv
16642,fr
9669,es
5157,tr
614,en
9942,tl
13297,en
11825,es
11270,de
1372,fr
5611,nl
6489,fr
15693,af
16814,id
14189,fr
1710,nl
12604,sv
9043,fr
14601,it
1098,tr
11168,de
13681,af
11306,id
9895,tl
13340,tr
14163,de
17087,es
6572,pt
3320,sv
1593,sv
2108,sv
730,tr
7262,de
14000,pt
15409,fr
2824,nl
14283,sv
7061,en
5365,tr
6024,tl
665,af
4168,af
4881,tr
6069,tl
16131,en
12608,it
4227,it
10023,af
13044,nl
12866,tl
8674,it
6618,nl
8042,fr
9216,fr
11476,sv
9706,en
16677,de
6720,en
8336,tl
322,pt
393,sv
4826,af
13863,af
13298,de
6305,de
1703,tr
4048,pt
7894,de
14437,id
15318,de
13223,en
10226,it
8449,pt
1710,tr
15553,fr
4227,sv
7583,fr
5332,tl
10217,af
2588,tr
15454,tl
3581,tr
12343,en
804,es
7100,nl
9471,de
5652,pt
10462,nl
8635,id
12159,en
525,es
6789,nl
3020,tr
9651,af
8204,it
4934,es
1683,de
10433,en
14316,id
9827,tl
11460,it
5958,tr
16799,fr
5365,nl
2496,en
13467,pt
10832,it
13083,tl
13361,sv
16089,es
177,en
10338,es
5590,en
9406,en
1090,fr
2711,de
16693,id
1830,id
16672,sv
7087,nl
2330,nl
2798,tr
9237,it
3091,id
4400,it
5043,id
2647,en
14348,sv
3859,tr
14151,de
9851,pt
8939,en
13580,en
10512,de
9358,tl
16765,pt
3060,sv
4362,id
11616,af
3624,en
6112,it
11250,es
3809,de
9979,tl
767,tr
16797,id
13625,fr
8904,en
2560,tr
5623,pt
89,af
15177,tr
393,tr
8985,nl
15966,tr
3011,af
13679,sv
1379,af
8442,es
13342,id
5837,fr
17052,tl
12856,pt
3212,tl
14884,id
2615,it
5888,it
13516,fr
2975,pt
2770,af
6936,tl
7499,de
10339,tr
1238,it
4917,it
2168,tl
103,de
6214,pt
3138,de
4671,fr
407,es
11107,de
9361,en
8345,pt
15672,de
12127,id
5481,nl
263,sv
3039,tr
14746,nl
4881,fr
17170,sv
10494,af
14283,es
6439,es
1803,tr
2205,pt
5347,tl
17116,de
527,id
9059,af
8651,af
7168,tr
12264,id
2265,en
11861,en
8248,id
16814,es
3060,pt
7655,es
11744,tr
4968,de
5640,nl
16385,tl
4896,tl
8679,de
8496,id
13524,de
1994,id
12377,sv
14342,nl
4305,af
1807,en
14498,id
10302,en
12310,pt
4826,es
13567,id
15966,nl
15802,tl
6227,es
1703,af
12736,es
6162,af
7380,en
4136,es
2673,tr
6322,de
4312,sv
8912,en
12717,sv
7463,tr
6578,id
8116,de
11339,id
11954,sv
6214,it
16730,de
6227,pt
6433,nl
7570,es
13607,fr
9768,tr
2887,it
13464,de
12789,it
12189,es
4201,tr
936,pt
2903,tr
4672,tr
4290,tr
15457,it
10061,pt
16883,de
16266,af
13035,fr
14917,id
5727,af
6600,de
3838,af
1249,de
15721,tl
16989,es
10077,pt
6928,sv
13758,pt
1360,en
279,it
16162,nl
4452,af
15508,de
7087,tr
5414,id
6616,en
14564,pt
15839,tl
6928,id
11600,de
11733,it
2225,pt
14904,tr
8387,fr
11265,it
9994,af
12607,it
7500,tr
5554,de
13044,it
3386,id
11628,es
7291,it
102,sv
10055,tr
843,pt
1458,en
16045,es
1489,en
10444,de
15563,fr
14597,sv
8343,sv
3418,es
12121,fr
5152,nl
8679,sv
827,es
17015,af
7891,de
13536,es
11437,en
17144,pt
10403,es
8110,it
14317,tr
2709,it
6928,en
11839,en
4177,de
12869,pt
15862,id
997,de
3011,tl
11273,en
6025,sv
12453,en
6974,nl
5127,af
6177,af
7726,sv
15841,fr
484,tr
7295,de
16163,tl
16763,fr
15829,af
5678,en
11744,en
5159,tr
6568,id
11514,it
13197,pt
12618,de
13867,es
14440,pt
17023,de
15635,id
8880,nl
7609,en
13636,it
4992,es
8394,it
10940,en
15706,fr
5010,sv
4689,af
9182,tl
16938,sv
13796,tr
9506,en
10081,af
484,tl
14440,en
3605,de
15732,de
4673,nl
11075,tl
16266,en
14370,nl
14545,it
1866,nl
16583,id
12213,tl
12244,fr
13303,sv
14762,fr
631,pt
13487,de
16532,nl
3060,tl
13359,en
7151,af
2255,nl
6289,tl
10776,tl
3175,pt
15333,it
13166,pt
12263,en
1874,de
2035,sv
11861,pt
2396,sv
5427,id
3175,es
16225,tl
17043,pt
15137,id
12824,nl
16398,es
4081,id
832,en
16146,en
14,it
5837,de
10709,sv
4813,en
2472,en
11650,id
7559,it
4442,it
6926,nl
13122,es
14440,it
15109,nl
5577,de
17138,fr
15557,fr
11773,es
12453,es
9871,sv
41,nl
7953,fr
7690,id
9637,en
4838,sv
4710,de
2497,nl
6290,id
3606,tr
13122,af
17138,it
5378,id
10981,en
9198,tr
5988,fr
3406,sv
4710,af
2156,pt
15847,id
1413,en
1516,en
9980,tl
5040,tl
3441,es
50,it
9035,fr
11257,it
3819,af
5292,it
12839,fr
473,af
16221,de
13040,es
8949,tl
1832,sv
16354,tr
16729,tr
14440,tr
4831,tl
6645,tr
12377,pt
8388,fr
6561,es
3114,tl
6503,af
3852,nl
4254,tr
14859,sv
13370,it
7894,fr
9694,es
2174,it
13473,tr
10150,es
9976,es
12951,tr
16591,fr
1547,sv
9317,pt
6181,es
5501,sv
17138,pt
13186,es
4355,tr
3096,fr
9528,en
1759,tr
11607,id
2724,en
13705,it
14508,en
15554,de
2263,it
939,es
10427,tr
7878,nl
15857,nl
7004,en
10296,pt
13855,pt
6064,it
11053,tl
17051,id
1371,en
5131,tl
11204,fr
5997,nl
400,pt
428,fr
4882,en
4854,de
8284,it
3329,fr
4461,fr
3614,af
11368,pt
15364,sv
10940,sv
5149,fr
10673,af
5439,pt
6268,sv
5917,fr
15010,fr
10023,pt
10268,id
5229,tl
13487,sv
2773,nl
10957,es
8766,es
11570,id
8248,es
1812,tr
5127,tr
1030,af
9009,en
13744,af
310,it
10815,de
14169,nl
15736,sv
3401,sv
5593,en
5974,tl
4838,nl
8,tl
6295,fr
3096,tl
10166,nl
2591,it
4024,nl
7596,es
5958,en
2438,de
9912,sv
8300,it
5727,en
13798,tl
15656,af
6747,nl
4672,es
11124,tr
12251,tl
14490,pt
8670,pt
870,sv
4136,fr
7762,fr
4930,id
10365,tr
1511,af
6388,en
11767,sv
6439,nl
15777,pt
14071,af
6195,es
8990,nl
12722,id
6645,en
14939,de
4871,nl
4798,af
5043,sv
12957,tr
17107,pt
997,tl
14130,sv
13242,de
10442,pt
8100,tr
4375,es
3116,id
15274,id
4667,it
12582,es
7712,tr
7955,sv
6448,de
837,it
7613,sv
3020,fr
6909,tl
14705,af
8846,es
2684,fr
9541,en
15318,pt
16075,pt
6221,it
15095,pt
15890,nl
10333,id
15756,tl
16061,it
3883,nl
15647,pt
14770,es
14395,tr
8410,tl
19,fr
4166,tr
11782,it
9674,en
10455,tr
2163,nl
1372,sv
9330,nl
7496,pt
16430,nl
15197,pt
393,af
178,it
3174,en
10525,en
9632,tl
16668,fr
2542,tl
17144,id
6174,id
512,nl
11075,de
10588,tl
14317,it
2840,sv
11628,it
16535,sv
4152,es
9812,de
13083,tr
12343,tl
9980,id
6516,it
10023,id
5497,es
2234,es
11969,pt
6424,es
3214,id
13548,de
11610,pt
3543,tr
3426,it
13102,af
15155,pt
393,nl
10503,en
1191,nl
9617,de
4890,af
12066,en
6902,pt
15518,sv
974,sv
14925,fr
10853,de
16048,en
7189,en
8674,id
7258,nl
13400,sv
14668,tr
12789,af
6304,en
2540,en
3338,nl
8822,it
4496,pt
2447,es
15350,pt
5557,es
2709,id
2309,de
3020,de
16992,id
4966,it
13330,de
16413,pt
16781,fr
11141,sv
13521,pt
3603,nl
13312,id
9149,tl
14701,sv
6116,it
8640,af
10565,nl
16719,pt
1467,nl
9986,de
12856,id
7380,sv
6039,en
5997,de
3779,nl
13591,tr
9019,de
6594,es
15706,pt
1121,nl
16799,pt
12846,id
6410,es
1786,it
14967,de
4347,pt
3184,es
11954,tr
12707,af
14792,it
6411,tr
17054,af
8535,it
13798,de
10357,de
279,id
3700,tl
16075,fr
6774,id
13115,af
8042,en
16032,nl
6618,sv
4689,tr
3566,de
11525,es
16765,af
11474,tr
4547,tl
8280,tr
13762,pt
14315,pt
3570,en
8679,af
11525,de
6201,it
16672,fr
2026,id
12789,tl
4881,pt
10568,pt
14615,de
4232,pt
15518,id
6958,nl
11827,id
8308,fr
9323,tr
11845,es
14419,en
14382,en
7981,es
6434,sv
12582,tr
6946,af
9966,it
13854,it
8559,af
4026,af
8771,sv
16518,af
3727,af
7141,tl
3114,tr
1007,de
6798,pt
8230,tl
4589,tr
15756,fr
2408,af
13494,es
1030,de
11424,id
13853,es
14509,sv
2298,af
2908,de
16899,de
16907,af
6166,de
1722,fr
12252,tl
2156,es
13881,es
12252,nl
1513,es
9305,tl
10076,tl
8107,tl
10588,id
9263,nl
3590,tr
3039,id
5614,pt
15942,id
8404,nl
14601,fr
7120,es
5570,it
11706,sv
5050,tr
10525,af
16754,es
2512,fr
5082,de
12817,sv
13215,it
16052,pt
13552,fr
11257,nl
5524,tr
5619,en
8404,tl
13467,tl
11915,nl
3835,tr
1833,tr
4710,nl
11916,tl
1404,pt
6815,it
15326,nl
7808,id
15676,pt
4845,fr
4960,id
1872,tl
15948,en
5574,fr
468,fr
3835,af
9187,it
9902,nl
13997,fr
13855,tl
6732,fr
964,fr
3099,de
12261,af
10600,pt
9545,id
15289,de
10938,fr
16049,en
3276,pt
3852,sv
8148,de
9940,nl
16772,fr
14490,id
2451,tr
1542,pt
9035,en
8535,sv
13929,sv
8653,de
13439,tl
14418,es
7567,it
4933,fr
1121,id
4550,tl
424,fr
7970,pt
1249,it
8520,es
6473,pt
15200,sv
12736,nl
2093,pt
15982,nl
12264,de
2322,tl
11644,sv
3213,es
16583,tr
15177,it
8248,it
15039,sv
10512,fr
14933,tr
5525,it
7956,id
3034,nl
13312,nl
16888,id
16361,it
13871,tr
3841,es
862,de
11633,tr
12957,id
12689,sv
2721,pt
9617,af
1266,id
13896,de
2355,sv
1336,af
6789,en
4994,de
15656,fr
12019,id
17011,af
4951,sv
14539,af
12436,en
168,fr
362,it
12376,es
1294,nl
15503,tl
14673,id
10824,id
11942,pt
9269,sv
2258,tl
4673,it
3550,af
14011,af
4831,fr
15777,en
11539,pt
8856,es
6109,en
14838,nl
7291,en
5324,de
9940,pt
13974,pt
13023,sv
15186,pt
491,pt
15933,sv
15841,en
1774,es
12159,sv
14268,it
366,af
1671,tl
8900,de
16183,de
17151,de
7057,nl
17123,sv
8967,af
10909,de
939,fr
3034,af
7353,id
17054,pt
2056,af
11812,it
9795,tl
2338,de
11157,tl
15311,sv
1121,tr
4463,en
11905,sv
8672,de
8260,sv
2774,tr
9138,en
12469,tl
9053,fr
13188,en
15518,tr
17108,tr
13575,tr
9620,es
5378,fr
5122,tr
13690,de
7196,en
1454,de
3406,tr
6670,sv
12054,de
10970,id
7918,fr
16413,tl
10097,sv
14620,pt
10357,tl
7559,es
9761,tl
16880,en
9114,fr
12343,fr
10699,pt
6652,it
6378,en
6376,it
3734,tr
11437,pt
13348,es
12252,it
14429,tl
174,en
7971,de
3671,id
2373,nl
15946,id
16758,af
17043,it
951,nl
1870,id
1176,sv
12051,id
3915,pt
3196,id
15503,af
5797,id
15333,nl
14382,tr
8043,es
8570,fr
2690,en
8960,pt
437,de
3326,nl
4767,sv
13491,pt
7549,es
10981,fr
16995,it
15186,nl
14117,af
16874,fr
6485,id
11802,tl
8948,tr
15095,nl
1300,en
2168,fr
3605,it
10214,tl
14,tr
16162,en
13023,tl
3605,tl
9059,it
14585,nl
12189,en
16799,it
12251,af
2850,af
4854,it
13031,fr
3562,tl
11098,pt
1120,af
13074,es
7467,sv
9494,tr
3566,af
6533,id
13819,de
5727,de
9746,it
3298,nl
8290,it
8390,fr
16297,tl
4994,tl
9977,pt
10815,es
2400,af
4913,es
16754,en
6645,tl
12607,nl
10979,sv
2075,en
10216,de
15333,id
17019,fr
6134,de
11204,id
13521,id
5062,en
9855,es
10399,id
4043,id
10100,fr
8320,fr
8436,tl
12986,id
11098,sv
2225,nl
14154,de
2610,tr
63,af
12844,it
3474,es
4013,tr
16166,pt
15610,pt
13040,en
5401,it
10357,it
6372,nl
6672,tl
7355,it
15647,tl
4653,fr
8559,it
344,it
4186,fr
1646,it
13536,it
2030,id
969,fr
5199,tl
2850,id
16989,nl
6836,nl
14925,tl
17023,es
16642,it
5727,pt
2265,tl
12366,nl
14791,fr
13486,es
16496,de
6997,tl
826,tr
2480,sv
12724,fr
11424,sv
751,es
15225,sv
11273,it
8791,sv
14794,af
12251,fr
8276,en
31,af
751,id
3742,es
11340,pt
1759,es
6378,tl
13863,de
14118,id
4516,id
17095,tl
6378,af
6438,it
540,sv
16886,en
10263,nl
6533,pt
16028,af
15828,tl
3598,it
8496,tl
9457,tr
4253,tr
3178,nl
2548,it
13064,pt
5531,tr
15796,nl
590,nl
3401,tr
15467,tr
3822,es
9542,tl
16002,tl
8005,nl
10776,es
4048,af
12675,af
2165,tr
16201,tr
9198,pt
7140,tr
16987,fr
540,es
11257,pt
15229,nl
1256,pt
473,pt
6426,en
9931,en
197,en
12957,it
832,sv
6819,tr
427,pt
3995,de
7666,it
9955,nl
9746,fr
10224,de
660,pt
5219,af
5758,pt
1924,pt
5370,tr
4851,tr
14339,en
6352,sv
8559,en
9352,af
2708,it
11515,tl
14592,tl
13172,it
13178,de
12212,de
11525,nl
151,fr
11318,id
14644,tl
3320,tr
6195,pt
15841,de
11685,af
2035,tl
1191,it
4312,tl
15095,tl
11204,tr
13734,tl
1371,es
9706,fr
11650,it
8345,nl
12245,es
6663,id
1489,sv
14757,pt
8390,it
13186,de
5396,en
2387,es
9438,id
4831,sv
14461,id
16419,en
6162,tl
3539,id
89,nl
15276,en
5149,tr
10323,tr
14090,en
11053,pt
1993,nl
7892,nl
7289,it
4183,es
16846,nl
8241,fr
13506,tl
299,tl
8029,sv
1115,sv
13693,es
8774,de
10352,de
12367,sv
17157,it
11903,pt
4319,id
10433,tl
13780,it
14585,it
9617,tl
5952,af
9352,sv
3103,fr
9110,id
9689,de
5333,de
10286,af
4463,af
6923,nl
9043,es
6708,es
2207,es
6633,tr
16375,en
17138,tr
5523,en
7975,it
14347,fr
12340,id
9506,de
2870,it
4550,tr
7953,nl
4177,fr
14243,nl
14791,es
12098,es
5051,it
15998,es
783,tr
15488,en
4917,de
11628,tr
668,sv
2128,en
12159,fr
2237,en
4799,nl
12844,tr
15686,tl
9545,sv
5009,de
11189,it
2780,en
10286,de
254,sv
10077,sv
10220,tl
3101,pt
7741,tr
4442,de
11825,de
12839,en
8388,tl
14925,pt
4772,nl
4477,af
11133,tl
1870,tr
3570,es
14473,fr
14646,tr
391,fr
12930,tr
4933,nl
9061,es
6663,es
11700,it
5557,it
16992,de
9561,nl
1666,nl
9095,de
585,sv
10855,es
4236,sv
7380,de
15561,en
6973,en
16245,fr
16401,tl
15181,it
11841,fr
3444,sv
16729,id
5324,id
1786,en
5611,pt
11081,tr
5219,tl
15249,fr
6974,af
12256,en
12392,id
10931,it
456,it
1180,pt
11146,pt
1677,es
16166,de
4313,sv
4614,pt
6041,pt
9980,sv
680,es
178,af
5292,pt
13639,nl
8343,pt
11904,id
5550,de
3118,tr
2166,af
6248,tr
964,es
1352,af
4933,tr
5837,tr
6103,pt
14339,pt
2957,de
6495,de
5481,it
15670,sv
8949,nl
4896,af
16914,sv
3196,nl
1301,sv
16222,es
11969,sv
14316,tr
13035,it
8302,it
8672,nl
8741,de
10444,tr
14044,nl
9327,it
15598,es
15155,sv
13907,de
12581,sv
12291,de
13166,id
14370,tr
7278,pt
4982,tl
9095,tl
4155,fr
10055,nl
15763,pt
9851,sv
14074,pt
13926,sv
13982,pt
11124,en
2205,it
9594,nl
12604,de
13548,nl
11318,it
6503,fr
2962,af
12710,id
5349,tl
12759,pt
10525,tr
8960,it
9291,it
11665,af
13487,fr
7569,af
11322,fr
16814,it
14074,af
10887,tl
15765,de
1653,en
6304,fr
9284,tl
4951,tl
3886,es
8679,tr
16165,nl
16672,af
5134,en
7843,nl
8914,en
10214,id
13077,nl
12004,de
2203,nl
11942,af
15982,id
8672,pt
10288,pt
16603,af
15467,tl
4973,pt
8667,af
2527,tr
13016,tr
3884,de
16559,nl
16225,tr
484,fr
9924,sv
8461,id
8516,nl
16609,af
16506,sv
12376,it
12957,es
5688,id
1401,tr
3002,af
14118,tr
14370,en
7111,de
2545,tl
12166,sv
2264,id
10077,de
17113,en
3029,it
9881,id
10687,tr
1692,en
3539,sv
15723,es
10982,fr
16974,id
4402,af
5201,de
6337,af
16766,sv
9902,tl
826,es
16245,tl
16228,it
8766,af
89,es
2113,es
1404,nl
5997,en
16377,nl
16098,af
8100,fr
9330,pt
16314,de
9541,pt
2578,id
8916,pt
16701,tr
2651,pt
17156,de
14368,sv
1913,af
5074,nl
391,sv
5258,fr
1483,en
4248,sv
2085,tr
5414,tr
13705,sv
4502,it
15703,es
15785,de
6517,it
10679,en
8559,tr
14457,tr
9352,pt
7916,tl
13043,de
13766,id
3624,es
12844,fr
6974,es
12162,sv
12838,tr
3039,pt
16666,it
17156,tl
8469,sv
13031,pt
15532,fr
1593,tl
16437,it
10247,id
12329,id
12381,sv
11376,it
12473,sv
6172,id
14169,pt
2134,sv
2611,af
14150,sv
1579,es
6213,es
16799,es
2093,es
14648,pt
5330,en
6806,nl
3532,af
7890,tr
6897,en
9426,it
6539,de
6726,es
15618,es
11905,fr
13177,fr
6313,tl
5156,nl
5573,fr
2108,es
15777,it
13683,nl
13342,af
6856,nl
779,tr
12866,sv
10451,en
17023,en
4951,nl
3434,pt
3566,it
17098,de
5886,en
5297,pt
9061,it
13714,nl
17020,es
16146,de
9269,nl
10214,es
11695,id
9619,it
9426,pt
6382,en
15686,nl
3915,de
16361,nl
7879,de
5774,nl
9942,sv
15275,pt
9964,it
5501,pt
5996,pt
11947,es
12245,tr
9760,sv
8148,tr
10808,id
1549,af
12745,es
6134,tr
3886,de
3116,nl
6744,en
456,sv
6319,de
8631,es
14306,tr
11409,tl
16045,nl
13536,fr
10444,sv
11270,af
11867,tl
7196,pt
5871,tr
5856,de
11474,de
2208,it
4119,pt
11764,de
9114,af
7890,sv
15185,tl
12987,it
1452,de
9924,tr
4809,nl
12716,de
2965,it
12689,it
9054,sv
15274,tl
5570,de
11474,sv
6500,es
9362,it
11343,nl
7762,sv
1256,tl
13330,tl
7499,es
2496,de
8559,es
870,es
1804,fr
11954,id
590,es
5038,en
11505,id
10256,es
6424,nl
5524,nl
13521,fr
6815,tr
11733,en
14545,tr
9760,de
16523,es
1440,nl
2351,fr
5550,nl
16733,it
1454,pt
4461,de
8474,tr
16401,pt
3030,sv
2594,tr
14142,en
11420,sv
8939,de
279,nl
13124,tl
15563,es
10216,nl
10808,af
2542,pt
6801,en
4391,it
12251,sv
10927,pt
1635,sv
4851,it
6313,de
6506,tl
6267,af
9707,sv
13370,af
399,pt
1833,de
11366,nl
15829,tr
8880,tr
4187,pt
11174,en
17052,es
764,sv
5529,tl
16384,af
5243,en
11215,nl
4187,it
4154,id
15829,es
14994,fr
8,it
5570,fr
10571,af
3671,de
14539,pt
3213,fr
1205,de
443,it
16100,tl
16955,it
7980,en
9327,sv
3598,nl
10960,en
13288,tr
15321,fr
10776,it
6980,sv
5128,tr
4874,tl
494,sv
8741,sv
10640,id
8055,de
651,de
14763,es
15186,es
1252,de
17135,de
12723,tr
7549,it
15311,pt
13554,es
3936,nl
4299,sv
491,sv
6403,pt
5578,fr
6366,en
4271,af
1072,es
668,de
3532,pt
10216,es
2588,es
12963,af
2234,nl
6434,nl
16276,it
6366,it
3167,es
10016,tr
2903,id
16535,af
13983,sv
3305,fr
13124,it
11026,en
15249,pt
8320,nl
6617,en
9237,fr
17115,tl
16145,es
3702,fr
15890,tr
10753,en
14690,nl
14591,it
9760,tr
8284,de
3809,sv
3486,nl
13359,sv
14355,en
6495,nl
16228,de
7549,en
7528,pt
2396,en
10812,sv
13854,en
4486,de
16353,en
9275,de
13165,tl
7294,es
16797,pt
310,id
14668,it
2703,sv
8925,it
12281,en
6962,sv
15651,pt
1994,sv
14763,nl
10985,sv
12874,id
3761,sv
4217,sv
9394,fr
16297,en
1581,en
5328,sv
1379,tr
8967,sv
6892,it
13067,pt
4183,nl
3570,it
1832,en
4283,de
7774,es
3614,nl
16178,de
12558,de
12306,sv
8958,tl
3859,en
13067,sv
14442,pt
4955,tl
5050,de
6372,af
15459,tl
4305,it
6432,tr
12383,af
12634,fr
9358,tr
5529,sv
2684,en
13363,tr
4244,nl
296,sv
1516,tl
12844,de
10349,en
14705,tr
15511,sv
14605,en
9305,de
14973,id
14316,es
2540,af
12963,nl
10956,id
14461,nl
7843,af
9815,en
3116,af
16061,en
9198,es
3222,id
936,en
9956,es
14243,it
16701,af
491,es
2615,tr
533,id
11458,fr
15957,fr
10759,tr
4001,fr
8516,en
1048,id
3214,nl
12789,de
14241,af
10805,fr
16201,en
2271,tl
10016,en
2384,fr
7902,it
8553,pt
8084,de
11270,nl
12289,pt
2330,en
11905,nl
2258,id
13221,sv
5912,sv
6967,fr
9175,pt
1454,af
8642,it
1994,pt
15845,tl
5229,en
7524,sv
17151,es
16158,sv
2770,pt
6473,sv
10164,pt
14505,en
5871,id
10954,en
13016,en
6282,tl
1803,it
15756,af
9088,af
16148,es
6974,en
2588,pt
13064,it
14706,tl
1266,de
8977,fr
6901,nl
16605,af
16838,tl
6039,id
6578,en
5278,pt
4319,pt
1622,id
11343,pt
10403,tl
16100,en
317,id
3337,af
12121,pt
3127,de
3570,pt
1759,pt
1653,fr
17119,es
13064,de
8774,tl
15464,en
4606,nl
170,it
197,tl
15444,id
8978,es
10105,it
7563,tr
614,pt
6572,en
4767,fr
9969,es
1108,sv
10772,nl
4992,it
11189,de
14130,en
7293,pt
2234,af
1458,sv
2309,it
10353,af
12618,en
4482,es
16120,id
16320,fr
8336,fr
15946,nl
9630,id
3337,it
4985,tl
7161,de
8535,af
8044,it
8413,pt
13693,af
10936,it
5703,it
12851,nl
1777,pt
590,id
8853,en
6178,tl
4217,pt
11969,fr
12453,it
12582,tl
1371,id
8853,sv
7057,it
6964,nl
4112,sv
8453,de
9524,es
8251,it
5683,tl
10427,af
14444,id
10224,tl
8033,id
14555,tl
17020,id
7879,es
9977,tl
6439,id
6878,tr
15676,de
9971,es
5201,es
329,es
16148,sv
680,id
2075,es
6432,sv
1745,pt
15271,nl
15828,it
9881,de
13536,nl
1264,de
16899,af
15399,it
1217,es
4347,sv
3894,en
10571,en
6542,sv
6902,de
12442,tr
14142,it
6243,id
4443,de
11812,af
7503,tl
4244,it
1655,pt
665,nl
10061,de
13761,pt
10570,nl
12987,id
4960,tl
10323,de
13342,es
16609,sv
6221,es
13298,af
2908,tl
2639,tr
9062,en
6973,sv
7528,en
967,nl
15942,tr
1301,en
5988,af
14926,tl
13908,es
4443,pt
9326,pt
11172,tr
15970,nl
8681,af
424,sv
15382,id
9568,pt
7039,id
16891,fr
14437,nl
1677,tl
10755,pt
14347,nl
14317,nl
12689,tl
12987,sv
11916,es
5333,tl
4477,it
6074,it
11257,af
8925,id
2432,tr
1639,nl
11634,sv
14509,it
14246,de
11455,es
13172,tr
6433,fr
10100,pt
5574,es
3,tl
14465,id
4784,tl
2225,tl
14995,sv
14742,it
15593,tr
6596,it
15553,tl
1266,es
7966,en
2801,tl
11582,en
5966,tr
2134,en
4312,pt
14648,af
14973,it
764,es
10365,id
12526,af
4271,en
2497,tl
6118,sv
1804,it
16717,en
16446,id
11767,fr
11250,de
151,sv
6213,tl
2108,nl
10338,tr
8284,fr
12310,de
10285,sv
16438,tl
14742,af
15276,tr
13361,pt
2263,en
16318,nl
14025,id
14315,it
13858,de
16377,tl
585,af
16229,pt
12104,it
10770,tl
9630,sv
12160,nl
5279,es
14653,en
6633,nl
17011,nl
12675,pt
468,nl
10525,tl
4998,en
3349,tl
14317,sv
9406,es
2975,it
2167,sv
16662,tr
14817,tl
4662,es
11133,af
15802,id
12240,af
16624,id
10848,en
9112,af
7004,id
9358,nl
15763,sv
296,af
9043,de
8795,sv
14090,tl
14658,tr
9088,id
7080,pt
1372,it
177,tl
15676,en
7655,sv
15467,it
7520,it
10523,es
14228,de
962,tr
533,es
8426,id
15880,es
2679,fr
11871,en
2220,sv
2026,fr
4137,id
11634,id
11368,de
11442,tl
4848,it
15707,it
16317,id
5568,af
2296,it
13823,tl
11458,tr
702,sv
10527,af
16248,es
8765,de
3408,es
4240,id
12377,es
13604,de
3532,id
10296,fr
4890,fr
17015,en
7843,de
5468,it
2311,sv
10308,it
47,sv
6683,sv
317,tr
11987,tr
6856,fr
4560,sv
6227,en
7851,id
10538,de
14967,it
3128,es
14919,es
15890,de
2225,de
9061,tl
6968,pt
6923,de
3207,en
8387,tl
15359,id
14928,de
15626,fr
4443,nl
2531,sv
6593,tl
494,tl
4452,it
13083,af
6477,en
7565,tl
14040,en
4554,it
2408,de
3590,de
11261,it
385,en
219,tr
14787,af
430,it
2679,es
17005,nl
4412,id
9364,it
4212,fr
8345,en
14549,it
11585,tr
16781,it
9767,tl
1551,fr
10568,fr
1043,fr
16703,en
7993,it
862,fr
16075,en
16148,id
4104,id
5250,it
11384,id
4132,sv
7503,nl
9746,nl
2163,sv
124,nl
16402,tr
14473,tl
6926,pt
1940,it
6073,id
437,pt
5531,fr
1658,it
16275,en
4833,af
2512,sv
5988,tl
3884,tl
7970,id
8322,tl
8129,pt
13974,id
11133,de
9827,fr
3253,tr
1256,af
3841,it
16038,it
12256,nl
5358,id
3623,nl
6722,fr
7113,tl
15214,fr
10031,nl
12381,tl
2816,af
6267,nl
864,pt
8916,tl
15350,id
11437,sv
964,it
9700,de
16145,id
3060,nl
14770,id
16082,sv
862,tl
6118,tl
14508,id
4776,tr
14090,es
8033,sv
7496,es
15333,tl
15124,nl
15557,sv
14347,en
14147,tl
3742,sv
11376,af
12245,nl
12150,tr
13348,de
4183,pt
6923,sv
17136,tr
12986,nl
2709,af
468,en
2711,it
13869,en
864,id
999,de
5614,fr
151,pt
10247,pt
13407,it
100,af
7319,tr
12402,it
6575,es
6448,en
5757,es
16560,pt
4305,id
16406,tl
2451,fr
1594,en
7718,tl
2594,en
10981,id
11942,es
6720,af
5615,fr
6720,id
6013,af
16717,af
3936,de
2717,fr
768,nl
16693,de
5010,af
6060,tl
10855,de
13016,id
9323,sv
13863,it
12581,pt
4601,nl
11600,nl
16201,tl
1874,fr
15593,nl
3400,pt
16930,id
412,de
11067,fr
5871,tl
13683,en
2673,sv
7922,de
2724,af
13796,pt
8110,af
7697,tr
9885,en
10263,tl
12532,es
9700,pt
5062,nl
14791,pt
16974,af
5051,tl
4973,sv
4909,it
9931,fr
11458,tl
920,fr
16024,sv
2548,pt
9270,it
3091,nl
11154,af
10786,tl
9895,pt
171,af
4173,pt
10381,sv
13681,fr
15998,de
10031,sv
3993,tl
8598,nl
1710,pt
1537,sv
16886,de
6785,fr
1048,es
5584,pt
2859,id
11029,es
6023,es
12759,de
15862,nl
9326,nl
4813,id
397,id
16652,it
1513,de
5358,sv
16410,it
2338,id
5955,tl
3522,tr
4436,it
11932,id
7168,id
8762,sv
3386,tl
16163,es
4168,sv
12233,sv
5085,tr
7503,sv
11905,it
12813,tr
4309,tl
14859,en
16375,tl
6722,en
3884,id
4017,de
969,tl
9216,tr
4273,es
14889,fr
8559,sv
15707,en
11343,af
16758,es
2163,id
2962,pt
14461,tl
4680,pt
16711,fr
11643,sv
13679,tl
322,de
12722,tl
13487,id
1318,de
6801,af
10501,es
15401,fr
7981,fr
765,it
2770,id
16873,en
13685,nl
7120,tr
11764,it
10353,de
13907,es
5010,tl
14038,tr
4013,fr
16801,sv
2234,sv
2774,tl
16317,nl
4934,sv
10317,fr
4058,it
11418,it
7087,af
3338,pt
7380,it
6214,es
4241,pt
15686,sv
3021,fr
10855,en
8001,it
7549,pt
9640,nl
9406,pt
5658,it
15185,tr
8494,it
4232,en
16583,it
12066,nl
1148,de
9738,sv
10357,pt
5401,fr
3008,tr
12240,tr
2868,af
2610,sv
4244,af
5823,id
2432,fr
6434,pt
15971,en
8653,tr
827,sv
6572,it
8781,nl
9520,sv
527,en
3124,af
7922,id
8294,es
47,id
1148,en
10352,af
4166,nl
17023,tr
7726,pt
5820,tr
9506,nl
16956,it
15032,de
13740,it
16024,nl
4780,pt
14429,fr
16297,af
6572,fr
2062,id
17054,it
6562,nl
6446,tl
6708,fr
12213,fr
16496,tl
16914,af
169,pt
9895,en
10960,es
6878,id
13554,id
13896,sv
8774,nl
17005,es
8474,af
10887,sv
12213,es
15487,es
3546,id
15345,es
4186,pt
5198,nl
15686,en
5221,id
14190,fr
16446,nl
11778,af
13591,pt
13616,it
2322,af
585,en
6663,sv
13900,es
11345,pt
11460,af
16711,es
14053,de
13717,tr
6353,af
10338,sv
2651,sv
997,es
9043,id
11470,en
8853,nl
14044,af
1653,af
15445,it
11437,tr
3096,en
158,de
1794,id
14406,tl
11250,tr
7565,id
9254,fr
8912,nl
3398,fr
13706,it
6725,it
5888,es
7120,en
6836,en
2237,id
5600,en
8280,en
2724,it
6909,af
9561,tr
9519,it
9561,sv
13552,es
9194,it
15187,pt
14585,id
7777,de
11474,nl
5006,en
10260,tr
16693,tr
2615,fr
11705,tr
16263,de
13439,en
16698,tl
779,af
8165,de
10355,it
11476,tl
1993,it
13023,en
3321,pt
16914,id
9680,id
11665,it
16995,fr
4232,id
1653,it
15763,tr
14063,sv
7055,de
4273,af
5888,id
7219,en
2160,pt
9706,id
4776,de
11023,de
7278,fr
14406,de
4249,tr
8568,de
7851,es
8204,tr
7161,tr
4845,tl
6151,de
9680,de
1741,it
10827,de
11267,de
940,fr
14246,it
15094,fr
16245,es
16938,tl
16228,sv
3576,it
6550,tl
8766,id
2551,pt
6220,af
12104,pt
1294,es
11858,de
16733,pt
13122,fr
7353,tl
4930,tl
6515,pt
7455,es
13706,id
15661,en
11426,af
6572,tr
1866,de
14475,en
9718,sv
5204,de
5570,id
12310,tl
3320,it
15318,fr
2708,sv
15968,es
15409,sv
9204,tr
11844,fr
4580,fr
9275,id
85,en
10738,nl
14001,pt
3418,de
2801,en
7216,de
8598,tl
10527,sv
10696,sv
7726,nl
5221,sv
11345,en
6992,en
14116,fr
15736,pt
16061,tl
4241,id
16712,tl
9545,en
11470,tr
1454,fr
7314,tl
3280,it
9726,id
11361,tr
13188,de
11845,nl
321,af
3489,de
11261,id
4166,de
10164,de
2334,af
6376,fr
10718,id
6325,af
1692,nl
16245,de
14339,fr
6055,id
13575,en
2198,sv
6370,tr
8765,sv
6897,pt
15546,pt
2203,it
790,fr
13023,tr
5952,fr
8631,sv
1294,tr
3603,id
13684,es
9327,tl
2887,en
1180,en
5152,tr
7927,de
4013,tl
8925,de
10472,de
10893,id
15511,de
15511,id
11525,it
4132,nl
14757,en
7199,af
15587,tl
15187,nl
10848,af
1115,tr
15409,tr
10166,es
9772,pt
1774,tr
14585,fr
16271,tr
7292,it
17011,en
5574,tr
14170,es
13412,tr
12054,id
14115,af
12675,sv
3489,es
8868,sv
7185,it
17095,en
6352,nl
7319,id
4837,tr
13758,en
3864,af
6305,id
2995,tr
14228,tl
12548,pt
15634,pt
1675,de
1071,sv
10288,es
14817,es
4227,en
6181,de
10048,en
1744,tl
6901,tr
14306,es
8960,fr
16672,nl
6147,pt
6014,sv
5333,id
10538,tr
4550,id
10804,es
12814,id
5047,es
1423,tl
6694,pt
2985,tr
16713,fr
14096,it
14151,fr
15706,de
11825,id
12987,pt
14339,it
1513,af
1756,id
1511,de
7686,nl
10080,fr
11903,id
6073,pt
12800,tl
3030,es
15055,id
5912,tr
1180,es
10816,de
5531,id
310,fr
11678,nl
14475,pt
17108,es
4268,pt
5691,sv
4119,it
2163,pt
12162,en
11154,id
5523,de
10667,it
6366,id
12159,de
15703,de
6918,fr
7026,nl
10570,it
2651,de
13630,pt
7141,en
5813,tr
16318,tl
8058,af
11678,id
8767,nl
1741,nl
6506,en
15998,pt
1778,en
5683,en
14794,nl
9054,fr
19,es
3037,it
1030,nl
10019,sv
9426,es
15187,af
16749,it
5318,sv
4048,fr
9726,sv
11286,fr
12299,af
11345,tr
6980,id
9204,fr
15010,en
297,af
15794,af
9124,sv
9545,de
11339,en
6633,es
5006,fr
4375,id
400,it
3762,af
8415,en
