id,lang
1901,de
29152,tl
14624,fr
8009,it
12496,nl
33701,tr
11005,de
10357,af
19957,id
13222,es
34996,af
9396,pt
14548,fr
30185,tl
8982,fr
7680,sv
32199,es
12387,af
16159,de
15441,es
11136,tr
15434,es
15224,it
28007,it
23072,fr
16687,id
19826,fr
29999,fr
4200,es
25200,tr
10308,it
5941,sv
26591,tr
16200,id
14916,af
28175,nl
8999,tr
13926,en
25187,id
26359,en
25357,nl
14298,pt
33148,tr
27333,tr
17097,it
11796,tl
766,it
9317,es
32852,tl
17475,de
2604,af
22067,nl
12365,tr
14745,en
2439,pt
5872,fr
30515,tr
21213,af
9459,id
3799,pt
20118,af
19277,de
12931,id
25190,af
33448,af
27705,fr
7042,pt
32612,en
13855,fr
2395,id
6169,es
30187,sv
10826,id
29905,de
30697,sv
5909,sv
20374,id
8485,id
8288,de
12251,tr
29994,es
19081,tr
20365,de
15356,pt
5317,en
35199,de
31342,tr
1704,tl
17639,tl
29330,pt
14149,id
3958,it
33469,af
15726,it
6389,tr
28572,af
8422,fr
34287,af
32055,tr
29502,id
20851,tl
14808,nl
34989,de
4004,sv
14402,tr
8960,tr
28935,en
13627,fr
469,tr
32419,de
17844,it
5247,sv
16049,tr
19848,de
17554,en
28795,af
27230,tr
11402,pt
4274,tl
18794,id
31212,nl
18981,es
28172,af
26979,es
33130,pt
22975,es
7257,sv
19005,es
14157,sv
17192,tr
30025,sv
6982,tr
25634,it
20588,tl
14802,es
16538,sv
28370,es
24114,de
25517,pt
6902,en
5143,en
12186,en
11018,tl
19867,tl
7008,id
21444,es
35546,de
25378,af
8993,es
32165,tl
26674,sv
342,es
23814,es
5194,es
6662,it
4646,tl
18813,fr
16365,id
32456,it
1926,de
34764,sv
13731,tr
33948,id
16704,pt
26390,en
34688,es
28990,pt
3987,en
10797,tr
3380,en
33822,it
33631,tl
16351,nl
15197,tl
9659,fr
14517,nl
4232,en
32941,tr
25887,es
30845,it
32491,sv
35469,en
30109,af
33254,es
26851,tr
32452,de
1235,sv
433,pt
21556,sv
148,de
21541,tl
629,af
20408,it
2664,sv
25396,id
23654,tr
11188,sv
21993,tr
16030,de
25362,nl
14126,nl
6325,it
17987,it
33354,pt
22817,de
9631,tl
9860,en
30712,en
7992,de
10775,tl
10654,sv
17872,id
7235,sv
16390,it
30919,fr
13550,fr
26337,nl
24312,pt
33547,nl
26929,pt
21499,nl
195,id
1803,fr
33718,id
8366,tr
462,sv
11436,es
35300,sv
4441,fr
18721,nl
19659,pt
14401,sv
10438,sv
32085,tl
24460,es
5694,fr
15920,en
31432,sv
1360,de
21378,sv
31028,tr
14670,tr
8597,af
22673,fr
33030,tr
18605,pt
21978,pt
19578,fr
28850,es
29252,id
34741,nl
28275,sv
25688,it
8998,tl
26105,pt
15563,nl
20701,nl
19591,id
5087,pt
5199,sv
34457,fr
20137,fr
19691,af
33391,pt
78,sv
6226,es
5179,sv
25790,en
9444,pt
9254,nl
23196,pt
9134,it
18995,pt
2064,pt
14345,de
13638,it
1935,de
23222,af
19123,id
25347,es
32789,tl
22860,es
4041,sv
478,nl
34483,de
10070,tr
35444,fr
23587,tr
9722,pt
10793,en
14183,af
35002,id
11834,af
10821,tr
16400,pt
27039,en
25547,de
33215,fr
17794,de
2637,it
25086,id
16495,en
7559,it
23508,pt
17791,id
16375,pt
17161,it
8019,tl
31248,tr
3291,it
28853,tl
4043,de
33865,it
11627,de
13679,nl
5564,tl
32434,tr
1965,it
11390,en
16719,en
21827,tl
31468,it
30232,pt
16595,es
13055,en
15112,af
7062,sv
18765,tl
9833,sv
7303,de
2753,es
22780,en
2156,af
85,id
27196,en
22574,pt
1124,en
33036,pt
23997,af
16524,sv
24928,tl
19156,af
17704,it
22291,en
22659,tl
30286,de
30595,sv
10524,es
29855,tl
4652,tr
31568,sv
15676,af
19524,sv
33725,pt
20455,it
593,de
23109,en
5833,tr
5766,id
12403,it
31053,pt
33289,es
32058,en
32518,fr
33790,de
2545,de
30830,de
32494,tl
10344,tl
29812,tl
28441,es
33910,nl
23838,pt
33758,nl
28538,de
7067,fr
32932,es
24863,tl
27475,id
25282,de
13386,de
13865,es
17714,af
26694,de
27717,tr
30940,id
28995,es
21193,tl
27658,it
5554,sv
20305,en
11765,sv
21848,de
29089,tl
34233,en
11675,de
10147,pt
19827,nl
30684,id
3082,tr
34535,en
25779,sv
1123,tr
2299,id
4127,fr
1778,id
21062,fr
23021,tr
30166,pt
5711,pt
14611,tr
32650,tl
23340,nl
8067,af
14058,id
5099,tr
1858,tl
16529,fr
5516,nl
22159,tr
5337,de
5211,en
18934,tr
18410,tr
34681,id
9223,sv
15709,tr
6457,tl
32308,nl
2756,es
2117,fr
23115,fr
17948,sv
27176,nl
7297,de
17434,en
20529,sv
11942,nl
497,id
26380,fr
33274,de
20785,pt
28815,it
11604,es
11589,it
1888,tl
19950,fr
18573,it
9729,it
20756,en
15463,fr
14641,it
28984,de
34430,sv
9137,nl
27297,en
8105,pt
15486,en
5057,it
31516,tl
26309,pt
913,sv
4866,fr
23766,de
13101,nl
25837,it
19693,pt
23129,af
31769,pt
20173,de
3353,fr
25825,sv
9241,tr
17577,tr
27403,id
11172,af
25973,de
33716,id
21865,es
28779,en
17286,fr
934,nl
32401,de
32893,de
11120,tl
13347,tl
13376,nl
29927,tr
22125,af
11526,fr
20783,nl
1258,it
15566,af
12703,pt
22327,pt
19684,it
17352,de
15375,id
3547,af
21916,tr
22861,en
1231,en
35209,tl
11135,tr
25858,pt
558,en
18936,es
34417,sv
34162,it
26472,af
30910,nl
35678,nl
8205,en
3183,en
11250,es
16398,tl
26085,tl
3995,pt
32851,af
7089,en
9201,it
20709,pt
23092,tr
17302,pt
31179,af
11069,af
30310,it
10489,nl
12067,fr
423,it
9755,sv
8027,nl
33379,nl
22008,tr
23154,nl
20435,id
4278,pt
25908,tr
20450,it
32346,tl
11459,af
7337,es
23372,en
28681,af
25017,nl
25064,it
5819,id
13379,de
23512,tl
6807,en
34310,nl
489,de
12305,it
21929,tr
35112,tr
23170,nl
27740,tr
6418,pt
16118,pt
4038,en
32102,de
26006,id
2608,nl
719,id
11112,de
8882,nl
516,en
29238,tr
34840,pt
23492,nl
30499,af
33341,es
18911,de
16977,tl
29329,af
1897,tr
21343,af
28000,tr
33589,es
17908,tl
901,tr
28027,it
24164,it
1066,af
27569,it
31882,tr
31436,nl
9561,fr
15654,es
31196,pt
17132,tr
28400,it
33206,fr
11597,de
23556,nl
12029,it
8272,sv
5907,es
932,es
19141,sv
17943,id
28186,tr
20991,tl
16120,sv
11298,fr
4018,it
6940,de
19958,de
14087,sv
795,af
17748,it
31571,de
25103,tl
231,nl
28410,af
18896,sv
27056,fr
30034,tl
30934,tr
6856,de
19579,de
14551,it
7613,sv
6215,en
19388,sv
11833,en
18200,pt
1526,tr
30434,de
30061,pt
21603,sv
6927,fr
20992,tr
12646,tl
29839,es
27556,it
25026,en
21596,tl
7150,en
9582,id
31221,es
4807,it
22901,it
24941,de
9023,pt
26054,tr
34004,it
13604,fr
9732,nl
33173,sv
30585,de
11694,tr
1849,fr
35321,id
3560,it
27101,it
27093,es
17269,sv
28961,sv
8177,nl
28974,en
31074,tl
4565,de
26839,de
8918,id
31036,en
11721,de
7926,af
24502,en
32573,it
35655,en
9783,it
9503,tl
30859,nl
12964,pt
5226,tl
28979,it
18553,tl
6408,it
2187,es
10310,tr
23145,it
35240,id
19505,nl
25394,tl
7104,sv
729,af
2436,tl
22226,de
27383,es
11633,es
19774,sv
12340,sv
28706,es
22990,tr
4558,nl
7645,de
16039,it
34221,af
2459,tr
15942,tr
24089,de
10145,nl
18110,it
16259,es
16792,id
32609,en
14929,pt
28354,nl
10222,tl
35647,pt
34471,fr
33241,tl
17660,fr
6628,es
6804,it
19099,sv
31524,pt
23386,es
12047,de
33107,de
8375,id
14767,en
32857,tl
5777,de
25631,it
27668,it
32639,it
12755,af
13082,fr
32664,tr
12088,tl
27853,af
2588,id
8434,it
28973,tl
10349,it
5219,de
16913,tl
13671,es
16788,en
19517,de
22537,af
12792,es
32209,af
3105,id
11411,tr
19829,tr
19263,tr
25372,it
17194,it
1170,tl
185,tr
7592,nl
22335,sv
24748,de
12021,fr
8197,nl
25011,sv
17009,nl
1375,es
15755,fr
19378,sv
19804,nl
20349,de
13461,tl
22426,af
10754,en
9689,fr
14976,sv
25626,es
30134,id
9406,nl
6887,fr
7080,tr
4593,it
15255,tr
6826,pt
19653,es
16179,it
24262,es
7716,de
10177,sv
6709,tl
15010,de
19216,tr
3377,fr
28814,de
28228,sv
3072,sv
9266,it
6428,en
25549,af
33256,tl
13151,nl
8604,nl
18048,af
1881,id
963,sv
21174,pt
20342,fr
27240,es
5201,it
17619,de
1541,id
24552,it
10029,af
35317,pt
20390,af
34279,id
4066,tr
8201,en
12182,af
2788,nl
24336,it
24019,id
35512,id
15872,sv
13296,pt
26609,af
21513,tl
11777,af
13602,en
29269,tr
12997,es
6283,en
17281,tl
21252,es
4929,af
1982,de
28575,pt
29902,de
27641,it
32269,nl
14287,de
24527,tl
23849,tr
8513,de
26520,sv
20194,en
28907,id
33656,de
625,en
22566,tl
5496,it
25012,id
11408,sv
22018,tr
1536,tr
14123,nl
5750,tl
33579,it
8692,pt
3066,sv
25388,es
6733,sv
33727,af
8329,es
23201,af
30918,fr
22674,tr
20741,it
7648,id
2873,tr
11370,it
10674,fr
25242,id
4306,es
6220,es
18098,pt
5089,nl
221,es
5845,af
14938,af
28145,sv
1077,tr
1504,it
1995,af
4287,id
24843,tr
12158,id
13298,it
34019,de
30664,pt
19807,tl
35486,de
2240,de
789,sv
22222,nl
31090,de
1196,fr
29444,id
23117,id
5415,fr
21187,en
27015,fr
13125,pt
17104,it
25271,tl
1325,tr
8202,de
1056,en
10471,id
18273,es
15611,fr
32722,af
19992,fr
1204,es
18522,tr
15060,en
9506,pt
4585,en
5389,pt
34975,en
24681,af
31807,sv
1727,pt
22054,it
18417,es
16758,es
31272,pt
32829,en
24848,en
24999,nl
26044,it
28738,tr
15970,tr
1665,sv
18949,tl
26357,pt
21118,sv
16045,sv
6358,en
8089,af
7017,es
29484,it
33032,it
173,pt
16101,es
32278,en
14143,sv
28558,tl
21665,sv
20671,pt
3265,tr
3992,pt
22487,es
20850,pt
3548,es
27345,fr
11743,es
24276,tr
18271,af
28129,fr
9337,fr
8549,id
34950,it
8343,af
7651,pt
12602,en
11140,it
20722,fr
27044,de
12491,af
2247,sv
31855,it
21081,de
24387,tl
15371,pt
1086,tr
22703,af
11478,tr
2088,pt
20804,tr
21996,tr
26360,tl
20350,tr
18198,fr
3093,pt
5709,fr
13487,nl
9255,de
4872,nl
32314,id
32981,id
34210,id
32180,pt
12973,nl
8839,it
17917,en
4988,pt
4377,tr
33509,id
24120,es
33279,pt
23435,pt
20561,fr
1786,id
6593,de
26995,nl
6491,pt
3541,fr
11337,tr
24752,es
13328,de
5886,tr
28608,pt
34806,af
25679,it
17034,pt
28517,sv
29420,fr
25762,tl
3352,tl
25472,pt
33954,es
33699,tl
57,id
34104,tr
7862,tl
15951,tr
17429,af
28860,af
20119,pt
17446,it
13276,sv
30970,id
26672,pt
32711,sv
27273,id
26124,nl
26908,af
3219,it
23103,de
1090,id
28865,de
14248,tr
21898,sv
18210,en
29985,es
15064,es
84,tl
28079,id
34131,de
29838,tl
31421,es
29859,es
19206,en
6462,sv
35035,tl
8633,pt
26615,tl
26853,de
486,it
821,id
6722,pt
13293,en
20555,it
24908,id
33422,tr
33644,pt
8454,en
12726,tr
34257,de
8743,id
4959,fr
26728,es
9642,tl
9250,en
16207,id
18158,id
8568,pt
27054,fr
33844,sv
4588,sv
29959,tr
23523,pt
15078,sv
32305,af
18046,af
22160,de
11397,de
3324,pt
34264,de
10933,it
22080,en
18870,it
29519,es
19321,nl
25157,id
9374,it
4167,pt
23762,pt
5412,af
23801,de
31531,id
18212,id
34572,de
33403,af
17977,tr
31983,de
28679,it
15035,id
3494,nl
16875,de
1200,sv
16620,nl
26705,nl
2826,es
9996,pt
14622,id
10527,fr
10878,es
27237,id
25510,pt
3395,af
14610,it
5666,fr
16153,tl
3797,tr
10838,it
33277,sv
13236,it
2724,tl
30055,fr
5983,nl
8902,af
12556,tl
17856,tl
33503,tl
14175,nl
23126,tl
13881,en
1292,it
23641,pt
8584,tr
8123,de
33604,de
13207,de
28682,it
24918,en
35145,id
98,pt
25441,en
21851,af
28866,id
23750,nl
21809,pt
12873,af
16673,en
18924,de
11464,en
12151,tr
2120,tr
5753,tl
298,id
22295,de
14339,af
17041,tr
28589,id
26991,sv
28858,tr
29776,id
22187,id
33787,nl
27967,fr
27507,en
18291,de
2552,it
12040,sv
11891,sv
24094,tl
5539,sv
19911,en
20593,pt
33004,tr
6477,pt
21426,es
1203,af
27646,tl
5169,tr
12817,sv
5612,fr
31914,sv
14012,es
15187,tl
25005,nl
4991,pt
11859,es
28630,tl
18032,es
14730,pt
29751,fr
32400,sv
27588,de
6989,nl
25629,tr
4460,fr
6178,nl
21697,it
21293,id
28775,sv
26926,pt
24029,it
4922,pt
15401,sv
7270,es
25343,nl
33458,id
31325,en
34347,id
14586,pt
3899,it
33392,fr
19422,es
21601,en
2781,it
4597,de
26602,tr
34724,it
21566,es
35519,nl
31846,af
35012,fr
22003,en
26150,tl
23956,en
13643,it
9412,id
11183,en
23044,id
8688,tr
10698,nl
5520,af
31149,tr
9203,af
17778,sv
29436,tl
12454,tl
256,de
30884,fr
168,id
19735,es
5425,af
12911,af
2351,de
31707,id
24170,tl
1532,pt
14360,pt
13075,af
7939,fr
32293,de
34699,pt
29772,pt
17416,it
34622,en
9465,sv
29417,de
15646,en
34773,es
14282,de
28160,sv
1710,it
11720,pt
19820,tr
16629,pt
10191,af
16839,en
2579,fr
13289,fr
34117,es
24907,af
5936,tr
28604,tr
19367,en
31632,nl
13308,es
26003,it
26320,tr
3912,af
1693,it
2874,tl
24876,af
10868,fr
23402,nl
7453,de
19751,af
29471,af
15203,tl
11281,sv
21046,fr
1917,tr
22395,it
4191,pt
17616,nl
25125,tl
3149,de
24015,id
2745,pt
28629,sv
4059,en
15931,tr
16909,it
6985,tr
3425,es
18326,es
16265,id
8391,de
22098,tr
12535,it
6984,tl
13595,id
20040,af
16394,it
33074,nl
8429,en
30563,nl
26847,de
28912,it
15319,tl
7273,pt
12298,fr
12605,pt
30842,en
29472,nl
33304,pt
14438,nl
17842,nl
19568,tl
26281,de
31838,pt
3498,en
7961,nl
15168,es
8847,en
10240,fr
28483,id
31378,it
23450,nl
32544,en
9861,es
2718,es
16752,af
22604,en
35371,tr
35220,en
31406,it
19265,pt
28177,de
10314,de
16816,id
8965,tr
12798,id
23029,sv
3240,pt
27227,en
26812,de
31215,de
18013,de
31107,it
19489,sv
21382,id
17707,tr
24987,it
93,fr
971,nl
26113,pt
30044,pt
25356,fr
21873,fr
27804,nl
14542,es
14907,pt
33521,it
27839,id
11901,nl
33670,tl
5534,nl
11133,en
14255,it
28179,sv
16402,af
7009,af
19284,nl
11969,es
24735,es
8265,es
13569,af
16480,de
21458,pt
8727,id
4487,nl
7911,nl
11400,en
1291,de
24085,en
31545,fr
6842,fr
7517,es
20806,it
27361,en
3520,nl
18285,fr
22225,id
2022,tl
7242,fr
6310,it
26725,en
21173,af
13538,pt
28778,tr
17891,tr
19207,sv
3582,fr
26297,en
22422,en
1936,id
26550,pt
35438,tl
20678,pt
1759,es
5686,sv
21421,sv
8959,nl
32064,sv
16900,pt
12527,pt
26737,af
30285,nl
24657,sv
24612,en
26790,id
25295,tr
32826,tr
23911,it
9667,af
5377,fr
18541,fr
16972,it
14178,af
7932,af
21170,tr
27481,id
3070,de
19132,tl
1477,tl
5430,nl
29421,nl
3237,id
22862,es
29940,en
7307,es
25359,nl
3289,af
24974,pt
17167,fr
13560,pt
20861,pt
18136,de
5760,sv
17095,tr
20454,de
30323,tl
34342,pt
27959,pt
35598,id
22424,de
22913,tr
21282,it
24055,tr
29076,it
21790,fr
32161,de
12109,tr
30304,id
6289,es
20874,tl
11056,it
35302,af
23833,id
27188,sv
12887,it
32344,fr
28763,fr
25788,af
1958,fr
7564,tl
14800,sv
35335,nl
30122,sv
29792,fr
22660,es
5939,en
21177,de
11886,es
7782,en
14777,es
34922,tl
35514,de
798,fr
24566,tl
13991,pt
22369,id
25050,tl
13726,de
26094,en
20192,tl
17693,es
13811,tl
3087,en
23681,af
7435,sv
25209,es
3790,fr
30327,tl
12313,es
22411,sv
11592,nl
27328,nl
13665,af
24344,id
31715,id
32309,de
2686,tl
17002,pt
31317,en
35479,tr
4549,tl
10337,tr
21623,en
7216,es
18823,nl
32345,en
7526,tr
8577,it
15071,id
34781,id
8835,de
1989,tr
25046,tl
20484,sv
21774,es
11422,tl
19923,tl
27803,fr
23991,fr
14614,pt
31635,tr
11816,nl
5586,tr
2707,id
20061,fr
15333,tr
23189,fr
10716,fr
30547,de
21244,tr
34316,en
21222,pt
33306,id
18033,it
634,nl
19406,fr
20924,pt
10401,id
33861,id
756,de
14404,nl
33575,id
14844,nl
19885,sv
25354,pt
25511,fr
983,tr
18389,nl
20129,nl
23341,it
19418,pt
29134,es
33090,nl
33952,de
15930,es
481,fr
15943,tr
30060,fr
31528,fr
32688,en
18330,id
25458,nl
4502,es
34777,sv
7507,fr
22926,pt
7766,id
776,id
24559,tr
1348,it
31675,id
31490,pt
22847,tr
2053,en
17855,es
34183,pt
9281,pt
1785,af
25327,it
9873,af
4443,id
32520,tl
23437,it
19188,pt
22289,tr
19381,nl
17332,de
20513,pt
12531,nl
17307,es
9977,es
11384,nl
18507,af
27844,pt
14671,af
33946,nl
34490,sv
27211,it
6753,en
29894,fr
17557,pt
29508,de
10866,pt
11059,af
19007,tl
25179,sv
26566,id
155,nl
33956,sv
6006,de
15838,fr
20589,id
30225,tl
22618,it
11731,it
2938,nl
33199,nl
18306,tl
26614,pt
24653,tr
26808,en
32838,sv
29669,de
759,id
2639,en
25590,es
35123,af
18072,fr
26647,en
18104,de
13777,sv
35377,id
23493,nl
23041,pt
15334,en
7896,nl
32615,tl
5225,es
6533,nl
24886,af
3699,de
34901,en
24253,sv
13085,pt
18190,en
35254,tl
22962,pt
9105,es
31513,tl
7344,sv
28474,tl
20473,tl
17130,tl
17369,it
28097,nl
19856,id
14312,af
24865,es
32021,es
33237,tl
18004,en
5470,de
21812,af
24023,it
31357,nl
33580,es
14476,en
27667,de
3077,sv
17273,tl
29584,af
25665,sv
18820,sv
17212,id
29657,tr
16933,af
1201,fr
28729,de
26828,pt
6147,nl
2446,pt
34277,tl
32393,tr
8289,tr
9210,en
5623,af
3682,de
31966,fr
24351,it
924,tl
1763,af
18950,en
11107,en
17135,de
2784,de
28089,sv
27552,id
18907,id
33618,af
17405,it
25871,de
11164,id
12177,sv
1283,it
10980,en
14946,es
18239,de
34614,af
32999,af
3660,af
13737,it
30197,nl
15273,tr
1599,it
19119,tl
12212,es
19410,de
31141,tr
23880,fr
20423,tr
10568,id
6046,tr
11867,it
4878,de
17152,tl
25184,tr
22122,sv
3322,en
29922,id
17485,en
8047,en
35395,it
26969,tr
25883,sv
21004,tr
8207,en
29798,it
25238,pt
3981,pt
4077,pt
1475,en
8972,fr
23177,en
33774,de
26247,es
21398,tr
18489,it
19800,pt
34832,tr
14550,nl
12885,nl
12631,nl
24177,sv
15530,nl
17,en
780,en
17992,it
30667,tl
3513,en
14584,fr
26151,it
15691,es
34694,tl
13105,nl
9390,tl
3724,sv
28817,tr
14182,pt
5506,tr
31047,id
16364,tr
12825,nl
22846,de
2631,en
19288,es
12740,de
3655,id
2473,it
26048,fr
5434,af
27040,de
18120,fr
30738,es
2964,id
31264,tr
12651,id
359,fr
25296,pt
32513,it
15682,fr
10934,it
13400,af
23687,af
20580,tr
34195,sv
30501,it
1419,fr
2851,en
35305,id
7985,es
26212,it
14852,sv
12901,de
21371,nl
31076,id
31815,tr
8606,tl
28797,pt
30152,en
10334,nl
35264,it
23656,it
1695,id
27437,en
14642,fr
6140,en
26186,en
33310,pt
15327,tr
10322,es
28170,nl
29246,en
11274,sv
21315,de
8357,es
29505,af
2001,tr
18922,tr
19295,en
29236,id
20560,nl
17176,id
29156,tr
26195,tl
35615,id
3849,es
8185,en
16920,fr
29769,en
28540,tr
5054,en
14753,fr
14784,sv
28631,it
16006,af
17428,sv
2451,it
8054,af
29462,nl
16962,en
31631,it
20430,sv
35287,tr
4400,af
3083,es
1332,es
607,it
9606,tr
8880,de
533,tl
34977,de
23660,nl
22108,de
10442,af
33428,de
28702,af
23897,en
13605,id
15062,sv
15534,pt
9592,tr
28276,tr
27301,sv
31058,pt
9912,tr
28206,tl
14245,af
15813,it
23673,id
14520,de
19222,tr
32753,it
4383,de
21201,es
7463,fr
30262,af
26017,es
15047,tl
30582,es
21557,pt
16639,fr
19261,tl
19596,es
24179,nl
12281,id
30878,id
28580,sv
19918,sv
26579,nl
13850,tl
25427,af
12574,fr
17341,tr
14482,es
2748,sv
164,nl
34662,af
24870,tl
8697,id
15377,it
18172,tr
34719,id
23971,id
21504,it
17185,id
9186,es
23678,id
18575,it
30138,it
572,tr
18101,en
27242,it
14028,en
31089,fr
28660,it
22106,id
29035,de
9779,af
22617,id
30412,pt
4952,es
6415,es
20491,de
35599,tr
5997,fr
12894,de
5800,af
1179,de
13527,it
26481,en
7762,tl
8802,it
18339,id
27926,it
30787,tl
24412,af
6793,tr
837,fr
7349,en
333,de
6928,de
35218,en
24436,fr
28044,de
16560,fr
24391,sv
7185,it
29281,af
25733,af
17777,tr
10563,tl
9871,id
1952,tr
1883,es
25512,en
18618,nl
14563,tl
13766,en
23714,it
19068,nl
7480,fr
28311,tr
3600,tl
7757,en
9301,nl
3501,fr
13689,id
18350,tr
22136,tr
4572,sv
20735,de
543,sv
31899,tr
19353,sv
22465,tr
3838,tl
4754,af
27466,tl
8127,sv
30160,tl
939,id
5919,af
8390,it
10978,en
1848,fr
19397,id
5282,fr
30711,sv
25299,id
29188,en
9957,id
8832,nl
20065,sv
25410,tl
2429,nl
29493,id
5791,af
28643,en
30023,id
23250,fr
18791,tr
8255,id
25974,de
23066,de
22931,de
20532,sv
3282,en
1736,pt
4740,de
3550,en
31702,tl
14573,sv
4712,de
19674,nl
23128,tr
14160,it
18706,de
7227,de
21196,nl
35147,fr
16327,fr
8947,tr
24395,af
15034,pt
16808,fr
4067,id
30811,id
6528,id
3495,nl
778,nl
12042,pt
9771,fr
27796,af
21368,tr
3283,nl
22304,nl
25831,fr
9253,af
5836,af
28783,en
30893,nl
32954,tl
18124,id
34945,tl
33925,tl
1391,de
30539,it
22675,de
21791,es
29826,tr
301,es
4761,en
6508,en
20182,it
20817,es
19185,tl
33188,nl
13519,en
20843,pt
29183,pt
33356,it
29388,tr
31128,it
14830,sv
15733,sv
23882,pt
26569,af
5480,de
9457,tr
25176,it
6691,tr
31940,it
18887,es
7015,it
23141,es
14725,es
30822,de
267,it
12082,fr
21112,tr
2520,de
17118,id
33696,tl
21764,pt
4054,id
14471,de
30201,tl
28887,it
13662,tr
20760,en
34826,es
11968,nl
6315,tl
24206,nl
11323,af
29227,it
12563,en
6089,af
13765,id
5895,es
31318,tl
14384,sv
25322,tr
5450,af
6133,af
32451,tl
11032,pt
23679,tr
12861,de
11060,tr
26403,tr
8259,sv
25126,en
27010,sv
19050,tr
8767,id
18142,id
13695,sv
23137,en
12566,sv
11849,tl
14109,tr
29577,nl
19937,es
7828,id
3402,id
16191,pt
916,de
28289,nl
21210,tr
14441,tl
3649,tr
20442,fr
26538,fr
5817,de
34367,de
17852,af
1033,pt
11620,af
3026,af
14062,es
21804,tr
12711,fr
30888,pt
15192,it
986,tl
33545,af
25285,tl
27441,it
8751,nl
25150,de
25702,sv
8829,nl
32474,pt
12837,tr
4672,tr
28274,tr
34563,it
24277,fr
15955,it
1943,fr
510,nl
20102,pt
16158,id
32539,de
172,sv
8663,pt
528,nl
17496,tr
2779,sv
15279,en
8961,it
20369,id
9543,de
31057,it
2318,it
7357,fr
34573,sv
20699,tr
9790,it
24445,de
432,tr
18316,sv
14659,tr
17897,fr
6273,en
2131,tl
33174,pt
24319,pt
26912,id
32349,de
9557,tl
15114,de
28721,nl
31056,it
14378,en
20684,pt
28226,nl
19775,id
11500,tr
30865,nl
6712,de
11541,it
31415,nl
7239,sv
14707,pt
6901,sv
17060,tl
1679,it
22560,af
13121,tl
10013,pt
26257,es
2597,es
9581,it
31993,id
5525,it
10423,fr
16765,af
34219,fr
10561,id
15761,af
24024,de
26555,tr
24721,nl
10801,pt
13191,it
12461,es
21018,tr
10782,tr
33601,it
34217,sv
11993,id
1818,pt
13230,it
33590,tr
11807,sv
12173,tr
3411,it
17861,fr
4675,nl
11614,it
24117,fr
3527,sv
9920,pt
2013,tr
2980,tr
15677,it
21182,en
10115,pt
17149,fr
4296,pt
32986,pt
2005,pt
23225,de
31031,tr
35533,sv
12532,fr
12095,id
972,it
7843,en
16505,id
27762,fr
2812,id
8186,id
22406,it
25218,sv
3906,pt
8262,en
12826,de
5882,de
19447,es
1546,tr
24810,fr
23241,es
8189,id
30519,fr
24834,de
21430,nl
2860,id
30209,it
2619,af
8433,fr
28037,de
24301,fr
11916,tr
24435,pt
3086,it
23030,sv
25572,es
26379,sv
30505,nl
35156,en
1154,tr
30283,es
9035,sv
27000,pt
14023,nl
8723,sv
18586,tr
19475,tl
25743,es
1821,nl
2889,fr
11265,tl
16138,en
8611,tl
30464,it
14433,id
1372,nl
14578,id
26274,nl
30715,fr
34564,pt
21342,de
25500,id
317,af
8789,id
5875,de
18894,sv
1577,es
9683,sv
2997,de
23802,sv
5535,it
18203,pt
24359,sv
28877,es
15759,sv
24713,it
28736,it
25346,id
1860,nl
13667,pt
12243,nl
26456,it
14904,id
7364,af
14762,fr
18090,nl
33244,nl
14122,pt
33997,es
7617,es
17084,tr
1021,nl
19498,es
27542,de
15067,pt
5075,tr
20238,es
26687,fr
23662,es
5327,id
25603,it
2456,es
22987,es
4158,tl
26676,it
24594,it
34276,fr
16366,af
13292,id
29522,tr
21932,tl
29015,it
18621,it
18967,tl
29233,id
13551,sv
29151,it
35586,es
32675,tr
14565,pt
23627,fr
3127,de
34044,af
4618,it
2490,it
12833,tl
13064,es
9844,tl
13613,tl
5088,id
772,es
28324,es
9448,pt
34834,sv
30680,sv
12271,de
25900,fr
22233,pt
30835,fr
5189,tr
25554,de
16015,af
33526,en
451,tl
8924,it
8102,af
24967,en
31109,tr
18377,de
35194,nl
17883,tr
6399,tr
10220,fr
29850,id
29967,pt
9622,id
22948,nl
34592,tl
4267,tr
19502,pt
31012,af
34173,af
820,tl
27282,es
29480,en
32970,de
24945,es
31296,nl
4726,en
2624,af
25555,tl
28234,nl
1692,pt
25827,de
34766,nl
30529,af
3090,en
9594,de
33116,en
29929,sv
12546,it
23670,sv
18139,tl
33146,tl
30350,de
31975,it
7565,es
20451,tl
31856,pt
30203,af
23269,de
7475,sv
2432,en
16183,id
7799,fr
2141,af
28462,es
1084,nl
5860,tl
12383,nl
18401,nl
23434,nl
35143,nl
34035,tl
16227,pt
17073,sv
31172,nl
26275,af
1741,nl
1729,fr
14269,pt
3998,it
8884,nl
5061,pt
27260,tr
29046,en
4897,it
27533,af
25207,nl
27071,nl
19496,en
24028,de
10479,fr
33583,tr
30184,es
19374,sv
31397,pt
3783,nl
24808,it
35672,af
32803,tr
579,tr
31483,sv
31987,nl
24248,sv
27855,de
1797,tl
35446,fr
35366,en
10571,id
20777,sv
18434,tl
12763,tl
23803,tr
27965,en
20159,es
4654,de
20663,nl
2891,nl
30151,sv
4795,pt
33284,tr
34360,fr
20058,it
2081,nl
15007,it
27818,af
26110,tl
4327,id
13829,sv
9839,fr
11980,de
35092,tr
10268,af
23730,fr
11650,nl
2483,tl
21413,nl
24118,sv
10778,tr
33363,af
5426,es
20038,es
16068,en
27308,sv
19667,nl
14928,en
28025,tl
21437,it
22010,id
28033,en
21401,fr
6624,pt
32138,de
25903,it
29142,fr
31875,tl
18157,sv
6567,nl
11994,fr
29050,it
5043,id
17928,id
18738,nl
6443,af
35256,fr
2461,sv
22582,tl
10693,es
29857,fr
20366,fr
8963,af
20960,af
20302,id
3484,pt
12106,it
6785,tr
23352,af
31584,nl
32460,es
16931,tr
30162,id
18113,tr
23733,en
6729,tl
14878,nl
35577,en
22036,nl
24072,af
10971,sv
11717,nl
9153,id
7277,it
19234,pt
14514,pt
34013,es
16316,fr
27239,fr
34577,pt
25829,tr
3311,sv
14518,it
7718,pt
29993,it
26365,af
6270,tr
15399,de
26300,tr
25398,pt
34652,pt
14720,pt
23235,af
18490,fr
21558,fr
15593,sv
23668,es
32176,tl
31290,id
25677,pt
18439,en
21353,tl
33441,af
22466,tr
13357,de
26382,it
27330,af
29923,it
25583,sv
1612,pt
31829,de
21964,en
27215,nl
29761,en
9109,nl
27470,id
16877,pt
30288,en
29636,af
505,nl
16446,id
33078,it
28830,pt
25523,fr
12008,sv
24152,es
31097,de
20564,af
15659,fr
21253,de
10383,fr
13499,it
2808,fr
21303,es
28549,tr
24978,tr
24994,af
17458,af
19646,af
9107,pt
31721,tl
34748,id
5569,id
18852,fr
35204,tr
23208,id
20685,it
9016,fr
19948,fr
17792,fr
11358,id
6422,tr
1065,tr
17142,id
27706,tl
15410,id
6232,es
22875,en
27988,es
17701,tr
21451,sv
20036,es
17703,nl
16577,id
13822,fr
8210,en
35634,it
16005,de
16605,sv
5636,fr
35537,tl
26190,it
2862,af
28883,tl
1998,af
11950,fr
10141,sv
5885,sv
24455,sv
28725,nl
17915,af
10819,id
3953,de
23055,af
5522,es
5215,en
58,es
30860,pt
5403,fr
8374,de
5390,de
18328,sv
6669,tr
22208,en
8561,fr
23107,fr
25540,pt
24674,tl
18955,tl
29317,de
24970,nl
11455,tr
20286,tl
29155,tr
20149,es
4940,id
23412,en
2191,tl
16742,fr
383,es
28273,de
31776,de
12157,tl
14870,sv
35497,pt
10651,af
17889,it
23806,it
12203,tr
4573,nl
9420,id
20316,en
1699,es
12226,de
59,sv
27991,it
35193,de
26245,pt
13443,id
9150,pt
35039,pt
14198,en
4109,tl
27343,en
34696,es
14316,fr
27142,id
22923,pt
27828,fr
21633,id
21031,sv
27113,it
764,en
30486,fr
15160,tr
3861,sv
1591,tl
28010,tl
3406,es
17523,id
18660,id
12448,tr
27788,sv
4147,de
25625,nl
27122,tr
24898,pt
20306,af
23521,de
2693,fr
9131,nl
19211,sv
12831,es
31175,pt
2044,tr
26956,de
30004,tl
15891,id
29972,es
30127,id
7050,sv
15130,af
4253,fr
16054,sv
6631,de
22075,it
6492,de
1113,tr
30911,af
19129,nl
23672,tl
26553,de
32010,fr
26129,nl
28735,tr
19154,sv
31174,de
12362,de
24376,id
17314,es
8167,nl
318,pt
18382,nl
27249,de
35100,it
31950,tr
14591,tr
25078,af
27914,tr
28430,es
30074,en
9227,en
19335,sv
17066,pt
9818,it
18593,id
31514,af
32242,en
9377,af
16910,de
4574,de
4941,id
21544,de
27864,es
22377,it
21610,id
26118,en
25635,en
21233,tl
31844,tr
19149,tr
22196,fr
19696,nl
147,nl
32806,it
15668,af
16980,de
33998,es
23734,tl
22223,de
15555,tl
27879,pt
34184,pt
28188,tl
6216,de
14270,it
7698,id
15662,de
14919,af
7875,tr
12111,id
10795,de
23283,de
8449,pt
11290,tr
24139,tr
22316,de
22431,es
23355,sv
24521,af
30807,es
9279,sv
6936,id
19616,tl
20348,fr
10182,tr
10813,tr
30645,es
16899,de
22526,sv
16385,es
6960,tl
23676,de
20401,pt
11054,de
27336,pt
18980,tl
14824,it
26035,id
17715,nl
28547,it
28560,it
2510,tr
22897,es
7690,tr
19515,en
12292,id
6687,de
16299,nl
14211,sv
20631,es
2536,pt
12922,it
11726,nl
34129,de
27564,fr
25545,it
33843,tr
1259,tl
26526,af
7802,de
14576,nl
18732,tr
20552,tr
531,tl
18974,tr
10975,it
34758,es
30483,it
849,tr
30947,pt
3184,es
922,af
27004,pt
10856,af
3856,es
17828,id
11513,pt
33151,tl
3419,pt
393,en
10897,de
25647,nl
14975,tl
29178,af
11141,id
9902,af
32960,it
31738,de
9401,tr
17747,fr
28360,sv
417,id
1166,sv
16994,de
20289,af
480,de
35567,id
17725,en
25612,tr
31857,nl
3928,de
33766,pt
32005,pt
1105,sv
6493,af
31891,af
7178,tr
29121,tr
1944,sv
7294,pt
22551,de
9082,fr
10396,es
12561,fr
5105,en
19071,nl
25964,es
35020,fr
3980,af
32888,id
32969,id
13131,en
5438,tr
1019,af
26755,en
30638,af
15307,sv
20898,es
15893,pt
2336,nl
22066,pt
35255,tr
30726,pt
32312,de
30259,pt
15331,nl
19635,af
1886,es
27779,fr
17448,id
7763,en
23336,it
35238,de
19601,sv
7538,tl
20400,fr
15438,tl
45,nl
1658,fr
26455,pt
31458,nl
2132,it
4310,it
34929,sv
414,id
20331,sv
10084,es
16187,tr
17645,es
5740,es
30798,es
23942,es
23774,es
8511,tr
31214,id
11716,pt
9674,pt
29760,tr
26716,nl
17304,fr
10298,en
6357,tl
14799,es
14909,sv
31989,tl
19214,pt
15897,es
9676,es
9646,nl
9070,tl
29077,es
20241,sv
30996,id
32702,de
11278,it
16072,af
35563,en
20881,id
31540,pt
12507,en
15855,tr
16906,af
24263,fr
28508,fr
19778,sv
12718,pt
8971,sv
26874,af
8962,es
9641,af
14827,pt
3705,es
23411,af
28198,fr
13778,pt
35415,id
34723,af
11207,tr
24167,es
24606,af
25181,tr
15848,fr
7036,pt
9041,sv
34997,en
12370,es
24159,fr
16222,af
6503,af
10369,es
10329,nl
25052,pt
26332,en
33721,nl
3608,af
7195,tl
35083,es
8411,af
15339,en
712,id
34228,it
22845,tl
26307,en
8926,fr
33224,id
26768,fr
9597,it
32043,fr
22877,sv
34793,de
2233,af
2504,fr
11086,tl
24556,sv
24705,de
7022,es
32300,pt
29117,tl
23462,de
33128,sv
12402,it
30200,pt
4526,es
27140,de
3410,it
8160,es
15081,fr
29696,tl
32778,de
5330,pt
16914,it
22393,sv
29580,tl
26205,af
32945,pt
29362,af
20752,en
25247,nl
23338,tr
4000,it
30894,pt
9731,af
4631,pt
11266,tr
33473,af
7740,tr
34140,sv
25391,en
8465,nl
29613,es
15368,de
4086,it
26330,sv
29460,tr
2137,fr
20834,en
4580,nl
32951,tr
3459,af
12384,af
16235,pt
16103,nl
29118,nl
4721,fr
5857,tr
32077,tr
4071,id
15391,id
29608,tl
1802,tr
3957,id
13566,es
23620,sv
3035,de
7819,nl
30753,tr
9852,es
12575,nl
32446,af
28840,id
8578,nl
25426,tr
19018,en
32238,fr
31419,af
14070,es
1636,it
22070,pt
322,tl
7415,fr
11167,id
29017,de
10014,id
25944,es
12473,tr
27089,id
6057,tl
25876,nl
3438,sv
14575,es
4132,tl
33932,tl
1717,en
16264,tr
12031,it
30088,af
35441,it
3543,pt
11342,de
27707,nl
7427,de
30580,nl
8231,tr
7930,tr
32802,nl
12420,es
4366,nl
6701,it
13688,pt
17418,de
17763,id
35324,tl
5500,es
26132,sv
9364,fr
12525,it
18750,tl
29415,de
26020,tl
8623,af
1923,de
11338,es
2563,tl
5386,en
15815,es
11008,pt
2855,de
12698,pt
5464,nl
34985,de
4723,fr
3830,pt
5536,tr
7663,es
10241,tr
18125,af
6786,id
10417,de
1578,pt
2821,nl
20628,es
20341,tr
490,sv
17243,sv
1400,de
13301,it
34418,tr
30759,tr
33250,en
8598,en
29190,sv
1569,tr
28543,it
30054,de
23908,af
11066,en
11970,tr
3974,fr
9647,fr
11747,tl
12435,af
23343,pt
14950,sv
16955,id
10642,pt
7269,id
14296,es
9053,pt
217,en
4912,sv
20613,tl
10292,fr
3433,fr
19272,id
32299,es
13206,pt
25726,en
366,fr
1738,it
118,af
11540,es
15858,es
10313,en
9178,tl
28041,tl
24511,en
990,nl
8425,nl
31968,nl
17546,en
34570,nl
19575,es
26396,sv
13845,fr
32048,tl
13894,nl
10146,pt
11680,it
8810,es
14516,af
5025,de
23557,it
7733,en
11284,fr
33062,nl
635,tl
23324,sv
25499,fr
8859,sv
23221,es
31046,af
19930,it
30226,pt
9776,en
17567,en
9481,tr
15665,pt
34108,de
16766,fr
14618,af
26561,es
28720,nl
21806,tl
33862,id
6137,it
19916,it
33081,de
5654,es
30009,nl
7514,sv
26545,tr
25808,id
33266,sv
8318,fr
18259,de
11469,it
21870,en
29338,en
17317,af
18079,es
20733,en
32895,tl
6165,de
4083,nl
33372,id
34240,id
35073,id
27691,af
27666,sv
20833,nl
30385,it
25670,sv
6261,id
4846,fr
19177,af
26238,es
4879,it
15898,de
16409,sv
18068,de
12991,tl
21441,tl
19562,pt
20565,id
18059,tl
14006,tl
30926,tr
5537,sv
35005,tr
12728,de
11139,id
29461,af
22739,it
851,es
20953,fr
34272,it
5433,fr
2219,de
33226,tr
31781,fr
11300,en
114,de
11558,es
15033,fr
23105,fr
26895,id
2325,es
2699,sv
24541,id
10056,tr
26770,nl
408,sv
16161,sv
15429,tr
7400,fr
5978,sv
32696,fr
32153,sv
853,es
21883,es
29690,nl
29912,tr
26667,nl
33433,id
15723,en
16012,es
30,es
33739,es
35603,es
4884,nl
6381,sv
20749,sv
14822,en
24334,id
26958,af
13415,tl
213,tl
30199,en
8020,nl
34124,tr
29573,en
30826,it
14789,nl
30005,tr
34869,fr
2994,en
19763,de
3717,de
21457,af
27961,af
20655,it
18881,tl
20104,tr
31698,tl
835,tl
1465,nl
10631,tr
10720,it
2621,en
5343,tl
16439,nl
21813,tr
24542,sv
4784,tr
2838,sv
13497,it
24033,pt
3012,tl
21518,fr
27225,af
1359,en
19452,it
6250,tr
15579,fr
28436,id
272,tr
6417,en
29969,id
23090,es
20518,sv
11753,de
16872,en
15077,es
23153,id
30193,fr
18693,pt
23287,es
5490,es
34730,pt
11958,pt
3314,fr
15299,fr
32717,nl
21651,id
21079,af
26922,es
16879,de
17110,fr
28772,pt
10412,sv
5131,pt
26845,de
20164,tl
14564,sv
25090,fr
24691,id
9584,af
7647,id
29059,es
16194,de
24368,de
18063,tl
12268,fr
14724,en
5999,id
299,id
18611,en
35120,en
18195,es
20338,de
26093,tl
23680,en
7426,de
23712,tl
17628,nl
18746,af
22456,pt
30695,it
30978,en
6813,tr
22493,tr
25225,fr
20627,de
13953,nl
14672,es
30313,id
20609,tl
28939,pt
501,sv
33019,af
6607,en
14190,tr
20470,nl
18308,it
8991,pt
25991,tr
12282,en
33005,it
28697,af
23271,id
7700,pt
3269,sv
35608,it
17473,nl
9787,id
18836,tr
35682,tr
20052,tr
5423,de
34508,id
26364,en
32457,tl
27298,sv
23726,tr
17796,tl
31067,af
9488,en
2271,en
1362,tr
7832,es
4430,it
25199,pt
14435,es
24635,de
34830,af
20347,en
17661,nl
26377,de
22916,en
31383,it
1423,nl
17899,de
30446,pt
21594,es
26073,fr
30823,tr
20570,de
4068,tr
32638,id
9127,sv
6218,id
23094,pt
22188,nl
20989,pt
5182,fr
22711,it
25939,fr
22312,tl
9339,de
20941,tr
11989,nl
23860,en
8778,fr
6039,fr
13967,fr
9753,nl
15292,en
18585,it
1835,tr
8311,it
11151,en
27792,id
17368,fr
9265,af
14944,it
15590,pt
12215,tl
449,pt
12180,de
33856,es
7516,af
10007,id
14669,es
7629,it
32412,fr
3065,tr
30586,en
28217,de
14024,en
6838,it
24405,it
11601,it
8670,de
3731,es
6672,tr
26112,fr
17862,es
15072,nl
10245,sv
14195,af
4673,tl
2533,tr
35624,tr
12227,tr
9167,tr
34553,sv
28669,tl
595,it
2688,it
18538,tl
22308,tr
22499,tr
31816,id
3371,pt
3700,sv
25960,en
20825,en
28291,de
18131,it
5803,af
21400,af
34397,es
28086,es
32723,af
32036,de
25928,id
15518,sv
3114,it
728,tl
29349,tl
8308,tr
14234,tl
22868,nl
34835,it
33159,tr
5266,tr
29441,tr
25246,sv
16063,tr
5883,pt
3063,es
29144,nl
29012,af
23017,es
35645,it
2717,nl
27087,nl
8934,id
33219,tl
1295,tr
12504,en
8516,tl
28665,sv
190,de
24462,af
17892,fr
29721,pt
16559,id
6862,it
2236,it
18318,sv
35489,tl
6883,nl
2179,fr
10737,nl
1012,es
28480,sv
5940,de
18349,fr
4423,tl
22843,tr
17391,es
14626,sv
30008,de
25619,pt
18989,fr
3479,af
23312,nl
25155,es
35047,id
21327,pt
22803,it
13013,tr
33351,es
9222,id
13134,af
25654,id
22722,tl
23548,it
21841,fr
24329,pt
20436,af
25967,de
28378,de
4643,en
19469,pt
14496,en
34036,pt
33106,nl
24494,en
1905,sv
23118,en
23111,en
6201,de
29450,en
4492,sv
32321,fr
30485,sv
24650,tr
7744,es
19962,en
8392,pt
33596,it
22907,id
14892,pt
18649,es
297,it
6343,en
27789,fr
339,pt
30937,tr
7471,es
31518,de
8593,de
22867,pt
20623,de
3812,it
33708,it
31105,pt
2398,af
7563,tr
9673,it
33568,sv
28189,en
27979,id
24757,fr
31454,fr
20645,id
23192,it
9744,it
30144,de
24063,tr
28948,en
3150,tr
21788,de
19002,it
29791,fr
14193,en
19408,af
33462,tr
15988,tr
555,it
22448,pt
17836,sv
16799,tl
8278,es
9166,tl
22407,tr
1796,fr
4133,af
13969,nl
23830,it
5603,en
6646,tl
21092,it
18175,af
6772,en
22031,it
10060,af
17814,pt
7124,id
19109,es
17255,sv
18290,es
1055,de
29767,nl
5240,en
4992,fr
32013,tr
32037,tl
6368,de
6818,nl
33800,fr
7599,nl
3389,tr
29072,es
2292,en
5968,pt
20762,nl
29704,af
15128,id
22632,es
18614,id
7449,nl
1128,af
13670,nl
3169,es
8271,en
16096,tl
21059,tr
9916,fr
29634,it
6886,af
29665,pt
7593,fr
19107,pt
22532,af
13056,tl
22985,en
3871,de
5523,pt
21361,en
21709,fr
21288,es
23988,it
866,pt
31819,tr
5124,nl
3499,en
5410,id
35307,nl
5136,sv
13832,tl
30773,pt
22409,es
17299,en
24143,id
12116,it
32762,tl
18604,tl
1932,af
20292,af
5393,en
33770,tr
6749,es
17538,fr
18686,id
33145,es
18724,de
30700,fr
17656,id
35141,tl
19501,pt
26703,af
35099,en
3166,fr
18135,nl
13434,nl
17443,af
18996,en
1455,de
20112,tr
14631,it
19152,it
19100,id
1841,nl
4247,de
19901,de
28449,es
35340,es
5642,af
6469,id
16644,af
42,es
12110,id
1394,es
33610,id
1942,it
4089,id
13530,sv
26089,tr
19529,id
17336,pt
20862,tr
2034,id
14180,de
33944,fr
32248,nl
18850,sv
16297,nl
20880,nl
25658,af
32822,it
16269,es
35134,de
14506,af
22061,it
5991,sv
2014,id
18970,de
2646,es
17880,tr
5001,nl
2070,sv
12810,nl
412,de
21391,it
11033,pt
10879,af
31727,es
15554,es
3824,tl
10171,es
26970,fr
1707,fr
11203,id
25532,de
17487,nl
29825,es
14786,pt
35426,en
10184,en
15894,tl
529,nl
28045,af
17413,nl
31616,tr
4069,tr
34005,fr
19858,tr
21510,nl
8080,es
9110,nl
22044,pt
24950,tl
35178,sv
27288,nl
30284,af
19888,tr
35386,id
10900,tl
6682,af
16794,nl
4854,sv
6444,tl
18006,es
33802,tl
9775,it
28694,de
33158,nl
937,tl
6126,es
9523,pt
7000,it
16637,af
31147,it
17197,tr
16527,nl
24588,id
18879,id
27271,sv
16624,it
31239,es
35281,it
630,fr
32136,it
34746,tl
9513,fr
30514,sv
1801,en
11640,tr
33836,pt
17822,de
31972,es
21936,pt
31475,tl
2300,sv
10021,en
33333,id
19974,fr
14600,nl
9909,tl
1857,id
865,pt
12023,pt
30179,sv
29210,fr
7728,af
19961,id
17214,sv
30317,fr
29689,tr
18592,de
15917,en
1754,tr
26111,sv
30502,fr
4871,de
8536,pt
21642,de
14945,id
7095,en
35667,it
8470,tr
35188,es
3715,fr
28308,id
33567,en
34370,de
3398,sv
663,af
7570,en
17103,pt
14308,id
27728,nl
20326,af
30846,id
24088,pt
4874,id
18781,sv
26862,es
4115,sv
24682,tr
30657,id
26536,af
7804,it
9019,it
3728,pt
12296,id
4776,af
34973,fr
10226,it
26832,af
23590,tr
4223,tl
12267,de
11424,de
3522,id
15831,pt
23647,sv
15206,fr
15454,it
4651,nl
14613,en
16795,pt
31459,tr
9378,fr
33991,id
10706,sv
18495,tl
33530,tr
32704,id
13593,de
7292,nl
1508,de
12721,tl
17469,de
25929,id
32697,nl
10840,af
8010,id
3132,it
27607,de
24363,af
18466,de
26502,fr
20370,it
7997,tl
25023,es
11863,it
20764,nl
24712,it
32774,tr
18745,tl
12598,id
14862,it
9637,tr
12027,en
12348,de
28073,pt
9182,es
24127,sv
22332,fr
20393,tl
17239,pt
17840,sv
10154,tl
28938,nl
28966,en
21814,es
12542,tr
30950,pt
10025,tl
18065,fr
26451,en
35611,id
12070,id
23163,es
24675,de
20845,af
27939,tr
27987,nl
284,id
16284,tr
14856,af
32019,sv
8415,id
14709,de
4800,de
10908,pt
21435,en
9599,en
16568,es
5132,de
15398,en
11551,tr
22558,af
12857,de
20,tr
24398,nl
3866,it
16432,pt
2152,tl
9560,id
30414,nl
30477,tr
30623,de
32884,tr
30710,af
12781,tr
27058,en
29746,en
17107,es
21216,sv
25703,sv
30966,en
14583,fr
628,sv
11222,nl
15964,af
27612,sv
30890,af
27516,id
29891,af
4636,nl
9499,nl
21606,sv
4001,en
20229,sv
27075,nl
12028,sv
10415,en
25020,tl
19702,tr
27775,id
17312,tl
20259,fr
21028,sv
28756,en
20079,de
3577,tr
18606,nl
11376,de
10962,tl
14461,sv
21176,en
5435,pt
34225,tl
12909,tl
20601,id
20715,nl
34774,sv
7527,it
11646,it
7655,id
18638,tr
5461,de
27726,en
3170,tr
28864,id
9321,af
7420,pt
23573,es
9383,tl
31835,fr
34321,en
25613,es
16665,de
7940,en
16079,nl
5197,af
8638,nl
23348,pt
8286,tl
7081,sv
3739,fr
6355,id
3583,nl
31771,pt
21139,id
14383,sv
21881,es
20029,id
26226,sv
755,tr
19423,tr
14681,nl
15323,sv
31534,de
19795,fr
20630,sv
27463,es
19789,sv
22480,id
4898,nl
16075,tl
14468,pt
5747,sv
17381,de
24403,nl
3023,sv
15444,tr
3542,de
12585,es
12934,tr
13614,de
7419,fr
12343,it
6374,tl
26712,nl
15797,es
14008,de
28832,de
28002,pt
6362,it
18683,en
27322,id
24553,tl
7097,es
16134,tr
2401,id
16966,it
428,pt
34543,pt
14281,en
31990,pt
7792,id
30202,fr
5541,de
32898,id
19270,id
26369,it
1282,en
30306,de
1761,tr
34326,de
3993,af
1472,it
136,tl
24488,id
16882,it
2466,fr
29013,tr
2583,sv
30704,id
30375,id
2149,de
17334,tr
21192,pt
7951,fr
19105,af
34211,de
21753,id
2935,id
43,de
13486,it
24189,en
8169,nl
6705,id
12204,tr
7670,tr
21693,id
27832,de
5101,en
6941,tl
1213,it
34398,en
6247,en
13066,fr
9836,es
21663,de
15571,it
31659,de
28944,tl
21987,de
27930,tr
23314,af
2530,tr
16466,tr
21918,it
17265,it
12359,nl
9028,es
32131,fr
8333,es
10696,tl
32505,pt
24389,en
5187,pt
6735,it
20947,fr
8793,fr
25036,pt
9610,fr
17303,af
18342,tr
33996,nl
33544,fr
28182,fr
6348,es
413,es
17955,af
29100,it
17129,tr
15435,en
5053,nl
20961,tl
8748,tl
15244,id
16731,nl
4827,en
10664,tr
34547,it
27367,id
7204,id
34284,id
6330,sv
9869,af
11325,it
19249,nl
33810,es
33177,fr
23725,id
16225,it
17561,id
21931,sv
27246,tr
11232,nl
15288,pt
34343,es
2952,af
25902,fr
10901,pt
9116,tr
16890,fr
15056,fr
17879,id
5687,pt
2870,id
31224,nl
14077,tl
1126,id
19471,fr
7313,es
6623,id
16502,nl
16583,en
16057,sv
25700,af
28695,id
11398,af
10713,tl
13481,es
32892,tr
35070,sv
19424,id
34003,en
20958,tl
17362,fr
3037,fr
16965,fr
15252,tl
3877,fr
8246,it
31905,es
33599,nl
13239,tr
30057,tr
7935,tl
18661,tr
23027,en
22969,sv
24934,tr
8129,pt
1249,tr
24692,en
12876,id
18393,pt
33397,tl
6717,nl
17452,fr
5591,tl
551,es
20507,id
8983,tl
34125,nl
20508,tl
33777,it
26582,it
10411,id
26475,tr
1670,nl
25443,fr
23698,id
18056,tl
32678,it
2589,es
20718,sv
11677,pt
16378,sv
26325,nl
9061,es
5446,tl
28325,de
8808,es
29562,it
16478,tr
31244,it
23149,tl
23987,fr
1856,id
19292,sv
22370,en
5071,de
12142,fr
5602,fr
32050,id
28770,it
1496,fr
27731,af
6678,it
4639,pt
34029,de
31311,tl
35008,es
15826,en
18802,it
5550,en
15703,id
27329,id
33203,en
27252,de
23595,de
1445,af
3670,it
6119,af
5080,sv
22608,it
16458,tr
3823,tr
32709,pt
32041,id
25657,en
31550,tr
32901,sv
26810,en
6780,de
8877,it
21459,fr
28402,nl
30550,af
29195,fr
25258,tl
16124,af
31230,it
27235,tr
7836,es
22427,id
8780,tr
7704,tl
13540,fr
864,nl
17552,id
15411,id
15150,nl
13994,en
21167,pt
32776,it
26724,it
4452,sv
19208,af
2669,fr
7250,de
1624,fr
5904,sv
7809,fr
26225,tr
35442,de
6781,id
34291,es
1594,tr
26431,tr
6939,af
3770,tl
25127,en
14259,pt
29304,es
3645,it
12244,fr
15660,tr
19497,de
14257,pt
6738,en
3667,tr
30113,en
2402,it
31423,tr
9138,es
31110,nl
22025,id
24320,pt
19648,es
1684,en
16826,sv
34296,af
29325,id
28435,de
15310,fr
6179,tr
29248,tl
2389,tr
21985,pt
15426,tr
25812,tr
28869,it
32125,af
23669,nl
12253,es
24932,it
18052,pt
31924,nl
17388,es
33806,de
21729,id
6170,de
4391,pt
16286,de
26587,nl
18156,af
30021,nl
6440,id
31676,pt
32127,nl
22927,pt
35028,id
12390,tr
1619,sv
5659,fr
17481,af
7722,de
32989,en
23643,de
5714,es
21270,af
14158,en
34105,tr
17313,af
12320,fr
15216,de
34783,af
386,it
10427,it
2479,sv
4727,id
18481,fr
32654,pt
21989,it
263,fr
19237,es
14314,tr
28661,it
29074,en
29139,id
7194,es
10101,id
20057,fr
28641,de
18737,pt
25123,it
2508,es
12336,sv
17139,it
10097,es
13318,fr
3679,tl
21628,pt
31936,nl
28117,tr
17005,es
19662,tl
26844,af
25962,nl
14727,fr
30500,it
3476,it
2704,pt
30606,es
13201,tl
31338,nl
25072,fr
35517,id
26474,es
8498,nl
10274,de
23379,pt
15275,es
26229,id
27476,sv
24125,it
9485,tl
31103,en
18498,nl
31661,fr
19889,af
28061,en
14744,sv
1910,tl
8844,af
10944,tr
31000,tl
2287,sv
22285,sv
23655,fr
27043,it
32259,it
34677,id
17604,it
5134,it
20501,tl
2653,tl
32054,sv
2263,it
10614,it
17505,de
4097,es
8144,de
24486,af
8813,en
32985,tr
35457,de
12346,de
33349,es
25888,fr
34059,nl
11121,es
13608,pt
22576,fr
10477,de
21974,it
10432,de
33582,sv
21236,tl
12779,pt
14667,pt
35540,tr
25674,id
3841,sv
25936,es
17978,en
14941,en
4602,sv
11391,it
27349,es
16440,sv
30089,nl
33142,fr
9737,af
25977,id
1229,pt
17678,fr
24826,tr
33571,tl
2147,id
33132,en
26301,en
30439,pt
29404,es
8599,es
2601,nl
32096,sv
35140,nl
33591,it
23408,id
19316,nl
19919,en
3141,pt
18313,sv
29557,tr
33370,en
3021,en
34273,tl
10474,pt
29950,it
12607,en
19731,fr
8263,tr
14582,nl
25764,fr
6805,es
12966,tl
24847,es
21573,id
33376,af
3310,sv
14235,tr
15158,es
10783,de
35591,tl
15019,pt
27503,it
21067,af
34323,it
5078,fr
33257,pt
2535,af
18942,fr
2288,id
20916,en
34910,af
19720,de
4419,tr
29369,es
16219,de
23567,sv
9691,en
14226,en
20716,sv
18540,en
16374,tl
16868,en
34866,it
7414,es
32306,tr
24580,tl
8206,de
9953,fr
9645,pt
17480,pt
5029,nl
13437,sv
20511,id
12677,sv
6993,pt
4279,en
18883,tr
31184,af
10418,es
32351,de
17790,de
27118,pt
23618,pt
25055,es
15363,en
19122,af
2166,af
21299,pt
19039,nl
26344,tl
10559,id
35228,en
3829,nl
10282,es
4606,id
19799,nl
14272,af
25574,tl
2003,es
28359,sv
17767,id
28245,tr
20060,id
19259,en
19467,tr
23329,sv
31457,nl
30496,fr
10114,it
12753,de
10243,tl
4090,id
4916,id
17162,de
6665,sv
6384,tl
22242,fr
9813,id
30929,af
31154,tr
9494,pt
25280,tr
18314,tl
23760,af
16349,sv
21779,de
22243,it
25101,it
30857,af
10100,es
14702,nl
31482,fr
19745,it
3143,tr
7484,it
16661,af
15526,id
35313,it
9170,en
1469,de
12293,es
1207,id
24579,id
13448,af
3819,en
15553,pt
11921,en
25317,nl
28005,de
19969,id
28196,es
32994,es
27777,sv
12444,en
825,it
33343,tr
18069,fr
27084,id
8640,en
31517,de
26410,tr
19302,fr
34921,sv
16809,de
5300,tl
24728,en
33097,sv
24926,af
17853,it
31895,fr
2066,de
30359,sv
28662,tl
18204,en
23788,pt
17562,fr
20888,tr
1852,fr
20604,sv
8721,it
21258,de
13678,tl
14229,it
2593,es
35610,de
4218,id
24071,en
2284,tl
21360,id
29289,af
14733,it
13464,fr
11986,tr
2418,de
12897,pt
6260,es
20251,fr
9710,it
1839,sv
5111,en
23,pt
21858,tl
17091,it
260,tr
1652,tr
7858,it
11421,tr
16221,sv
6124,id
33427,it
23229,sv
8741,sv
28067,it
35334,sv
19639,tl
20211,es
8266,af
13389,en
12915,tl
2546,en
25481,af
2573,tl
24382,nl
2068,pt
17724,tr
34409,nl
8863,af
475,es
34815,id
892,id
15543,sv
24110,nl
8733,tr
27887,id
24003,tr
34927,tl
19213,pt
2893,tr
32399,id
29717,tr
20600,tl
6020,id
30541,id
24962,nl
4633,sv
14821,de
27595,fr
13307,en
10828,tr
27774,de
9745,es
23649,sv
14014,en
30165,tl
34732,en
20912,en
24952,it
27865,fr
31614,fr
27890,tr
31636,sv
10530,tl
15295,tl
26497,id
3094,tl
15632,tl
17631,es
22172,sv
22320,id
34408,es
2250,it
32693,fr
16449,en
25999,af
10833,sv
446,id
29538,pt
7407,id
34379,it
30290,id
21688,id
9151,id
15317,fr
6983,nl
22105,pt
29605,tr
28910,it
22698,es
32632,es
18180,sv
34986,af
19098,id
23345,en
23014,tr
22747,tr
2428,tr
32673,id
5417,fr
17024,pt
21133,sv
33300,en
27957,fr
10824,nl
13537,sv
10814,pt
13779,fr
19549,tr
12020,it
21689,af
30280,af
32760,af
28187,de
8634,af
17946,pt
2540,en
22874,af
6726,de
21291,sv
23127,id
20489,fr
14691,it
17423,fr
14315,tl
3305,tr
13304,tl
9823,pt
34246,af
18266,en
5334,it
33791,id
25235,sv
30192,es
180,nl
27676,de
32918,tr
18815,es
11413,fr
33484,af
24381,id
10073,nl
27076,sv
11797,tl
8291,nl
29599,pt
22190,pt
14324,af
5308,id
30876,de
18408,en
19042,nl
1294,de
15474,fr
2970,nl
22542,pt
22621,en
16178,tr
15861,en
1432,fr
12287,pt
4906,de
16504,sv
34691,en
25655,fr
15576,en
30961,tr
29350,de
15393,it
12155,de
4611,tr
11000,it
5342,nl
18454,sv
17493,af
11220,it
23404,de
7460,nl
24595,nl
35493,sv
14813,es
2144,pt
16655,id
32953,de
31386,de
35470,sv
4820,nl
5683,pt
20563,it
23922,fr
5032,sv
14337,id
19241,pt
30533,pt
34792,en
13752,tr
3281,en
15358,tr
17901,en
23709,id
32930,pt
29757,de
26901,tl
11821,sv
26935,tr
35534,tr
25429,es
25137,tl
29598,es
7922,es
20523,it
4365,sv
21976,de
9794,af
9238,en
13942,id
15337,tr
15511,en
22935,tr
24550,tr
8766,es
196,id
18348,tr
20692,fr
17370,pt
17025,af
9945,en
14701,fr
12245,pt
28773,id
29789,de
8510,en
13597,pt
8866,es
21329,af
23920,af
20120,tr
17643,pt
35394,es
8836,sv
616,tl
22033,af
18483,en
17520,tl
34383,de
15846,pt
7837,it
20965,en
6486,nl
31866,sv
16974,nl
797,af
15961,af
4998,tr
26883,pt
10591,tr
5555,it
10649,sv
32233,id
8583,tr
12324,af
11860,af
3029,nl
7069,es
11257,id
25267,es
2634,pt
7943,tr
28221,sv
4408,tl
34393,es
13423,tr
33762,af
19355,af
22553,tl
30682,nl
3658,it
18445,it
31951,it
1064,tr
17225,tr
12329,it
13856,es
5764,it
18225,en
3891,es
6172,nl
15556,pt
24014,es
11538,pt
13807,nl
4770,en
775,tr
10919,id
1550,nl
31350,nl
15482,tr
32794,en
14920,sv
30613,id
35429,de
26884,nl
21338,sv
1378,en
33134,tl
20452,en
7244,tr
20558,es
27192,pt
16945,tr
26024,af
30844,af
21801,de
24872,en
32847,it
2338,fr
6450,id
34687,fr
10083,af
5733,de
16413,en
31155,sv
19906,id
25644,sv
31466,it
2553,pt
33606,id
30417,en
21097,es
895,tr
24731,af
25066,id
20170,id
16837,pt
34803,nl
14891,en
13346,tl
824,en
13531,af
3130,es
66,es
19366,tr
32859,pt
12234,af
18383,de
7274,id
3720,nl
14297,tr
22299,tr
6692,es
29713,tr
28174,de
14679,fr
16703,fr
9414,en
12181,nl
15057,sv
25725,tr
26668,id
25600,fr
4985,tl
18847,sv
5005,fr
19304,fr
21033,nl
20077,tr
33651,sv
12445,nl
19758,en
7490,tr
9702,fr
24414,en
23605,es
26393,es
14210,de
13247,es
1,tr
574,pt
19232,sv
33071,tl
31917,id
20852,pt
15487,tl
11934,en
16968,it
9760,af
18868,tl
11447,id
2917,de
28240,fr
3794,de
26691,en
11053,id
1008,it
28808,de
10054,nl
28445,de
33518,fr
5006,en
19843,it
26404,fr
30653,fr
14250,fr
14045,tl
25558,fr
22976,en
15683,af
15613,en
35160,nl
10959,id
33928,de
4692,af
31143,pt
31681,af
6713,fr
22794,tl
28335,es
23525,de
17438,id
24720,sv
5829,fr
16710,af
11667,af
34088,sv
28077,pt
2864,de
1911,tl
29319,tr
22765,de
20143,tl
19595,tr
17580,it
31833,it
20811,tr
7086,pt
29885,nl
453,tr
5768,it
3734,fr
9184,tr
28081,id
32530,it
17424,tl
10987,tr
6832,en
15027,es
1279,en
14356,en
3569,id
17758,tl
3821,af
28989,es
34841,es
23248,id
29611,de
6499,id
31869,de
1227,fr
23311,tr
11077,sv
3153,af
3468,es
25118,id
35036,pt
34482,es
18381,pt
22009,af
1506,tl
26067,it
31624,en
22251,es
32489,it
12581,fr
14498,tr
6997,en
35627,id
8066,id
20183,es
8419,fr
9407,de
2356,id
25637,en
33290,tr
29088,id
31253,es
21673,de
30735,de
3268,pt
3668,af
34488,es
17201,en
4402,it
30013,it
6865,de
18451,en
1256,fr
18356,id
28205,de
31596,de
23686,pt
7944,de
5045,id
21317,de
22455,tl
24798,sv
4149,es
10703,tr
14528,en
15415,en
2253,de
3067,id
16926,es
26407,af
3190,de
26554,af
10913,tl
11748,fr
387,sv
10186,sv
537,tr
3101,en
31690,tr
6916,nl
35575,id
19165,sv
5372,pt
29715,pt
32035,nl
25016,de
24317,pt
32198,tl
27279,id
1598,es
15177,it
25159,de
27647,pt
16755,sv
25483,id
2524,sv
11581,tl
4206,tl
15747,af
32320,af
25065,es
26656,sv
15983,nl
32915,af
1192,es
29424,nl
14325,es
30340,nl
22042,es
8038,tl
8180,es
23288,it
5121,tl
8153,af
3051,es
9402,sv
29224,en
33634,af
8203,af
21577,sv
15502,it
19833,en
12405,af
13313,tr
34164,tl
23869,es
18818,es
22461,id
6625,nl
4668,sv
14448,es
19474,fr
20209,it
12625,it
14797,sv
6487,tr
6744,de
14780,tl
3893,pt
3665,fr
21990,it
10033,pt
31778,pt
33380,it
3860,af
10872,en
9538,it
25152,en
17676,nl
15605,de
32572,it
34472,it
16359,sv
16892,sv
6116,sv
23576,de
7625,sv
16107,sv
21223,nl
18057,id
9093,fr
3603,es
33251,tl
1296,es
24102,it
24664,pt
1767,es
3191,id
21409,fr
24702,id
12803,es
15492,it
15880,tr
846,nl
8276,de
31407,pt
31876,sv
10839,es
9460,pt
22357,fr
25436,tr
16680,de
34854,en
26239,it
35581,tl
32719,en
28348,fr
27278,id
33700,es
7955,id
1997,it
2282,fr
29488,en
3418,it
14894,nl
34749,tl
26267,nl
6894,fr
27905,fr
5125,tl
15969,id
26250,af
16354,en
15188,en
34178,nl
12351,id
18265,id
18147,sv
4007,id
23140,de
8534,sv
27425,tr
13091,tr
20810,fr
5108,pt
26519,tl
23446,tl
21581,tl
24437,tr
20642,fr
14926,es
31812,fr
35044,sv
23954,af
35464,id
34133,tr
13734,id
10729,tr
31708,sv
27856,tr
3615,nl
11261,id
5120,it
8267,id
32996,nl
2936,fr
13789,tl
30474,pt
23155,sv
23113,tl
10914,tl
16840,tr
13675,en
31008,en
21795,af
11866,it
29396,fr
20761,pt
29914,pt
23190,it
22303,id
12590,de
31029,es
16246,it
5048,af
16251,af
27234,es
8745,tr
8330,sv
19721,pt
15908,it
4131,es
18748,tl
25227,fr
23821,fr
4804,tr
9896,sv
26932,pt
19470,fr
854,tr
2222,pt
15294,nl
28414,tl
16288,pt
24373,tr
10860,tr
8158,tl
4264,pt
30037,de
20662,fr
15144,fr
15489,tl
22270,af
19628,id
26783,id
24370,pt
3845,tl
11482,fr
31150,tl
35119,tl
35236,sv
34931,it
9029,tl
19782,pt
11884,tr
9336,nl
34268,es
32338,id
4648,it
463,pt
665,pt
14530,tl
31904,nl
21692,nl
622,id
5466,tr
11102,sv
24281,pt
4008,tl
14302,af
11996,de
33189,nl
28078,it
16160,af
13299,de
25132,es
3179,tr
19086,it
34686,pt
24234,it
13380,af
7497,en
4121,it
17524,es
16958,es
21,en
19574,en
12431,af
954,de
3337,es
18228,tl
21912,de
15504,tr
14486,it
30912,id
9717,de
15998,id
35392,it
28522,fr
32887,en
14152,sv
18998,tr
17395,id
13587,en
3528,tl
25420,de
12380,sv
33690,de
34569,es
12723,tr
7155,pt
27829,pt
19812,sv
24784,de
5093,nl
2146,tl
15238,nl
16862,it
26811,it
23963,af
15452,tr
3122,es
32843,tl
16663,en
10791,tr
17193,en
6212,tr
28502,de
30696,tl
29765,id
23771,fr
31995,nl
1817,sv
26539,sv
19708,tr
20416,af
13153,sv
8407,af
28598,af
25686,sv
11174,de
8554,nl
23200,fr
13885,en
9431,de
7606,es
22789,pt
7822,it
11602,en
34579,de
26806,nl
32805,id
16697,tl
35208,sv
20892,de
21164,id
1122,en
17170,en
10081,pt
17016,pt
22209,en
19048,tl
18390,es
24813,af
13021,af
5259,pt
2883,it
5657,sv
4478,fr
27311,nl
12010,de
27535,de
27413,af
7720,nl
8938,pt
1293,sv
2566,tl
23025,it
24475,pt
30221,fr
5395,nl
11399,pt
33202,en
26642,de
35480,fr
14228,es
5562,nl
24075,fr
9690,id
10970,fr
14768,fr
7736,af
12905,nl
1243,es
14386,pt
9853,it
487,es
19792,tr
34116,sv
32947,af
16355,de
7790,tl
4388,id
30231,tl
27973,pt
30256,tl
24350,es
22522,tr
28688,id
6935,id
21165,nl
4545,tl
6635,pt
14812,es
9743,af
12995,en
14236,de
16077,de
29624,en
24327,tr
29303,es
12896,pt
10902,nl
16149,af
13522,es
3436,af
34898,pt
1915,fr
25712,tr
23832,de
29391,en
34788,de
25257,af
32152,es
5465,tr
10990,tr
1345,en
27904,es
16967,nl
23614,es
32713,tr
24543,pt
25541,de
32103,en
27897,tr
599,pt
13374,fr
17263,it
25329,id
6436,es
8367,af
35034,tr
17757,es
7387,de
21025,de
11599,de
3529,it
7459,tl
23321,en
11394,pt
19815,es
15551,sv
16662,it
19360,af
4855,pt
1020,id
7334,pt
2521,tl
26527,nl
19850,nl
981,fr
4488,pt
31055,es
15196,sv
19448,sv
12770,en
23242,sv
24005,es
18932,pt
27110,af
16180,fr
23188,de
24841,tl
11322,tr
27993,de
10325,tl
844,tl
24198,fr
19931,tr
8551,en
2852,tl
9,fr
7859,af
23275,id
5808,fr
12408,nl
204,id
21184,pt
24642,en
9276,es
13736,tl
11081,tr
4917,de
9309,it
1516,fr
3811,tl
8647,sv
13092,en
20717,id
5153,sv
956,it
2057,tl
4208,de
25535,id
13574,it
24183,af
16216,es
10387,id
23958,sv
22797,en
16611,pt
22773,es
22745,sv
31724,sv
20800,tr
3671,es
29662,id
27184,de
8937,nl
17691,id
2031,de
32959,en
4625,de
15195,tr
30631,sv
2884,fr
1762,it
33569,sv
25087,nl
21614,nl
10051,tl
589,id
17766,es
12036,tr
5203,tl
27371,it
21621,en
11771,en
20767,id
31827,af
20567,sv
5365,en
19183,af
18168,tl
19649,tl
1230,en
6293,tl
11844,pt
875,tl
33640,nl
31752,fr
13798,id
22557,af
22482,nl
27802,en
26764,fr
22481,de
15455,de
26616,sv
6957,pt
8319,tl
22732,sv
27421,en
22627,sv
7879,pt
8976,fr
21487,sv
3675,sv
12154,fr
13656,pt
4057,sv
2971,fr
9310,sv
15698,tr
17261,es
15453,id
27816,sv
15321,af
13035,nl
10338,nl
14896,tl
35316,nl
7603,tr
14225,de
11830,es
7795,es
26435,en
4955,tl
11695,nl
9684,en
28287,pt
1190,fr
22932,fr
19537,tr
30622,fr
35049,pt
15301,tr
27700,nl
13806,en
24418,tr
21765,sv
2106,af
30355,tr
3214,fr
1239,fr
873,es
10717,it
5858,it
31413,fr
26501,es
14511,tl
30705,id
24421,it
3617,nl
28443,sv
31228,en
1792,pt
29569,pt
20264,es
18468,en
1444,tr
23469,tr
15473,nl
15445,af
30102,id
25353,en
8316,tl
13548,nl
31101,nl
26060,tl
27128,sv
27639,de
27332,es
20318,af
1110,nl
16632,en
11294,fr
25486,pt
31188,pt
29876,it
9926,pt
10700,nl
16941,es
27826,tl
6088,tr
33450,it
29900,sv
32708,es
5511,id
26445,id
17835,tr
25529,pt
1405,af
3802,de
2922,af
33046,sv
34110,it
29305,pt
3931,en
1130,tr
15156,pt
4458,tr
3119,it
9496,af
10031,tr
32234,af
8522,af
15711,nl
26954,af
30722,sv
25369,tr
12373,en
8615,de
33286,id
7813,fr
7910,fr
2100,it
34242,tr
18609,id
1334,tl
35315,it
2265,en
15250,tl
15349,pt
23442,id
15697,nl
3704,af
31494,sv
17888,id
30780,tr
583,id
27998,en
13559,af
9655,tr
473,af
28949,de
28155,nl
12495,fr
17254,pt
24130,it
14408,sv
3722,tl
29018,pt
24124,de
12179,nl
28260,id
33249,it
35059,nl
31931,es
35649,tr
715,it
12432,tr
23918,sv
33006,tr
30637,nl
1265,en
33961,nl
17412,pt
16483,it
3524,sv
9484,fr
3950,de
2119,it
8648,tr
20134,de
30408,de
32113,tr
18766,nl
19338,de
33288,it
28385,tr
28642,af
7396,tl
28937,en
12129,sv
11915,pt
127,it
7381,tr
17971,de
33551,fr
8977,es
24560,en
35154,af
4994,de
20731,it
22119,pt
15099,it
33086,es
13768,nl
24749,de
14319,sv
16708,en
21339,id
32979,de
31896,sv
24135,af
32267,af
12565,es
3118,id
210,id
34492,pt
34524,it
31709,es
19344,nl
5574,it
16606,tr
23244,tr
23854,de
32009,tl
21798,de
31541,sv
32033,en
8955,de
32179,nl
20100,pt
21127,sv
15274,af
32034,af
30377,pt
14350,pt
22348,fr
14267,tl
1085,pt
10392,nl
4730,tl
29434,it
32046,tr
10391,tl
30553,de
6108,de
12761,nl
15003,en
14163,id
24903,tr
31399,de
35031,af
21206,nl
28358,en
24971,es
28766,tr
24869,af
26537,tr
23085,id
20707,id
14741,af
8673,de
22856,de
12137,af
32028,de
24499,en
23230,it
11371,es
34459,de
11991,pt
28976,it
931,it
11432,en
5416,en
7696,pt
21824,tl
32336,tr
9999,sv
15935,pt
14275,es
29647,fr
27636,pt
2170,fr
867,nl
21209,af
26484,es
21265,tl
28806,it
16213,af
12744,af
27041,af
1647,af
33659,sv
24239,tl
9433,tl
6515,tl
3092,en
34319,it
30927,tr
8655,sv
160,fr
32158,de
9788,tl
17111,id
25834,af
19704,it
22023,sv
21349,af
26161,fr
19365,pt
35295,en
20782,af
5850,id
7011,de
26485,it
30384,es
32166,pt
998,de
27174,de
4119,id
22665,nl
826,af
13362,nl
691,tl
7753,es
29182,sv
35588,en
33859,tl
35458,pt
21977,en
7622,id
13661,de
8353,fr
2905,sv
20013,en
32499,id
2143,fr
31962,pt
32738,de
16464,sv
17944,fr
22734,pt
30116,id
4548,tr
21685,tl
6099,tl
5287,it
32860,de
7090,pt
15285,tl
26987,de
32217,tr
24770,sv
5424,fr
22704,tl
2085,fr
10606,tr
35562,it
11510,fr
21296,fr
31828,id
9063,tr
1070,nl
6120,nl
14596,tl
23939,tl
25142,de
28312,it
30943,nl
28439,af
27147,sv
34737,tl
22974,id
22756,de
23962,es
27091,af
3236,sv
3261,tr
34818,fr
33003,pt
34527,sv
13116,de
20303,it
31789,id
21396,en
10579,en
19198,sv
8609,en
23202,tl
32580,tr
34755,id
479,es
1083,af
28668,es
6387,tr
29831,fr
9260,fr
28284,sv
5358,de
18653,tr
10312,de
18965,af
19523,id
33196,en
11410,sv
16268,es
14885,es
17121,nl
30793,en
16728,nl
17910,de
6548,tl
29254,es
24632,pt
32470,tl
16436,es
28917,tl
8921,nl
28554,af
34658,en
25188,nl
7035,en
1338,en
1108,de
24884,fr
10374,tl
17271,sv
9043,nl
19847,nl
30535,sv
33958,en
32658,id
20648,af
17622,de
30344,tl
26266,pt
22030,af
34541,tl
15322,pt
32904,en
20520,pt
34957,es
28429,en
32465,tl
20857,sv
30702,tl
6115,fr
6893,es
18533,es
23383,id
23002,en
15825,tl
11740,tl
33680,fr
13122,it
541,af
12469,es
16065,tl
34760,es
10786,tl
11023,pt
31912,pt
696,de
19243,de
3949,sv
26025,tl
14475,es
34399,id
7764,it
32525,de
11152,nl
24680,af
23851,de
8285,tr
18555,tl
15306,es
4645,en
29971,es
26649,sv
19723,sv
22337,it
32357,tl
25419,id
31839,fr
10815,it
19627,id
575,tl
26306,fr
30612,en
16463,fr
3413,fr
1622,fr
12778,pt
26920,pt
10701,nl
33227,tr
16052,it
4863,nl
28871,tr
24496,nl
26914,es
19839,es
22651,tr
2445,tl
6782,nl
15783,tl
26192,es
12102,sv
22637,nl
34114,sv
12701,pt
3218,sv
22851,tr
23087,nl
2847,af
5104,tr
21625,tl
12059,nl
27572,id
34021,sv
8232,tl
5929,pt
27745,es
4313,de
17813,id
15802,de
30635,tr
3254,es
3338,de
10425,de
18505,nl
12889,pt
10992,id
19927,fr
21780,af
7660,tr
3379,sv
10616,sv
21326,pt
9013,nl
17675,es
20185,sv
10316,tl
8406,es
34534,pt
24122,tr
5806,es
19170,pt
4847,es
17083,pt
22410,tl
10924,nl
33358,pt
15369,sv
28878,fr
18785,de
11116,sv
35617,nl
25795,pt
24280,tr
5629,pt
13820,fr
12056,af
32280,fr
16631,id
34062,es
20519,tl
34689,de
34024,en
30069,es
4105,de
8014,id
24283,tr
27786,tl
9780,fr
13890,en
9931,tr
2262,id
21001,pt
31731,tr
33723,sv
24998,nl
29863,id
27021,nl
7553,tr
32807,id
1737,tl
13666,sv
9245,tr
5255,af
5651,pt
22261,nl
9785,es
15485,id
21516,fr
3598,en
20378,id
29558,de
21997,tl
11847,tl
26532,tl
25290,fr
1676,en
22100,fr
19559,es
3446,af
28252,it
26544,es
769,tl
33160,sv
11887,tl
12736,fr
22300,sv
7220,tl
1731,sv
28933,de
33535,it
28250,tr
7614,sv
5963,nl
11561,af
10318,de
7870,sv
22041,en
30699,fr
18019,en
4950,id
28680,de
35584,de
11876,nl
28299,tl
27033,it
19978,tl
25402,en
9707,es
25259,tr
16540,pt
15145,it
30125,sv
7410,af
20527,de
13828,fr
34601,af
17427,it
13033,nl
26170,en
365,pt
17876,de
34914,en
2133,sv
32921,en
4850,en
35019,fr
28497,id
88,fr
29217,nl
20929,nl
19067,en
10677,tl
26522,de
21564,tr
16357,nl
35557,es
27547,nl
21944,fr
10134,af
26651,de
12310,af
29158,id
10566,id
30401,pt
20951,tr
6378,nl
21113,it
19621,nl
20383,en
33451,it
25942,nl
30175,id
17652,es
21168,af
15141,pt
7211,tl
1505,it
4658,es
11823,id
5705,nl
16353,nl
22955,pt
5313,tr
33210,sv
27819,af
35367,nl
28450,id
23701,de
31201,tl
20409,tl
19404,tl
441,af
2600,tr
18610,en
10500,sv
33315,tr
25399,es
11017,en
5545,tr
19908,fr
34087,de
27001,af
18690,es
28266,pt
5842,it
24326,pt
2043,id
25963,it
28003,id
27429,tl
16043,af
24000,en
7998,es
29373,af
10964,en
18632,sv
9856,nl
6909,id
30588,nl
1370,fr
921,af
33413,pt
33024,de
17211,en
21321,en
8151,fr
10772,fr
31878,pt
10804,nl
15792,es
29198,it
5834,tr
22709,de
34778,de
28309,de
8239,nl
32962,af
17075,id
6801,sv
22358,fr
7964,sv
24307,tl
31066,tr
21744,es
9831,de
15901,id
27628,tl
20283,sv
16141,fr
15671,en
1131,nl
24669,es
532,tl
22572,af
8871,en
28552,es
19371,tl
31791,tr
9060,id
34267,fr
21554,tr
6711,nl
35679,sv
6664,sv
17806,sv
34040,en
23388,es
14668,de
20069,id
5915,it
15312,it
27378,af
8557,nl
11767,nl
19217,pt
14806,fr
10577,it
11839,nl
20233,af
9696,tr
34469,en
20219,pt
8342,tl
7525,af
21861,nl
31793,nl
16415,de
10931,tr
24558,fr
25217,tl
9922,de
24285,tl
15269,es
6410,it
34085,pt
12035,id
31288,af
7075,id
4193,de
27354,tr
8349,pt
2703,nl
20492,es
2933,pt
23983,tl
22878,it
25244,pt
23213,id
1861,pt
10446,es
1930,it
6841,de
26524,tr
25385,pt
17510,pt
10861,tr
6938,tr
22922,de
10155,nl
28771,af
28699,sv
29160,en
16871,tr
32877,tr
25315,tr
25033,es
2366,en
27306,en
16312,id
28112,pt
24500,pt
1892,de
16323,id
3257,tr
8083,fr
28238,it
7664,fr
25933,af
434,it
11171,sv
21422,it
28952,id
34227,tl
28194,fr
28132,tr
22991,tr
18832,id
31354,fr
1556,fr
7039,en
24298,en
29228,it
29322,sv
21998,sv
9662,nl
18181,de
26696,de
22007,af
17163,nl
14665,tr
16581,it
20440,tl
24659,de
9935,fr
120,en
22629,sv
18514,tl
8438,id
19350,en
5945,de
4072,tr
5678,tl
32365,it
11205,pt
5609,de
7354,it
12072,sv
6439,af
11221,pt
14509,en
27175,pt
2099,it
16481,pt
4104,tr
26523,es
23777,es
32576,nl
11481,it
24222,es
14329,es
30214,tr
22244,es
12450,af
31019,af
1700,nl
7358,pt
31430,sv
15403,en
21988,tr
24608,es
6811,en
24002,fr
5081,sv
1144,pt
156,pt
26863,pt
13200,sv
30230,en
11430,it
7556,es
20895,en
7503,tr
25988,id
14145,sv
17723,sv
18740,it
31558,sv
17210,sv
17224,id
31377,en
34113,af
23738,sv
8701,pt
11200,id
14231,nl
5119,pt
11020,en
19372,tr
13426,af
26468,tl
24422,sv
34200,it
34141,pt
11289,fr
25521,pt
27539,nl
12241,fr
13727,sv
7841,fr
6694,id
7336,es
35086,sv
22639,es
9446,sv
29949,it
19626,it
27263,nl
14602,fr
29659,nl
35057,nl
13189,fr
22387,af
11978,en
13387,tl
16657,id
14731,af
20449,tr
21886,es
10188,pt
12034,en
30444,pt
10047,en
12130,sv
32358,tr
15135,id
12144,tl
28663,en
24409,sv
14365,it
23536,pt
17067,nl
30016,en
9027,fr
30220,it
6432,it
23820,it
24827,af
32736,sv
13385,sv
4856,it
15767,tr
30877,tr
24658,es
21843,es
12152,de
29204,tl
33242,nl
27935,tl
6919,es
16393,it
28128,it
19794,fr
30872,tr
4870,sv
18494,tr
13336,it
7929,tr
2056,fr
6194,pt
3709,sv
8457,it
22153,tr
27812,fr
20794,es
1007,af
3284,es
4237,id
22492,en
31158,fr
35475,fr
11670,it
14601,sv
34865,sv
7635,it
24982,af
28672,nl
27674,af
10781,de
17187,fr
19752,es
6427,sv
25104,en
33977,es
34753,es
30211,id
1842,pt
16796,de
32879,tl
16428,es
19411,it
1048,it
24963,es
23640,pt
28380,tr
15947,de
6392,id
16278,tl
35521,fr
11503,es
26272,af
1611,tr
22899,tl
6478,de
21460,en
9602,id
19875,af
31923,tr
8209,pt
31699,pt
20784,tl
11699,nl
8237,pt
24587,pt
20072,nl
32235,nl
570,de
25281,tr
6770,tl
17612,tl
22231,nl
9453,de
7989,tr
5796,es
16853,id
5181,tl
987,es
13649,sv
15470,fr
2403,nl
30821,de
15805,fr
24489,tl
12955,af
18506,it
1685,af
8090,en
20955,id
18563,en
5633,af
3158,it
14463,af
8679,es
18250,tl
26156,en
16453,en
697,af
24643,es
984,fr
8968,id
13947,en
25884,nl
104,id
4060,tr
27932,pt
19973,es
29737,es
14224,id
1618,af
18276,tr
10197,de
26135,af
9666,de
28557,pt
25062,nl
11932,de
34163,nl
13149,id
35248,en
5931,nl
22293,sv
1745,af
29402,es
13673,nl
30374,de
20541,tl
4011,sv
7994,it
9305,de
8700,sv
29431,fr
1210,af
25498,en
11433,tr
8439,tr
5677,pt
6245,fr
27037,id
16066,es
28328,tr
535,nl
17079,id
7991,tl
10285,en
11545,nl
10262,de
1529,tl
21283,tl
31402,id
11995,es
30723,tr
18510,tl
13797,en
18816,es
12634,id
26374,en
19669,id
18658,fr
7954,id
32613,de
6556,fr
14971,nl
20059,sv
3808,tr
33471,it
588,de
12218,it
5381,nl
1593,pt
25551,de
28737,tr
8191,it
34639,id
15175,en
28144,fr
26352,nl
11875,en
28326,tr
29925,fr
11446,en
19866,sv
34128,sv
14687,sv
4028,de
35260,nl
28269,it
1527,es
25656,tr
29464,fr
24548,es
28278,es
16987,en
34446,es
33123,it
13712,es
12074,fr
15499,id
17532,af
8323,sv
34427,pt
10805,it
1156,sv
28666,it
13683,fr
17316,id
21957,en
26052,tr
9822,tl
28727,de
29833,pt
660,tr
1328,de
19008,en
5546,es
1228,tr
16408,sv
29635,af
18742,fr
19373,id
10463,es
16443,sv
34202,id
11009,tr
25522,tl
30935,af
4528,es
22397,pt
12400,es
24586,id
19686,de
27268,fr
31322,en
29463,pt
34148,nl
35361,af
30422,es
18779,es
12767,tr
29551,id
12545,es
6773,pt
3102,en
15869,es
16961,pt
28993,tr
27755,sv
34012,nl
3304,nl
740,nl
15096,tr
10172,nl
7310,af
11848,tl
4571,it
31229,it
4426,sv
2966,sv
3341,tl
12283,tl
33080,tr
30176,tr
29287,pt
17963,pt
33796,en
23485,tr
27943,es
10528,es
7986,es
27940,en
793,tl
8364,en
16196,sv
26698,nl
25440,id
7456,tr
29157,en
1649,nl
1301,pt
3590,de
5208,es
35653,af
3873,de
23457,tl
18979,nl
32626,pt
13432,en
15232,nl
1697,tl
26139,fr
17789,en
3031,tl
20117,en
62,de
5178,en
25302,tl
16033,id
1364,af
31852,en
12301,es
30785,id
35432,de
11405,tl
18448,es
35460,tl
51,af
2744,af
15954,nl
3563,tl
319,sv
19964,tl
11732,id
35580,tr
2819,sv
2984,af
20399,fr
7091,es
6475,id
33556,de
18714,tr
21066,nl
21669,id
2443,fr
34561,tr
6445,es
21941,de
11162,sv
31002,tl
22777,tr
20471,sv
13103,af
14621,nl
27677,af
9165,en
1100,pt
17761,en
16022,af
32182,sv
7241,tl
4957,nl
27077,id
1014,sv
32651,af
14082,nl
29817,es
28693,de
19196,it
20729,it
34796,es
27443,pt
18568,sv
12993,tr
33789,en
29336,es
32504,tl
24316,it
5877,fr
21863,af
18193,af
17221,pt
35329,pt
25082,id
33705,pt
8912,tr
7775,nl
31080,tr
29458,en
34181,af
16805,sv
25565,sv
32171,tr
8929,af
12806,tl
23120,nl
19392,id
6520,es
4953,nl
26867,sv
976,it
24917,sv
15014,tl
5140,sv
23318,de
33681,en
31286,tl
16281,tl
25089,sv
24873,pt
13950,de
20248,en
8165,es
25694,it
7712,fr
1484,es
30431,tr
27798,fr
28564,de
19101,sv
33014,tl
6061,af
20278,tr
27223,en
8538,it
19200,nl
15580,fr
925,nl
19861,de
12704,es
4931,nl
33045,tr
29193,de
4570,tr
23901,id
19055,en
27448,tl
34149,it
26253,en
26228,id
26620,id
15221,nl
9367,it
32991,fr
11809,af
10567,tr
30814,pt
19573,it
484,en
13467,tr
34599,id
32295,nl
19466,en
20362,it
4335,af
13849,id
11382,sv
28487,de
34794,es
12460,de
10175,es
6442,nl
26748,de
22730,id
19258,de
1986,de
16990,sv
25614,tr
10307,tr
2154,pt
7281,it
5345,en
26891,it
22161,it
23420,af
16810,nl
33974,tl
28988,de
29962,fr
13826,sv
11385,af
29024,es
13333,id
9113,fr
11206,es
16181,id
31416,it
34199,sv
18353,tl
8233,id
6096,it
2609,id
11461,tl
4357,pt
7524,nl
4520,fr
2910,es
29354,tr
21746,de
19078,fr
5988,es
13802,tl
15809,pt
15628,sv
29148,pt
22318,tl
27900,tl
3535,pt
17702,af
33691,tr
8450,fr
5209,nl
30387,it
1321,it
14439,nl
28678,tr
30155,tr
9845,de
1540,tl
17430,af
11546,it
29191,af
7595,tr
22353,fr
11618,es
5676,af
10757,es
21958,de
24725,en
30293,pt
15609,es
7107,af
5213,id
9466,pt
11302,en
24764,en
12534,pt
10063,af
10724,pt
29390,tl
988,it
11832,af
32880,de
9324,es
5668,it
9730,id
28559,nl
28301,it
10045,af
15475,tl
15537,sv
10827,tl
4958,sv
425,af
11894,tl
8731,es
19219,it
303,pt
26778,de
17484,tr
1271,tr
8049,pt
30296,es
1275,pt
23608,tr
10448,fr
34863,en
13959,es
292,it
9550,pt
1206,sv
32298,id
28389,tr
18527,de
15069,tr
10816,tr
14947,sv
33650,es
27303,nl
18456,pt
34253,tr
8594,id
8086,en
23114,es
18333,id
3801,id
26057,tr
9507,tr
22349,es
32567,sv
32906,en
31750,af
28652,it
31273,de
9122,id
35286,fr
105,af
34352,nl
34137,fr
34785,it
240,en
362,af
34165,de
9537,af
2427,de
16591,tl
15350,it
26723,fr
35108,af
16608,de
27512,af
12344,de
9340,it
29593,en
22076,nl
8897,af
12671,en
2332,it
29801,en
31328,nl
13310,tl
360,tr
23315,fr
13425,it
32655,tl
31307,af
17039,pt
26183,es
19479,id
2739,id
10400,it
10539,tl
31804,de
6064,it
1646,nl
20719,tr
8899,af
4996,es
17354,tr
23396,es
8268,pt
34892,sv
25681,it
20841,nl
28208,it
3862,af
676,af
22006,id
16951,en
23888,tr
6404,es
25014,af
9128,id
14246,pt
13911,en
28621,af
33198,fr
21146,tr
8213,nl
10093,de
9532,en
13218,fr
20517,nl
23377,sv
602,nl
29648,it
14726,af
19351,id
8645,tr
16895,en
23630,fr
31323,en
24424,de
22559,tr
21694,de
20859,tl
6240,sv
25342,sv
35325,fr
34612,es
7830,tr
17614,es
7730,it
21399,de
22189,id
16171,it
27675,pt
34080,en
889,de
31609,id
13702,fr
14359,nl
9993,en
12787,fr
10232,en
10398,tl
19733,fr
19415,tr
21690,en
12796,de
6543,nl
23428,it
26993,tr
4363,de
9609,nl
27050,tr
35007,it
25057,it
28698,it
2765,sv
30914,nl
8340,af
9749,pt
33811,tr
19796,es
7888,tl
15204,fr
17115,tr
11705,en
35593,es
22420,nl
6963,nl
14554,en
17663,fr
34671,af
11805,fr
4600,sv
34381,sv
6538,fr
31682,pt
22155,af
20404,en
27585,nl
19656,en
3851,id
7959,it
31291,af
8192,tl
5944,af
31719,id
14327,sv
23335,nl
161,it
24894,id
25639,tl
29576,id
17229,sv
3022,it
32473,af
34521,tr
32551,af
29499,af
21313,af
20429,id
30307,sv
6582,fr
13510,es
30001,it
26744,pt
12695,it
34302,es
22064,af
12967,es
12948,af
24335,en
5864,nl
738,de
16653,pt
18900,id
14139,en
7678,af
20546,tl
3924,sv
20556,it
34335,nl
22699,pt
6073,af
31391,af
27846,af
29408,tl
21866,it
15670,de
22366,nl
16643,fr
22869,pt
3293,af
16815,tl
12576,af
13685,fr
29816,es
4269,es
26887,id
23909,tl
28563,id
29616,it
12342,tr
23132,fr
33868,nl
9929,nl
28578,es
31202,it
29537,it
1960,tl
12375,de
4161,sv
28296,tr
17409,tr
17353,it
22684,tr
4796,en
20934,tr
20766,tr
29110,nl
4560,tr
11476,en
21462,en
4463,tl
2225,fr
384,af
34991,nl
27115,de
25713,id
28611,id
24699,sv
20893,pt
10565,es
17439,es
14372,it
3988,it
15247,es
31637,fr
268,fr
12820,id
24443,pt
22866,pt
8403,tr
26081,es
1588,nl
30644,tl
31341,it
7128,id
19516,id
12049,af
2644,en
17673,sv
34756,tr
18324,de
26897,en
3967,af
4266,tr
10028,tr
28317,tl
18062,fr
17070,en
13554,de
21871,sv
619,af
1490,id
6549,id
27138,pt
3907,af
13002,af
14046,sv
24369,de
14326,en
21535,fr
33476,af
29235,tr
15412,sv
32644,id
22329,fr
10864,it
33055,de
22439,tl
20196,es
9090,nl
283,nl
17881,fr
34095,nl
33452,id
10148,nl
28231,it
12288,it
23951,tl
15934,tr
20254,id
1509,sv
5933,es
20904,es
18634,pt
6987,id
35358,es
33959,tl
15856,en
1555,id
24836,fr
4299,fr
21754,it
26498,tr
6299,en
21969,id
26372,es
27704,de
683,af
18682,fr
32749,de
15316,af
25252,it
25154,de
9870,id
19124,fr
22505,sv
15086,de
20855,it
22134,de
17589,sv
1974,pt
2373,fr
28427,tr
16060,fr
6516,pt
23138,sv
3588,en
1208,sv
13427,pt
7844,af
29944,af
10890,id
12529,es
13902,tr
1747,it
5917,es
3368,en
25697,en
32340,tl
25339,de
31312,nl
35278,tr
32758,fr
34126,it
5095,af
35568,af
23561,fr
20230,sv
32441,tr
26421,id
29549,pt
32218,tl
466,pt
27834,nl
27283,fr
24955,tr
31463,nl
12162,en
6011,de
8722,es
9123,sv
21767,tl
5168,pt
22978,nl
13512,es
25796,de
652,tl
34540,de
1212,sv
1551,sv
33813,pt
25666,sv
2623,de
23694,de
34845,tl
24663,de
13580,es
22859,en
9940,de
24302,de
32566,tl
19700,de
16885,nl
14033,it
29937,nl
4544,tl
4319,id
2277,de
26855,de
34738,id
8618,id
5384,tl
17108,id
33574,fr
28637,pt
20290,tr
14256,de
31880,id
9221,tr
28879,fr
21334,id
2198,fr
12128,nl
33714,en
29025,de
23091,fr
672,es
17431,fr
30997,en
30164,tl
28346,af
28451,tr
1168,pt
22429,de
10796,id
29389,it
27873,nl
27023,it
34448,tl
21473,nl
11186,de
6131,sv
11168,tr
11041,sv
18901,de
32211,af
28051,tl
2655,fr
19697,id
1561,fr
27501,fr
4308,id
7166,en
33850,sv
30363,tr
18645,nl
2928,es
14095,it
5802,en
29370,tr
11609,af
24229,tr
8334,pt
27258,tr
12523,sv
18337,pt
27875,en
23089,tr
7116,fr
11243,tl
27640,tr
5996,nl
5865,nl
24330,id
8424,es
31114,tl
13485,id
6643,tl
30957,de
11328,fr
16940,nl
4869,es
14965,pt
35271,fr
24885,sv
16206,it
26138,pt
9819,tr
18549,it
19570,tl
13930,id
13462,es
10869,es
8659,es
24417,it
32816,tl
7331,id
35187,fr
27922,es
13701,it
26450,sv
20585,de
18730,sv
1503,de
9583,es
10502,af
14890,it
12369,fr
1723,tr
33645,sv
22687,tl
33296,tl
32203,de
3926,tl
30405,fr
34870,de
31504,it
2180,af
1365,af
16801,it
23552,fr
28297,it
293,es
23938,fr
28874,es
24386,es
3892,id
12864,tr
25621,nl
236,id
29410,nl
6314,sv
14000,en
10683,tl
3404,es
28527,fr
25363,es
18919,fr
15550,es
23675,nl
30601,pt
25978,sv
5956,fr
33442,tr
9757,sv
31726,de
5152,af
25707,de
25384,tl
21259,de
1634,de
6653,de
6359,en
25736,tl
8528,nl
1921,nl
28494,es
2244,tr
18647,af
24282,tr
21136,tr
6249,af
1669,en
35359,de
22004,af
11196,en
8073,af
21432,fr
30196,en
18526,de
11883,en
30945,af
23787,id
25990,de
6141,af
28885,id
23583,es
32279,id
34402,nl
21627,sv
19023,tl
9284,tl
27243,id
18270,it
11612,tl
31270,de
3034,fr
28566,nl
1288,nl
21369,tr
21830,de
27867,af
26799,sv
23444,tl
33966,it
33608,pt
4459,tl
20586,es
1616,tr
15902,tl
15574,tl
28464,nl
12107,pt
18368,pt
17063,fr
33149,tr
4386,es
14604,id
9373,es
16844,tr
15414,it
30065,fr
9099,de
16329,fr
28365,id
10136,sv
10426,tr
26823,id
12499,tl
16109,fr
30797,tr
3457,en
26572,it
23811,de
15328,es
27415,de
33540,id
11820,tr
27820,de
1482,sv
32785,nl
22620,tr
3940,tr
19143,pt
1278,nl
9094,it
18977,tr
16617,af
7669,sv
13596,tl
12675,de
14656,de
23365,pt
29457,id
23754,en
21639,pt
29844,fr
24652,de
7343,pt
24861,it
5641,id
12183,tr
15844,pt
7032,fr
26727,tr
6004,tr
28967,tr
3296,pt
10657,it
3392,tr
34412,it
24656,en
33826,it
32799,id
2327,it
18395,it
30848,it
33041,it
34583,tr
1310,nl
7608,fr
24018,tr
20176,it
2817,tr
12768,fr
22886,tl
1486,en
8141,tr
24547,fr
13594,es
35211,sv
24545,tr
34525,tr
22998,id
3683,fr
25374,tl
65,de
23621,it
13889,af
2929,fr
7045,pt
14865,sv
24696,en
3100,tr
22954,es
35213,tr
35128,de
1385,nl
7411,sv
17355,pt
30545,tl
30557,de
5344,pt
23784,id
9938,pt
9830,sv
6507,fr
15572,en
23768,tl
16585,tr
15915,it
29316,tr
19970,es
3345,tr
32635,en
941,pt
27145,id
35291,af
15153,it
14047,id
33346,it
26931,it
13041,es
12411,it
29409,de
28898,id
19528,de
3420,es
9049,id
1542,nl
17096,it
25106,fr
32254,fr
23952,pt
29326,pt
27310,tl
22056,id
32087,fr
21069,sv
33994,af
18973,af
20012,sv
31502,fr
34828,it
18240,de
33444,tr
5079,sv
32787,pt
2763,sv
17686,tl
9211,tr
10005,tl
8595,af
10217,tr
31183,fr
4843,sv
29086,es
20235,de
9677,id
23413,tl
3954,it
13929,tl
2725,pt
10330,tr
12801,nl
17125,tl
2160,it
32206,en
5196,it
25892,sv
4980,it
14022,sv
2497,pt
18677,it
12239,it
35247,id
25648,es
7117,tr
19643,it
1093,de
22294,id
8381,es
15404,de
17731,tl
3115,nl
10875,af
29324,de
15456,es
29107,fr
6377,de
10830,pt
34207,de
134,tl
2223,fr
4410,sv
12582,id
35089,sv
20676,it
9391,tl
33415,pt
25371,nl
16713,tl
9427,es
11417,tl
19491,fr
31947,nl
6375,sv
32004,tl
19633,es
16234,en
27683,tl
25278,fr
34274,sv
24010,en
2177,fr
32482,de
15896,en
9174,af
24688,pt
4032,tl
13142,pt
21585,id
1440,pt
9539,de
15123,en
6656,de
32232,it
7066,tl
3168,de
4444,tr
20479,tr
19175,af
5222,nl
32396,it
657,tl
10024,fr
4703,pt
23719,it
34151,af
970,af
15513,af
805,fr
20055,af
34377,nl
23599,es
31134,tr
17819,tl
20938,tr
11985,en
31091,id
1838,sv
22702,en
21419,fr
25997,tl
12449,tr
12884,tl
30863,tr
11742,id
35399,nl
3116,it
9671,en
27486,fr
35261,sv
12481,fr
17636,tr
12261,it
20299,tr
33957,id
5795,es
17333,tl
7863,en
1885,tr
7984,it
4233,es
22253,de
14044,it
21023,tl
24781,it
29845,it
6468,id
30984,fr
24877,es
7632,sv
26722,es
18358,id
15326,id
11881,af
3288,af
7054,tr
15860,pt
23671,id
15523,pt
15535,id
22092,af
28048,af
9327,sv
17984,id
35552,tl
16386,nl
9892,sv
22957,de
13526,es
32527,tr
27208,id
19167,id
23757,tr
14036,id
17932,pt
28710,tl
35285,pt
34350,tr
28713,pt
16730,tl
31353,de
27477,en
23775,pt
4321,de
22423,en
26437,tr
5578,sv
14173,pt
22109,af
4779,tl
19281,tl
18091,en
10644,it
25605,en
28069,tr
7851,id
294,it
5861,tr
17479,fr
19818,tr
29762,fr
19981,nl
6351,tr
25204,it
33335,de
31118,sv
12691,id
20328,tr
26446,sv
33805,af
26557,tr
3458,fr
29034,tl
30295,en
17233,it
26966,id
4700,tr
27496,en
34574,tl
2560,en
20982,de
23764,id
4030,nl
29030,id
2726,fr
4514,pt
19651,en
16520,id
23928,es
4075,tr
17966,fr
3737,id
29093,it
18747,es
6853,es
1046,id
29852,it
391,sv
6529,es
22135,es
19955,nl
23569,it
958,tr
8762,es
22971,tl
18908,tl
10851,tl
19841,tr
30955,id
13280,it
14499,sv
18424,tr
6114,tr
5823,es
23253,en
3068,nl
550,de
1991,sv
23706,nl
7186,sv
28142,en
5785,es
6942,de
28446,nl
11334,sv
30157,en
10733,it
23195,nl
28920,af
10742,af
9204,de
32364,tl
35191,es
34008,it
32905,id
34309,it
19846,it
3383,de
21501,de
14220,de
21973,af
23159,tr
23459,tr
1814,id
24083,sv
8298,fr
1694,en
33447,en
11049,es
31678,nl
35409,de
33655,de
8493,en
30352,tr
15253,fr
35485,pt
19487,af
10984,it
33235,sv
21963,sv
24158,fr
9595,tr
24626,en
15282,nl
32990,de
16112,tl
17365,fr
9906,sv
25926,en
34526,de
22177,de
15636,tr
15643,af
25899,en
23890,de
9917,it
27975,tl
16587,sv
14977,nl
28749,sv
11327,af
2614,af
28746,en
35081,es
20896,en
1476,tl
14227,de
21937,tr
7687,tr
1889,nl
26070,sv
33512,es
33316,it
19883,tr
16339,en
27121,es
28295,es
29452,es
411,fr
10367,tr
32971,it
6890,it
4432,sv
14336,tr
7437,es
14566,nl
17740,fr
34819,nl
17909,id
21027,tr
12252,nl
24576,nl
6850,it
13743,id
25627,tl
19273,es
30438,tl
590,fr
2142,it
21083,it
22384,id
10150,es
30689,id
22563,de
10609,nl
34428,en
28438,it
28709,tr
15854,af
11058,sv
758,es
24038,en
4832,it
9304,es
10406,sv
22053,fr
30625,id
13364,pt
8770,it
30041,fr
25863,en
8002,sv
3562,sv
26923,tl
23174,pt
4822,id
14493,de
5530,nl
30739,sv
5699,de
19160,tl
10707,fr
27955,es
15089,tr
1870,sv
20179,de
22249,id
28813,fr
29413,fr
26960,pt
25970,en
5396,fr
5028,tr
12938,id
34958,id
31135,tl
3423,nl
23558,es
21683,id
9867,fr
22772,tl
27540,tr
8502,es
29835,id
19632,id
18199,tr
27399,pt
21511,it
7893,fr
28610,it
32791,es
5352,es
9399,id
29475,af
9895,fr
28304,en
22517,id
11064,sv
34231,es
16675,fr
23427,pt
2629,en
3843,nl
30399,tr
5572,pt
1539,en
34932,es
14817,en
29416,pt
21034,fr
34507,tr
777,fr
3855,af
15228,af
17760,fr
3045,es
14959,af
2719,fr
19323,id
17737,en
14562,nl
5237,af
5204,tr
6018,nl
32094,en
23843,fr
22609,nl
25233,tl
17101,en
18360,it
9919,es
24374,de
6100,af
18227,sv
5072,en
10290,pt
22002,fr
8371,sv
25875,it
24630,tr
12511,es
28019,en
14218,nl
8596,fr
30328,it
16074,nl
4592,en
668,pt
34480,de
19252,es
22279,tl
22724,tr
20407,nl
32370,tl
25822,tl
34426,af
3320,tr
11458,tl
20207,fr
15152,sv
15624,nl
35675,fr
15048,tl
5770,en
7290,es
30886,tr
9735,en
4081,en
31510,de
17993,tr
26688,sv
5624,pt
29750,en
3736,tr
24235,af
6589,id
3532,fr
4338,en
28256,af
20903,es
1557,nl
4114,pt
26001,nl
18302,pt
14215,tr
32747,tr
17934,sv
24525,tr
13272,af
5000,sv
8171,it
2080,it
21704,fr
33916,pt
13472,pt
27555,es
3005,tr
4788,id
14083,it
20506,id
14816,nl
15700,tl
174,nl
2492,id
27162,en
10952,sv
29591,nl
10133,en
2162,de
4421,id
25001,fr
28372,de
22120,en
6958,es
35410,it
20019,it
28757,sv
29167,tl
14526,nl
25919,it
16590,af
1559,de
19203,sv
8225,nl
5063,id
26997,en
1987,sv
2987,it
26714,de
15977,it
18749,tr
19590,de
18860,tl
17734,es
13721,id
20682,tl
7438,pt
25941,de
17544,en
1407,nl
15055,pt
11022,es
15263,sv
33798,id
16423,tr
8890,pt
22581,en
16276,tr
27893,it
9161,pt
4630,it
514,de
25718,id
19726,pt
20836,nl
30105,id
14092,af
11836,pt
25586,id
19233,nl
21713,de
8254,it
26292,fr
3525,sv
15673,af
12579,es
33129,af
16989,en
26428,tr
31142,pt
9208,tr
22432,tl
7007,af
12654,en
12649,fr
16512,es
7735,tr
11260,tl
639,tr
22906,fr
24603,de
24919,es
19830,es
27765,tr
3659,it
33039,nl
29300,fr
25380,it
6242,es
12743,tl
16367,fr
2348,it
27292,es
11779,de
15821,pt
27622,nl
13565,pt
25584,af
7634,pt
12352,es
2476,id
31394,de
20536,sv
23032,tr
29782,pt
18811,nl
10719,it
28654,tl
5457,sv
22949,en
11015,nl
7441,pt
34539,en
24791,nl
2069,id
23509,fr
31854,pt
19163,sv
26467,pt
3049,tl
2956,sv
18764,it
12623,de
27583,id
15577,id
24981,de
31757,af
32648,pt
7405,sv
4042,fr
16526,en
32936,de
21471,af
96,pt
19038,tl
32177,it
29754,tr
28440,de
13846,tr
2015,id
16589,sv
1422,pt
21500,sv
9291,id
16682,tl
11927,fr
34433,it
24339,fr
20285,nl
23606,it
30548,it
30024,it
5326,pt
24468,id
24790,af
23696,en
4621,sv
5463,fr
30033,id
27405,tr
14914,fr
13876,it
6823,fr
15036,en
33926,it
7499,it
3140,nl
28374,nl
10494,en
28904,nl
6339,it
7149,es
5951,nl
12643,de
7393,nl
440,tl
29346,de
24410,fr
7160,en
2434,af
33857,pt
17568,en
31850,nl
3537,en
14443,nl
8779,nl
28350,sv
22645,fr
35402,tr
18975,it
32594,es
50,tr
967,de
7019,af
150,sv
33485,es
15713,pt
30788,tr
31672,it
13451,pt
11912,sv
12396,tl
21013,tr
21657,pt
13611,sv
20288,fr
30466,de
9195,pt
11387,it
6304,fr
13078,fr
16998,fr
35080,tr
23996,es
26167,it
33782,es
15782,pt
25268,es
406,nl
29872,sv
22729,it
16850,fr
23541,it
15740,id
20615,tl
16092,pt
1524,af
25927,it
9194,id
29687,pt
24025,de
6948,tr
34424,es
26857,pt
5634,af
3937,fr
694,id
18085,nl
6892,nl
22719,tr
14043,it
31888,tl
23473,id
22511,af
14887,tr
27186,de
21933,de
10230,it
30364,nl
28099,sv
32545,tl
10416,id
25809,sv
28158,fr
7389,fr
1641,sv
12211,tr
35606,tr
6266,en
12747,sv
28426,pt
9649,en
19446,tr
23390,tl
20505,es
5538,nl
34449,af
734,en
13747,tr
35124,fr
31198,fr
23181,de
26366,nl
5047,sv
21761,fr
33717,nl
25539,es
22052,tl
22498,fr
18001,id
21095,en
29604,en
4445,tl
33474,sv
26448,af
6988,nl
6223,fr
23285,sv
4201,pt
32258,en
25047,af
18319,af
14616,tr
27910,sv
8423,de
2908,en
2214,pt
12866,fr
525,nl
18128,fr
28169,af
10615,es
35585,sv
12847,pt
9951,fr
13744,af
3977,sv
13617,sv
18479,sv
12652,en
942,id
7024,tl
19089,tl
17896,en
33937,tl
8279,tl
7388,af
19357,tl
4819,nl
12299,fr
10863,fr
32827,id
18812,tr
19354,nl
28064,pt
32290,fr
20439,sv
6101,fr
19838,nl
16938,sv
16824,fr
12161,en
28793,es
13130,nl
31242,sv
13057,en
35127,af
25121,id
16490,pt
19421,de
4840,tr
29921,fr
13294,tr
23917,pt
35437,tr
26985,tr
886,it
7506,nl
10044,id
6978,pt
28925,id
8261,id
20691,it
33858,es
30958,sv
4481,af
31409,id
25099,tr
16647,pt
35190,id
27104,de
31005,sv
23634,af
15957,pt
1791,tl
30930,it
16302,it
26504,fr
2216,sv
17202,tl
20266,tl
23965,pt
35268,es
6879,tr
13240,tr
30649,en
26864,sv
25205,nl
12789,es
26605,fr
23110,sv
19095,pt
20530,sv
4493,af
32339,pt
1136,de
7040,pt
22827,fr
29351,de
18913,id
23919,nl
21546,tl
13651,af
3014,de
16905,id
29575,en
34214,id
20849,id
13019,tr
10949,es
22437,pt
18795,tl
10209,id
32183,tl
23220,it
19617,tr
1525,tr
5986,af
26386,sv
6409,tr
7948,es
4596,tr
14940,fr
23546,pt
11647,tr
21465,sv
17911,pt
28011,af
25618,es
32914,es
28811,fr
19934,es
17745,it
16566,id
5409,pt
3245,pt
19117,nl
2823,tr
28001,fr
24186,af
21141,sv
8781,id
34001,en
30265,tr
14927,fr
32187,sv
34048,fr
5477,nl
31289,pt
15715,af
9907,it
6255,sv
13945,tr
24006,en
27527,fr
3044,de
7981,tr
7868,tr
35155,tr
34071,sv
3915,en
24864,tr
4677,fr
22731,de
4534,it
30276,pt
14265,fr
13741,pt
20603,it
8294,tr
35636,en
17967,en
16854,tr
18117,tr
5190,id
28716,tr
869,id
9567,fr
10504,af
21442,tr
27180,en
28947,tl
16750,tr
5304,pt
4412,sv
14055,sv
7760,pt
27073,fr
28892,id
10473,nl
1270,it
11442,it
23204,af
559,tl
32448,tr
5441,es
17410,fr
7750,es
32066,de
17315,es
33693,de
12232,sv
7811,tr
22060,it
6112,tr
21889,tr
32008,de
28943,af
1451,it
30078,sv
32695,id
27990,pt
21785,fr
34139,pt
14505,tl
9802,sv
19128,de
8769,pt
5488,es
2827,fr
4849,af
24081,de
17131,tr
3500,af
32510,es
11051,es
20863,es
6025,sv
32775,af
22516,fr
1988,en
18310,tr
10888,pt
31535,en
10608,sv
21057,fr
13843,tl
35407,tl
21479,pt
17637,es
14640,pt
20995,en
4380,fr
21490,es
654,de
14358,id
34425,nl
27596,tr
11406,sv
29486,fr
25478,fr
12959,af
1114,id
15230,es
5692,it
26298,fr
19327,it
33891,tr
443,id
30956,tr
3247,en
16247,sv
34916,id
536,nl
17183,nl
35274,pt
21760,nl
24361,en
18116,sv
10973,id
35177,pt
17282,af
15680,tr
4035,pt
35015,tr
31834,en
14277,pt
9573,pt
16114,tr
6207,tr
18782,id
17169,de
18321,sv
33878,pt
9989,pt
16721,de
15525,nl
14059,id
24056,en
7014,tr
24803,nl
21016,es
32781,tl
4491,pt
26084,af
14571,es
13110,tr
18026,sv
5347,it
32432,tr
30393,it
64,id
19873,tl
26251,fr
32163,de
18656,nl
31304,sv
23644,en
10764,pt
33882,tr
32809,sv
33829,tl
33293,it
33406,sv
32769,nl
19443,fr
14405,tl
7732,de
31220,tl
5505,fr
18821,de
7640,nl
16696,en
32598,tr
13042,id
7572,fr
19979,fr
20380,es
32865,pt
1002,es
34968,it
15606,es
23677,sv
18890,af
12254,af
18565,tr
21498,de
33079,pt
18501,id
5378,nl
34650,es
28761,fr
11725,tr
1276,af
22101,it
2242,en
31817,en
24441,id
10605,id
10829,en
30801,nl
23223,af
349,tl
27244,en
6177,fr
15705,nl
27291,es
21772,fr
24205,tr
27551,tr
27543,en
3032,af
18987,pt
2498,tl
4120,es
708,af
1776,en
2074,en
28625,it
5597,fr
26127,fr
10823,tr
27950,id
7359,sv
25421,pt
9713,pt
8913,id
35633,tr
9665,pt
16304,af
23840,pt
10954,en
16271,pt
26021,es
288,en
7342,en
13278,en
8631,fr
31953,it
16822,nl
15658,pt
26821,en
34299,it
27858,pt
2772,en
13178,fr
34290,es
34831,id
5723,sv
16830,tr
11509,tr
12228,tl
16851,af
30026,sv
31798,sv
857,nl
27499,pt
27951,tr
27120,tr
10481,pt
8159,tl
3778,af
3727,af
16902,en
33652,it
19750,de
23568,fr
18986,nl
27132,tr
2019,id
33264,af
4769,sv
3761,es
33595,tr
31970,tl
32270,nl
14580,sv
20998,es
14343,pt
24492,it
13338,it
19951,es
16518,tr
30383,nl
10961,id
12659,de
7502,nl
2782,de
11490,tl
8130,af
27776,sv
8307,en
22416,id
15179,de
31295,it
2678,nl
33890,af
5013,tr
33136,es
5732,id
15311,tl
24730,fr
15735,tl
31326,de
18257,af
22206,it
3447,pt
19854,id
14719,id
33178,en
1770,fr
28230,pt
7869,nl
18997,tl
14663,it
32987,en
31986,tr
22475,af
29983,tl
23815,af
8906,it
29819,tr
12735,it
28420,es
27482,it
18164,sv
12379,it
15941,tr
4151,tl
4670,de
31760,tl
5685,tr
18718,en
34341,pt
1940,de
15640,tl
21653,tl
23834,en
28333,it
20915,de
34194,fr
21517,it
27637,sv
17109,tl
29280,tr
15968,sv
4939,nl
1095,sv
27139,af
17699,tl
35637,id
22590,es
23440,tr
32485,nl
3749,tl
8351,es
15796,af
10227,tr
10556,fr
5906,sv
18406,it
5291,nl
13939,nl
26945,sv
29697,en
5427,it
9808,it
26197,de
26241,tr
18298,en
950,af
6326,de
14001,sv
3919,sv
21239,en
16823,id
34890,sv
8804,id
35605,pt
31655,nl
12113,id
12989,af
32683,fr
35596,pt
12401,es
30652,en
8299,nl
24384,en
19460,pt
19968,it
11154,tr
22241,pt
16155,it
10071,tl
25872,nl
19032,sv
32538,tl
3412,tl
10573,tl
29256,de
18668,en
23850,af
1928,pt
31241,it
27894,af
28595,en
19563,tl
28413,af
10381,tl
12249,fr
12807,id
10940,nl
6382,it
2681,nl
27489,pt
31234,es
35101,en
7436,id
7979,af
32605,tl
8149,af
21739,sv
16565,fr
17541,es
19182,pt
11998,es
11514,tl
26256,sv
26317,tl
11588,sv
10378,sv
9258,id
7256,sv
8190,fr
22653,tr
6579,nl
23344,af
9574,nl
13813,de
4876,de
33942,tl
31980,it
13371,af
29405,es
4188,de
13030,af
30071,id
15234,it
254,sv
7534,de
31477,nl
26889,nl
5608,fr
27836,tr
17945,pt
6060,it
14875,tr
19772,es
31957,es
26637,de
12426,nl
15267,id
1425,tl
1368,nl
28133,en
14652,fr
4128,es
35045,tl
33976,it
3212,es
17751,de
25814,id
17503,nl
20047,af
32716,fr
15484,es
8506,tr
16656,pt
30538,tl
2207,it
32069,nl
6097,en
5263,es
10144,es
9672,pt
29166,tr
5646,it
3601,fr
1963,tl
951,pt
26606,fr
33572,es
32294,tr
29653,sv
33662,fr
34431,pt
4353,fr
7708,en
5160,fr
15080,tl
33500,es
25462,id
25172,af
12816,pt
20620,id
2943,id
20562,af
10384,af
1938,nl
28700,fr
15433,af
28828,de
24644,sv
12428,es
8768,af
16883,af
15430,it
22473,en
1309,id
11491,nl
31897,en
26399,pt
8656,es
4694,en
9719,sv
19435,es
1996,af
7656,nl
14742,tr
32027,tr
20277,fr
25559,af
9244,af
3117,pt
23755,nl
29425,es
960,de
33702,en
8563,pt
27098,it
27293,en
29786,tr
16685,sv
32372,tr
15996,fr
4590,tl
34584,af
29376,tl
22842,en
25375,tr
6758,nl
9514,tr
4479,en
21377,af
20864,en
19033,es
16475,fr
27474,de
28520,es
23466,es
28455,tl
2516,sv
31335,sv
32745,de
31361,it
2638,tl
6767,de
10128,nl
16803,af
10687,de
25633,sv
14340,tl
3360,id
10882,it
34363,tl
12919,es
716,it
11282,de
30238,it
24225,nl
28219,fr
2861,de
22356,it
14167,it
15085,en
23003,tr
4446,es
16769,es
30048,pt
27374,tl
11696,af
20464,sv
24737,sv
1187,en
18155,sv
27899,en
12275,nl
17601,en
29889,en
13242,tr
3586,de
29743,de
7458,pt
20190,nl
28076,es
28351,pt
31620,en
35372,en
4860,af
12280,af
14039,id
12065,sv
16744,id
8911,nl
33533,tl
17042,en
25844,en
26106,es
15011,es
25231,it
5133,de
4954,de
25766,nl
6523,tl
4322,fr
21917,tr
6272,it
2163,id
10422,es
26246,sv
12632,id
28831,nl
8696,id
27534,nl
30083,it
34351,de
29465,sv
24973,af
8051,id
27835,de
28765,tr
34791,id
26938,es
21699,de
18301,en
17982,pt
2103,tl
7980,af
4660,tr
662,es
1031,af
27741,it
4506,it
2958,sv
17753,fr
2123,af
527,fr
20918,en
507,id
3964,en
12886,it
1939,sv
16422,es
16026,fr
26416,en
10906,it
34400,es
28962,id
11364,id
21543,pt
21295,fr
1711,id
17860,id
20876,de
4092,es
27410,tr
32796,fr
29906,en
38,it
27232,fr
1680,tr
28431,tr
22749,de
8650,it
7536,fr
34234,nl
17710,pt
4531,es
25319,fr
21420,sv
23740,af
26248,en
3870,id
34983,tl
34742,sv
24119,it
24697,sv
14425,tr
30246,fr
22132,tr
17106,de
20335,tl
26322,sv
11951,af
29518,fr
15774,af
19473,tl
1725,tr
8303,de
24426,tr
31552,de
17088,es
22858,tl
34801,sv
13193,it
31788,tr
4567,sv
32178,it
17581,es
6483,pt
2915,it
31498,pt
31043,de
18640,es
28906,tl
8964,pt
34262,pt
34615,es
10462,fr
6217,tr
20083,af
28859,nl
25706,de
35262,fr
34143,pt
27469,tr
3997,en
6151,pt
344,en
28997,fr
22804,it
27611,sv
31284,sv
11686,tr
9240,nl
112,it
24291,af
33750,fr
34186,tl
6572,af
35114,pt
5840,tr
4688,nl
21486,sv
24958,pt
3760,pt
18331,af
7649,af
29686,fr
14483,de
28922,fr
2377,nl
13251,nl
24466,tl
7641,id
32553,it
27709,es
19976,tr
16975,es
35635,pt
3747,af
18784,tr
35223,tl
24623,fr
18587,sv
31331,sv
31872,tr
22265,fr
15488,fr
26432,fr
29615,tl
34799,tr
17179,de
1285,sv
15949,af
21507,pt
29768,es
17506,fr
2773,it
32563,tl
13869,tl
12793,fr
12514,it
33318,tr
24839,fr
14213,af
12270,nl
3354,id
21322,it
11153,tr
28407,tl
8119,id
34509,af
20865,nl
32524,id
26834,pt
31474,nl
12942,pt
16272,en
24090,tl
11437,pt
31256,nl
128,tl
15731,af
27490,en
25867,tr
29341,it
30087,af
17549,en
12589,de
4044,tr
34154,pt
14334,es
10555,id
22693,fr
14519,nl
20812,sv
17077,nl
25056,id
19425,es
24743,es
8220,id
28384,id
19229,es
21879,id
10035,sv
26819,af
7483,de
34769,es
31216,tr
29511,af
14937,tr
2425,nl
3384,id
4578,fr
10433,sv
8671,en
2732,fr
16293,tl
34913,id
17929,es
31911,sv
1266,pt
19061,nl
15345,es
23584,af
14855,pt
17681,id
15471,id
7769,tl
8724,en
31071,de
4136,it
28046,id
15004,en
22512,it
24959,id
3079,de
20245,nl
22205,pt
10016,de
12656,nl
27452,fr
21859,sv
24857,pt
6659,fr
33949,sv
23581,nl
20573,en
22440,tl
35465,en
24824,fr
2794,sv
11367,de
19734,es
7221,tl
34250,en
22405,nl
18338,pt
20472,sv
16976,tr
33135,tl
25597,en
17947,en
12410,it
259,pt
9362,nl
18963,id
27504,it
18213,af
9160,sv
16753,es
32257,it
9331,it
31825,it
7462,af
10734,tr
34804,tr
3107,fr
18681,it
34532,de
14413,sv
5868,pt
22413,id
30643,id
8504,de
20650,id
32591,tl
2648,af
2042,it
9046,id
6884,en
3962,fr
27574,de
14283,pt
3058,pt
21711,tl
34843,id
14970,fr
34666,it
33578,pt
1236,tr
16984,it
14495,id
4691,tr
13350,es
3788,sv
4297,tr
10955,af
28227,fr
22419,de
25249,tr
6992,tr
29541,it
25514,de
12972,tr
12073,pt
18487,es
17874,en
24068,fr
10537,af
21163,tl
19926,tl
12024,af
11489,it
9147,af
24771,sv
19432,fr
6860,pt
32192,fr
16949,de
25701,id
34076,tr
25442,nl
28528,tr
6153,nl
4617,tr
12727,en
32779,en
19592,fr
19137,tr
27305,id
15652,sv
28467,de
3441,id
2914,es
3510,es
7373,af
23086,pt
21907,sv
1152,tl
4915,it
27620,it
19749,nl
3047,it
122,nl
18428,it
25434,es
603,it
28658,de
13229,pt
16245,pt
17542,de
32988,es
27111,es
15383,en
33191,pt
7791,tl
17451,fr
11922,de
3518,id
612,sv
6975,de
24896,nl
273,sv
2430,it
16848,tl
21724,es
11739,en
211,tr
24916,af
25524,tr
29386,tr
22892,sv
31851,tl
9875,id
14684,id
18280,de
20141,pt
27418,it
24438,pt
15100,fr
21728,pt
23822,pt
23366,pt
19658,sv
22091,nl
2076,en
28031,tr
9570,es
26200,fr
15778,es
32420,pt
888,en
34476,sv
14111,sv
9733,es
6192,en
22361,pt
9344,af
9930,af
32514,fr
23173,fr
9652,pt
22831,pt
2317,tr
6922,tl
14859,fr
14915,tr
4719,pt
1354,en
34656,id
35153,pt
11591,fr
30924,tl
20957,it
18695,en
10619,de
31650,it
28593,sv
17174,nl
28732,tl
6563,tl
31849,tr
8807,sv
30497,fr
26280,tr
19193,id
5938,nl
4853,af
15305,id
3942,it
17470,en
1135,nl
3071,tl
29299,fr
6094,af
1984,af
31594,tr
23431,nl
23496,de
6946,es
30610,sv
29068,en
26925,tr
27484,tr
23246,fr
3414,tl
18359,es
4170,sv
27158,tl
7715,tr
26885,it
30520,tr
29378,af
35214,sv
2865,it
29339,en
30552,fr
26091,en
17884,sv
21086,it
29893,id
27289,id
28135,tr
33628,id
1602,sv
18628,it
5290,tl
17989,nl
34782,de
44,nl
20624,pt
15372,tr
1430,id
4685,sv
14936,de
23937,af
3013,sv
908,en
18725,sv
14895,sv
2367,de
35564,tr
31773,de
29005,sv
14351,pt
2907,pt
26395,tl
28397,af
27435,fr
24109,es
5974,sv
26859,tr
16705,pt
17231,fr
24221,sv
9144,pt
5161,pt
17729,tr
9520,fr
22896,tr
25093,de
6881,nl
34185,af
15824,fr
7335,pt
6996,af
28969,tl
31451,en
25143,tr
34244,de
27160,nl
24772,en
19925,it
26175,tr
20952,pt
12992,es
31467,nl
33435,en
7332,it
32811,de
5436,es
2506,it
14165,id
14736,es
13117,en
126,id
13161,nl
33960,id
30885,fr
4140,tr
17037,de
13329,pt
30709,it
6739,en
10799,it
3539,pt
6574,sv
5908,tr
34074,en
24343,es
18100,tr
476,en
11787,es
4948,id
5221,en
30289,nl
23645,it
24095,pt
22946,en
8093,fr
10157,nl
21530,tl
19943,tr
9219,pt
13136,de
33894,tr
6637,id
13198,tl
6313,en
32466,pt
23461,de
10221,en
20030,nl
10032,tl
32534,es
16869,tr
4360,tr
24299,af
23773,nl
12800,de
2329,tr
20909,es
12657,tl
28394,it
5368,nl
16784,pt
18789,it
8894,tl
14531,fr
28582,tl
16628,tr
29355,id
14840,es
34708,pt
30883,sv
15108,en
33248,sv
34558,en
29739,en
10904,tl
24060,fr
35445,it
25120,id
22488,tl
21014,nl
5759,it
6816,af
23045,de
28331,tr
2766,pt
20446,tl
28349,es
8459,tl
101,af
6379,pt
26928,de
15645,en
12339,es
19715,tr
8987,de
25687,nl
21232,it
27389,af
19192,fr
32739,en
7074,sv
16953,fr
5440,tl
34297,tr
6002,de
29881,en
11146,id
17071,es
4598,de
33405,id
29268,tr
2912,tl
8958,en
3076,en
22022,de
25537,pt
6295,tr
30080,es
30484,de
7542,sv
14153,fr
11959,en
13262,af
30838,nl
8539,fr
26815,pt
27518,de
16468,es
13287,id
23866,af
24621,fr
154,it
29,pt
20355,nl
11057,tl
11313,es
19890,sv
33712,it
16099,de
27724,fr
8011,af
13194,tl
28583,de
11595,it
26988,fr
28055,it
28724,es
18517,en
11443,nl
22836,es
16614,af
29568,id
18418,nl
9601,tr
15180,en
10820,it
23088,de
29752,tr
35183,nl
16383,es
20659,sv
8100,es
1994,tl
23162,en
5351,fr
10272,de
8672,tr
29098,tl
34416,pt
6290,es
12603,it
20226,id
26371,id
6320,id
25138,es
25607,de
9163,de
28193,fr
16887,tr
24415,fr
29265,it
11904,pt
33929,nl
2742,de
13893,it
32977,it
23690,de
27061,tl
20274,id
35396,pt
12274,pt
1042,af
10694,sv
18899,id
15807,id
3930,en
12124,it
29153,tr
9591,pt
1507,nl
25526,de
14420,af
18962,af
20049,de
26618,tr
29501,en
11010,en
28382,pt
35641,de
3664,pt
33980,sv
2940,fr
11931,sv
19139,sv
28116,tl
6082,en
34055,it
5217,de
24906,pt
27046,tr
14629,sv
1662,tl
5458,id
10266,nl
29565,sv
23708,sv
9010,tl
11073,id
7970,en
30675,pt
11653,es
280,sv
18993,fr
18773,nl
12112,tl
1553,id
26109,en
13316,pt
17646,tl
20411,sv
6882,it
23360,it
19842,fr
16368,sv
18303,id
14991,id
14249,tr
12273,id
16866,de
16317,id
23398,af
4674,nl
10845,en
4926,pt
17629,it
27696,id
18166,de
25953,fr
14127,de
22649,de
9700,it
24822,es
11264,nl
21366,af
5394,pt
31233,nl
5098,af
2193,es
29000,pt
25085,en
19091,tl
32587,en
14271,nl
6156,sv
13761,pt
7413,tr
17859,es
35463,es
24862,it
3327,pt
27773,it
19069,nl
6498,sv
24104,af
30449,tl
30745,it
30388,fr
11524,sv
23742,sv
20776,it
34765,pt
27362,fr
31928,sv
21257,pt
14354,af
25417,es
25505,nl
22309,fr
31775,it
22121,pt
20373,sv
28780,pt
8106,tr
2400,it
18893,de
5493,en
6003,id
18596,nl
14290,tr
18122,tl
5474,pt
15219,de
16791,en
28181,sv
7941,tr
15594,en
12719,sv
25767,en
18491,de
17017,tl
34903,sv
12839,es
12221,fr
16944,tl
5476,de
1530,es
10679,tl
16078,pt
8908,nl
326,it
2993,de
14704,it
5552,fr
32521,fr
32375,fr
35405,de
29829,fr
24267,nl
34536,sv
18269,fr
17158,tl
19676,it
34805,en
32011,af
10204,pt
2346,de
20313,tl
110,fr
2011,pt
25873,es
19650,en
12353,af
20504,nl
16076,fr
926,de
4461,id
28432,es
1491,nl
27221,tr
10876,id
29904,fr
33453,tl
24318,es
4348,nl
14320,it
9120,fr
21469,de
12114,sv
27912,af
24992,fr
25079,tr
7429,af
31293,de
26903,it
21277,fr
13069,pt
32262,fr
26636,tr
15015,tr
3959,it
26180,tl
25463,nl
13327,tl
23185,nl
32075,af
3883,tl
10522,it
20966,nl
19094,pt
11324,tr
4100,en
842,sv
24416,fr
13399,sv
26800,es
17925,de
14986,tl
15222,tl
1300,fr
3595,nl
20899,it
27085,tr
25711,tl
30347,fr
14962,fr
15765,pt
29592,af
1568,af
21485,af
21506,nl
838,en
28168,de
25214,tr
32919,de
12058,tl
6544,it
24800,tr
13776,en
2596,es
12941,af
9612,tl
7375,id
2465,es
5035,sv
39,tr
35294,pt
9773,af
321,nl
19308,es
9476,sv
26460,it
8244,es
2809,en
3596,it
1488,fr
30495,tr
35115,id
22219,sv
2169,af
9171,en
26679,nl
18187,tr
6412,nl
28893,en
18559,en
27928,sv
9422,af
7618,de
1351,nl
21032,pt
23337,fr
17260,es
13375,nl
18664,tl
27423,pt
27102,af
31123,en
25566,de
30213,id
32870,tr
16062,it
16128,sv
25588,sv
28602,fr
17217,nl
2375,pt
21137,af
30639,af
23380,de
4385,pt
12766,sv
9791,af
21488,es
8720,id
16420,id
15202,es
26188,tr
16113,tl
16806,fr
21935,tl
18758,de
34010,nl
22325,id
27908,id
8217,pt
26513,id
8830,fr
10493,id
23179,es
2526,tr
26580,tl
4379,it
6188,it
21039,en
26996,tr
10105,es
28958,nl
25556,sv
2941,en
15205,id
31508,tl
32356,nl
13970,en
2548,tr
13261,en
20813,sv
16700,id
6244,tr
28518,id
35298,it
3172,en
31763,fr
26707,fr
12484,nl
9091,es
23736,es
12613,en
18662,fr
4420,tl
1088,de
15296,it
20877,tl
23941,nl
10088,tr
11666,fr
32564,tr
10611,es
18043,nl
13870,tr
6077,af
21414,es
23409,de
23150,it
4130,af
9328,fr
7266,pt
33105,it
6854,it
30627,en
1976,es
33783,af
18253,id
13732,tl
6633,af
20688,de
4902,it
33369,pt
5557,tl
7596,it
2991,tl
28006,tr
27521,fr
31577,pt
13354,af
23325,af
7200,es
17219,nl
24549,tr
18551,fr
5767,sv
24252,es
12760,tl
3273,tr
14615,fr
30237,af
10333,it
32744,af
27781,en
34208,tl
2690,it
16745,en
35275,nl
15684,sv
8683,en
4061,tl
32963,de
6269,tr
34423,tl
23973,en
25034,nl
158,id
10554,sv
13496,tl
13536,fr
15610,pt
23980,es
17417,tr
6453,nl
27185,sv
26108,it
34349,es
24646,sv
31441,it
9487,en
20690,en
511,pt
21464,de
17654,it
29830,es
15447,it
17033,es
20871,es
10276,fr
19936,tl
13396,sv
10137,tl
19678,tr
29411,es
13043,en
20218,es
11258,tl
30409,id
17242,id
5198,id
15976,it
16346,id
17617,tr
12914,it
24825,tl
920,af
4162,de
11582,tl
20984,af
31870,sv
15932,en
35118,en
13790,nl
20647,it
29382,es
21994,af
21292,fr
3426,en
9288,nl
20928,fr
29146,nl
33527,tl
14728,sv
28501,en
6079,sv
1826,tr
7826,de
5884,en
8666,it
24148,nl
19564,fr
29127,id
7800,en
4102,nl
19189,tr
18425,tr
18651,es
11119,en
17516,tr
23977,de
28951,id
11356,sv
4281,sv
12899,en
13168,en
25542,es
7110,fr
22074,nl
21191,tr
23856,sv
22065,nl
32369,sv
9014,fr
10102,nl
12358,tl
21905,tr
32903,af
24831,af
24341,tr
20460,af
32411,tl
11606,it
16735,fr
32140,es
6433,af
5318,sv
14502,tl
15281,es
10379,de
19461,fr
18025,de
11522,af
16314,es
28481,nl
1552,nl
21156,es
16399,tr
16604,de
30833,nl
35161,pt
4890,tr
28292,en
15012,tl
2286,sv
2568,tl
32751,de
31915,en
12317,nl
21520,es
704,tl
27811,af
2480,tr
6352,sv
30836,en
3248,fr
14579,en
6600,tl
33989,sv
15320,sv
20461,pt
18107,pt
30766,pt
27178,nl
19312,tl
6702,de
25689,de
6923,de
25306,de
26882,pt
30851,af
29536,en
25025,nl
19776,fr
23818,de
6835,de
20481,es
28332,de
4155,en
9863,es
26283,es
30556,it
34155,tr
28165,sv
30264,af
13471,nl
8879,nl
33612,sv
20354,af
21587,tr
27127,nl
26866,fr
19140,sv
25415,de
4126,nl
27267,tr
6191,it
9302,id
5910,tr
7385,af
11801,id
12471,it
2805,es
6980,tr
30487,nl
23452,es
17936,nl
35276,pt
26389,tl
28444,es
6611,tr
774,sv
21372,it
27384,sv
25073,pt
9164,it
11766,fr
18272,tl
34011,fr
1820,nl
3270,en
25553,it
8322,es
13543,pt
20633,fr
13446,de
13429,af
7642,en
29895,pt
17398,de
13211,es
25212,it
23797,sv
12412,it
9068,it
25131,sv
13022,tr
20054,en
25868,en
548,fr
26697,it
29259,es
28300,tr
24860,de
22346,fr
16152,sv
28826,nl
21563,es
32593,tl
16073,de
21407,fr
34068,tl
31693,de
6592,fr
4671,fr
24377,fr
19608,es
25293,fr
16630,id
882,tr
31200,nl
3298,nl
29509,sv
15919,tr
28834,tr
33830,id
14124,de
32341,nl
5989,es
20988,sv
10593,es
18264,en
32205,sv
334,it
5404,tl
3580,en
16369,id
20860,sv
20514,en
31327,fr
31642,en
27294,pt
12297,en
27355,it
870,tr
16250,fr
20001,pt
29583,id
30962,tr
8448,id
108,pt
21896,tl
23729,it
29470,tr
29161,es
31400,es
4538,sv
31051,es
26153,it
32835,nl
6093,af
2078,en
32882,af
973,fr
17019,fr
10300,tr
2832,pt
33018,nl
4227,nl
28391,es
1523,fr
20124,tr
4908,it
14342,id
23637,it
16173,pt
4909,tr
5923,de
9009,af
21868,nl
28293,nl
2364,fr
25739,nl
31810,es
33785,en
7853,tl
12248,af
25994,en
8418,en
34568,de
14818,it
34266,es
32467,sv
8156,en
21667,af
24268,af
2489,de
435,fr
13368,tr
5483,pt
25461,es
8161,en
16240,fr
12624,tr
7304,en
31140,nl
17406,es
10443,tr
29842,nl
10885,af
15568,it
6078,af
11719,af
17997,fr
429,pt
23533,en
30654,tr
28927,tr
21256,sv
32766,nl
23193,sv
31236,it
22760,nl
22685,es
18305,en
22917,tl
13868,tl
27718,id
1866,de
29345,tr
18311,id
14515,fr
11547,fr
27386,fr
25265,en
13782,tr
26512,fr
5248,pt
25489,af
5475,en
6301,en
30279,de
29966,pt
28409,de
9272,es
24105,sv
18552,nl
29882,es
17773,tr
30839,sv
23847,id
18705,af
32624,af
33895,fr
29209,es
33168,tr
15520,id
32124,pt
16295,sv
34948,id
33419,de
33118,de
8590,it
22778,id
5812,tl
9512,af
832,de
16979,af
27593,pt
5513,it
6953,tl
5971,it
24729,es
4755,tl
325,sv
20420,nl
26552,fr
17040,af
24948,nl
25331,fr
19802,tl
4867,nl
25592,tl
24842,sv
1434,tr
21953,pt
25856,fr
34441,nl
6695,sv
29392,it
142,fr
32772,es
8301,es
28151,de
279,tr
8512,af
32946,de
33746,tl
29871,de
29327,es
9334,tl
19248,es
1970,af
28259,nl
2856,tl
23460,pt
4640,tl
30808,af
30282,en
25782,it
13521,tr
16749,en
9590,af
33839,fr
14063,sv
27045,fr
13212,pt
24844,pt
1217,de
3968,af
11366,es
5809,tr
24517,id
34952,tr
25383,de
8218,fr
5159,en
20377,pt
26433,id
15343,af
12988,tr
25008,de
35168,fr
16779,id
24707,es
11829,sv
10903,pt
1151,sv
26986,id
14854,af
20566,tl
3462,tr
12266,de
611,de
5064,de
100,id
4314,nl
28111,id
20900,af
14426,nl
10770,pt
881,tr
11354,tr
40,es
23381,nl
27456,de
33874,tr
12007,tl
14453,de
32862,es
16600,fr
15229,tl
16562,es
34404,tr
12118,pt
16760,id
7549,af
26358,pt
29009,nl
19399,tl
15634,tl
14543,tr
71,sv
2062,tl
28318,id
35424,af
3716,nl
980,nl
20071,tl
22615,tl
3567,en
28703,sv
11857,fr
29079,nl
13305,id
12669,de
4629,nl
33827,id
18635,en
20973,tr
24636,nl
11750,it
14983,id
10646,es
7264,sv
5164,nl
81,fr
20606,id
34368,tr
23518,es
30727,af
14031,sv
27212,id
5129,af
10599,sv
27460,tr
33780,tl
27083,fr
2687,de
4979,es
5369,nl
4177,de
17007,en
18300,es
12510,tr
27536,de
20835,it
30436,pt
10001,nl
5166,tl
28263,sv
5756,nl
27888,nl
22166,es
15971,tr
21641,en
27035,es
21181,tl
35104,fr
35595,nl
1003,en
27020,it
27821,en
22743,sv
28447,fr
15716,tr
18385,id
2475,fr
33212,af
12376,en
10189,tl
14595,it
29064,af
22404,af
27793,sv
6829,id
30558,af
13450,it
13570,af
16226,de
22624,sv
10732,sv
29481,af
4254,nl
9132,fr
11565,tr
1193,en
24619,pt
35133,tl
32240,tr
21108,af
14114,af
35664,sv
15025,sv
13709,fr
12714,it
25968,de
35142,fr
25797,af
15079,fr
19151,it
9531,fr
13532,tr
14025,nl
8484,de
23130,en
9348,es
11649,fr
24944,it
23609,nl
8678,nl
34051,tr
29063,tr
25229,it
29081,tr
22502,es
19011,tl
12697,tl
25608,id
5214,nl
11076,pt
2652,sv
18600,pt
25653,sv
24852,en
8296,en
22640,fr
13839,nl
14841,es
2660,nl
25848,id
8689,sv
13436,af
30756,nl
35093,de
6663,de
10219,fr
16991,tr
8283,tl
8313,it
31606,nl
21884,af
15417,tl
24602,id
21151,fr
23519,de
7666,en
1951,id
3570,af
21547,id
4270,tl
2433,fr
6933,de
12888,sv
21736,af
32062,sv
8715,nl
19106,af
14079,sv
12996,id
13185,af
14867,tr
19040,pt
24567,af
28366,pt
34198,af
9237,it
27799,es
25913,de
8702,tr
16773,pt
2683,en
6171,pt
20583,fr
23553,it
9429,sv
29172,sv
24284,it
24510,de
35422,sv
18050,it
35495,en
23667,sv
787,fr
34787,nl
14913,tr
31081,tl
4387,fr
30774,fr
10517,pt
28733,tr
16450,pt
19687,pt
6810,nl
5669,pt
4791,de
25948,nl
33424,it
18699,nl
20415,tl
27346,es
8441,af
14052,de
34626,af
3864,de
17400,af
29071,pt
31360,tr
20382,tr
10103,it
18708,en
12363,es
25993,af
11873,af
3573,id
26240,tr
3225,tr
25965,tl
32477,es
31372,es
24027,pt
29708,af
15166,tl
14093,nl
8176,nl
11307,af
6309,es
6527,it
8658,it
35136,sv
19386,fr
23278,nl
2791,es
9397,de
8382,it
12954,pt
27407,pt
30062,nl
14864,tl
22593,de
7348,sv
3751,sv
8088,es
7324,es
27210,nl
29843,id
16582,tr
13390,fr
671,nl
12332,es
31063,it
4272,de
19118,pt
15249,af
24446,it
34655,en
28899,fr
23778,nl
13000,sv
5175,de
13664,fr
16038,tl
30870,it
20009,es
21212,tl
18012,pt
30174,id
1651,af
16274,tl
15040,tl
2290,it
8387,en
12846,id
9330,nl
12998,tr
33162,fr
2961,fr
7,nl
29070,nl
3415,id
11967,id
34880,tr
30528,en
21431,it
26083,id
32689,es
25750,pt
17871,pt
19569,tl
10553,tl
22689,de
30952,sv
5371,pt
31969,nl
3687,pt
7164,de
21268,nl
14993,sv
24379,id
3703,id
9796,fr
5650,en
6830,es
20587,id
6581,fr
13359,fr
25043,de
7711,de
2950,en
18238,fr
34918,sv
11195,tr
31718,pt
5484,de
29632,tr
14532,en
18174,sv
21147,sv
16320,id
7812,sv
19405,id
16088,nl
21948,id
10887,id
27582,fr
1799,en
684,it
14833,es
2829,sv
17983,tr
17220,fr
5681,es
34879,af
14752,it
1307,fr
32916,en
19825,af
16686,tr
13470,sv
11502,es
31450,id
25847,es
32061,tr
11277,de
2859,tl
34281,sv
32302,de
4698,en
12945,af
29083,pt
14683,id
6041,af
5173,id
4990,es
14243,fr
10844,nl
8068,it
8258,tl
29298,sv
33494,de
6068,sv
18407,pt
15304,tr
9032,pt
33184,de
22612,id
13235,es
12240,id
32423,af
9544,en
2369,tl
23147,es
34,tr
9855,tr
5995,tr
34338,sv
32677,it
32763,tr
22527,nl
16727,it
23702,fr
21376,en
31832,es
4852,de
26729,tr
12610,tr
32550,id
539,af
30255,it
25450,pt
2830,af
17000,tr
30110,de
15701,en
23570,af
5118,fr
1934,it
6552,pt
11316,tl
20002,it
28607,af
6318,pt
6075,tr
6619,tr
20344,tl
21082,id
34537,en
32388,pt
17540,fr
30291,id
10910,id
35375,tl
18460,af
31182,de
32935,it
2093,tr
30624,it
23998,pt
32750,id
26157,sv
208,it
18411,id
5149,af
20634,en
13972,nl
19204,es
10632,es
22873,de
35241,de
12639,tr
30559,en
28486,tr
22248,id
11011,it
1063,de
8302,en
26492,es
31258,tl
5366,tr
3672,fr
19274,af
30129,it
25445,nl
26207,tl
32483,pt
32579,it
11504,fr
23619,tl
3708,fr
9997,af
8777,tl
22742,en
35388,en
24640,sv
30989,pt
23542,de
3454,nl
13746,de
32119,fr
4405,tr
9654,de
4586,en
26215,tl
23905,tr
31011,it
2205,it
18701,fr
29711,sv
23967,fr
32003,en
29302,sv
12117,sv
23700,tr
28509,de
34030,it
19016,de
2309,pt
4014,id
8984,pt
15958,nl
28844,fr
13803,tl
8462,id
23212,id
31916,pt
2813,it
227,it
13290,tr
26906,id
7442,es
28842,nl
22530,tr
1572,nl
26413,it
12956,tr
21512,af
6434,id
20016,pt
23100,pt
28095,af
33743,af
23391,pt
18669,tr
1238,id
3062,af
3634,pt
29526,tl
13968,id
7522,af
27206,fr
2347,sv
17905,tl
6090,fr
4482,es
28336,pt
8120,nl
28319,pt
32126,en
9816,id
23999,tl
16170,tr
21264,nl
21979,tr
25896,sv
3492,fr
3350,tl
21839,pt
31756,af
12859,it
1854,de
14999,nl
656,es
24530,es
23539,sv
34258,it
27194,fr
3836,tr
26978,id
10753,sv
22829,en
4857,de
18809,en
10160,af
9943,af
26353,de
28855,pt
28411,nl
33420,pt
21834,it
19920,en
26632,pt
29910,pt
9890,en
17237,de
8565,af
10808,it
31601,af
22616,id
34505,it
33223,es
13144,nl
7582,de
14484,tl
7076,nl
12741,es
7382,nl
20068,es
25313,sv
15053,af
3401,es
33756,tl
20376,tl
3837,id
14011,de
32150,tr
13773,id
35306,en
27214,pt
903,en
27824,de
11783,en
20792,id
899,af
9826,tr
2778,id
23846,pt
3777,en
6219,en
2201,es
23051,sv
4334,tr
2895,pt
31573,de
4587,en
35643,fr
8358,tl
20275,pt
27972,id
15883,nl
31732,de
12214,id
25805,it
13823,tl
20937,nl
27678,de
22038,fr
24378,tl
5932,es
19647,en
27586,de
4466,sv
19389,id
5275,de
9971,af
7771,af
7120,it
30731,en
32516,tl
21208,tl
30257,it
14747,af
4271,tl
2168,es
22707,fr
9769,es
35476,sv
13648,af
10803,af
1769,de
7488,nl
10982,nl
15125,en
4919,es
13398,es
11977,es
16545,it
1316,tl
35053,tr
11579,es
30993,af
27081,id
8224,af
17090,es
19227,de
12357,en
25009,nl
19339,tl
10583,es
3018,en
10125,en
8253,fr
6660,af
914,es
15039,af
19037,fr
5604,de
28919,it
295,tr
32755,tr
2259,tr
19618,sv
21332,id
4129,en
11247,pt
13469,fr
24891,id
30741,it
28913,tr
14958,it
27768,es
4709,fr
10806,nl
5749,de
28717,pt
6597,es
6734,nl
15174,nl
13351,nl
23745,nl
1143,id
29563,sv
28504,id
22750,af
28020,de
20204,it
3302,af
16798,sv
11124,en
10372,tr
7571,tr
9218,id
1677,af
167,fr
17321,pt
7520,tr
11248,pt
23789,fr
15800,tr
33498,es
14664,en
450,de
19019,en
14437,de
12399,nl
10126,tl
11016,id
21120,tl
32316,it
33611,de
6331,en
11853,it
35462,pt
12187,tr
18513,it
8211,id
14191,id
103,af
3530,de
26909,sv
31371,fr
25741,nl
2598,pt
19912,af
8956,tl
23993,de
13618,it
20786,pt
22323,de
33393,sv
12374,tl
12978,pt
12559,sv
9432,sv
24493,tr
4070,pt
4096,tr
21803,id
21525,it
25112,id
22918,fr
14705,nl
7610,tl
13552,af
140,en
680,tr
22890,id
20309,it
29722,es
7254,nl
20282,de
12595,nl
33027,af
35602,id
25778,nl
7573,de
19683,tl
31809,fr
30153,en
9530,id
8607,tr
7609,pt
2728,fr
454,id
18846,sv
5739,id
22438,de
6736,it
29770,tr
8776,fr
930,id
16924,af
26653,en
15374,en
959,sv
27823,fr
33720,it
35504,tl
18092,nl
3786,fr
35074,nl
32957,sv
31500,it
20612,tl
12136,en
34337,nl
15324,pt
9351,id
33899,pt
15828,de
3,de
28647,it
19803,de
32925,de
13089,it
3134,tr
19390,sv
25392,fr
8481,fr
9181,de
1330,tl
28178,fr
35525,tr
7189,tr
6645,es
31115,en
8827,af
8782,pt
28562,sv
2804,fr
13199,tl
27739,sv
26033,af
21745,en
33095,tr
30235,es
7788,af
30331,sv
21047,it
22360,fr
5748,nl
19980,pt
18347,it
34894,es
23429,de
10382,sv
4877,fr
26741,es
23486,sv
1783,it
24528,fr
22614,id
6366,af
29468,pt
19310,tr
13465,af
31622,en
22669,tl
20933,en
4407,id
18170,tr
28243,fr
25403,tl
22864,id
7585,es
9365,id
11535,de
5429,tr
1167,af
17736,es
33353,de
15583,id
28495,pt
35040,fr
24270,id
12707,tr
1890,tl
35016,it
33022,fr
33587,tl
31921,nl
12512,nl
32052,en
5292,tl
21999,nl
17467,pt
32823,es
17164,de
7924,de
34851,es
13804,it
15106,id
10613,tl
24140,nl
20842,nl
32502,pt
12940,pt
26158,fr
12928,de
6809,en
4744,de
27840,af
27385,en
18232,pt
15083,tr
12016,en
16985,tr
8150,af
7461,tl
13417,pt
4231,de
5640,id
8518,tr
396,fr
19429,es
34908,tl
491,fr
32927,sv
26518,sv
34917,nl
34600,es
1221,de
32558,id
6859,en
3814,nl
34101,tr
24883,id
12464,es
18858,af
34432,sv
9228,es
32449,de
12364,en
21143,pt
3123,af
18756,tr
23180,id
10969,de
24050,id
11193,nl
19987,tl
8622,en
30805,af
32595,fr
18547,tr
27767,fr
28387,pt
7140,es
7236,de
1919,sv
35201,it
4164,nl
16345,tl
5720,pt
2976,es
7321,pt
28569,es
29779,fr
19629,de
9335,fr
33979,de
21491,de
13824,es
8552,tr
26684,fr
26014,tl
33975,sv
22741,de
17492,tr
12844,de
4974,sv
24162,it
5987,pt
6016,it
35249,nl
18723,id
6610,tr
2393,es
27401,id
22184,es
19694,sv
28043,id
13146,id
27764,nl
21358,sv
30227,pt
25839,tr
19897,it
28199,it
17234,tl
11869,fr
28758,it
30772,tr
8015,en
2362,en
13588,pt
30817,tl
9952,tl
34032,de
29837,es
10639,pt
13177,fr
13835,sv
9044,pt
10074,tr
33412,es
5349,en
19147,es
23227,en
4806,en
11165,nl
12041,de
19603,it
21008,en
22644,id
8605,it
3316,fr
6030,en
26734,de
26743,tl
17343,id
15119,sv
34925,pt
18380,tr
21214,af
15151,it
8974,fr
9149,af
25007,fr
18371,tl
19153,sv
23713,tl
22562,fr
22876,en
29869,af
32030,tl
11093,en
19710,id
23501,tr
17275,tr
19449,pt
17709,af
2279,tl
18251,nl
12538,tl
9224,es
34348,af
23351,en
2203,af
22362,nl
9307,nl
1470,id
31364,es
9886,es
13676,af
17961,tr
25803,es
28985,de
22464,it
16497,nl
12628,af
1898,de
22568,nl
6617,pt
3231,en
33012,id
8765,sv
10364,pt
12827,af
5018,id
23158,it
29800,tl
34179,de
27079,tr
30633,id
10419,pt
3163,tr
32849,fr
2810,nl
11521,sv
31486,tl
22838,af
2822,it
33775,it
23616,id
20244,es
28849,fr
9639,tl
25667,en
11226,sv
21109,en
30242,de
23715,tl
11288,af
6917,it
46,es
30254,es
20353,id
21045,es
20571,pt
31235,sv
26868,de
23532,sv
60,it
17309,sv
22938,tr
31992,tl
12577,it
4395,tl
584,tr
22043,tl
32079,id
4599,sv
26282,pt
20197,sv
3725,sv
19439,af
13264,es
2892,es
632,af
33688,de
27440,de
16137,fr
5329,sv
11427,fr
7352,it
13045,es
17667,af
8183,es
33238,nl
17190,nl
28156,pt
11087,af
7047,sv
26384,en
15167,es
18236,tl
702,es
30728,it
9002,tl
32607,pt
33425,tr
175,es
23422,pt
14661,sv
18675,nl
19594,id
32517,nl
6797,nl
16254,pt
28022,fr
25140,nl
2423,sv
12440,de
3493,af
12416,sv
10127,tr
16342,tr
30831,id
13049,it
20751,fr
32633,af
10983,af
12821,tl
8573,id
25069,tr
30261,it
23339,nl
5675,fr
22534,id
30967,af
19194,tl
26133,tl
32592,sv
4970,de
7206,en
24845,es
28526,af
14807,es
13703,de
29067,tl
27159,af
31124,en
29877,fr
11745,en
35283,de
6388,it
22017,de
21335,de
33731,es
4829,it
28271,fr
13488,sv
25506,it
5653,sv
6674,tl
23808,es
15734,es
27857,sv
34887,tl
12927,pt
3654,af
7673,af
4292,pt
33513,it
27197,tr
25068,af
7181,tr
9018,de
24397,it
25053,de
32288,fr
31168,af
841,es
35117,tr
5277,de
22655,nl
21655,fr
63,en
23817,nl
13754,fr
13187,tr
4924,es
21481,es
751,tr
1900,en
26622,tl
30217,en
15681,pt
32056,sv
1224,tr
31404,tl
29467,sv
28670,pt
33475,af
26100,tr
13576,sv
23873,id
12742,pt
35200,sv
30133,af
7588,id
24690,pt
29958,it
34580,af
26164,tl
12951,nl
15570,pt
14407,en
27650,es
31746,sv
29022,tr
29595,fr
22127,tr
35663,nl
19959,nl
30869,es
2324,en
34189,tr
23333,pt
29504,en
31422,en
3238,es
18529,en
34664,en
12730,id
12419,en
26461,de
9623,tl
15131,tl
30076,tr
13921,pt
21350,tr
17850,es
19748,tr
860,de
5519,de
31439,it
6086,nl
35216,tr
23498,af
14328,af
5373,fr
17124,sv
27649,pt
6051,sv
28574,fr
24185,fr
15467,nl
20622,es
35170,pt
24830,fr
28330,de
16530,af
6686,pt
16411,de
5780,tl
13722,nl
35490,sv
29318,sv
17858,nl
30907,af
25671,nl
35659,nl
13563,it
6723,de
13196,nl
27029,tl
27575,it
20683,tr
18008,de
26933,en
21670,fr
11630,es
23143,es
19740,es
17558,en
12976,it
30938,es
32287,sv
10304,sv
28676,tr
22263,id
24709,es
29783,tr
30565,it
25496,fr
30270,it
576,it
7658,id
9289,id
4480,es
19450,id
1733,es
884,af
32588,de
187,tr
25708,de
23205,fr
7079,tl
33930,fr
374,sv
315,tr
23419,de
33187,tr
16522,tr
18872,tr
33927,de
6889,fr
15392,tr
25397,fr
15989,it
33872,fr
30362,pt
13038,it
30229,sv
18074,pt
2733,tr
5679,af
6319,es
14587,es
31153,pt
581,af
13767,pt
15910,tr
10859,de
35621,tl
2842,af
12517,pt
5251,tr
30714,pt
24505,tl
30549,sv
26872,es
12594,tl
23467,sv
3002,pt
13707,it
12660,tr
29976,id
12785,es
35686,af
33239,tl
29133,af
7383,tr
28585,de
31543,it
35378,fr
11275,fr
15169,it
19359,sv
34275,pt
5775,es
34385,tr
7927,sv
18421,af
23006,id
27566,es
27108,it
331,it
5177,tl
8430,pt
27947,sv
4947,id
26452,fr
12622,tl
35319,af
14974,af
7168,id
16067,id
11899,it
502,af
26963,de
4805,it
17348,fr
28355,en
22905,id
28590,id
25777,fr
17534,nl
13660,en
54,tr
655,af
28056,de
18312,tl
13106,es
32660,sv
1629,pt
9050,id
33262,id
22118,tl
27663,sv
31548,es
12645,id
13314,tr
12854,sv
6054,nl
1254,de
18034,es
17886,tr
4472,sv
33620,af
6764,id
14237,fr
35397,id
2550,sv
14276,tr
7784,tr
19728,sv
31278,tl
13696,sv
34395,fr
18874,pt
14713,id
8979,it
15207,pt
16258,de
6234,en
10916,sv
27080,es
5289,af
5385,id
4226,es
5880,af
14434,tr
2212,tr
13,sv
3842,pt
7082,tl
11088,it
11312,en
34466,en
3956,en
8651,sv
6615,it
9479,de
15704,tr
26825,it
7706,id
25412,es
19806,af
18357,tl
21846,tl
26689,af
27262,tl
29610,nl
11868,fr
31973,tl
1057,pt
22193,es
33635,fr
3167,tl
32251,fr
33232,de
8136,af
35427,pt
25219,tl
29543,sv
5109,pt
9045,en
33197,tl
8988,de
34123,de
31084,nl
2577,nl
6815,en
23540,pt
186,tr
19236,it
2291,en
8230,sv
692,pt
10478,tr
33738,pt
24795,it
28104,id
22071,pt
19813,tl
26116,en
22102,af
18641,it
3278,sv
6539,tl
566,id
7258,pt
20823,es
19996,nl
10942,af
33532,nl
27072,sv
10368,en
35343,pt
14592,af
29026,tr
30856,it
29215,af
10976,it
17959,es
21880,en
30206,id
23932,en
13753,af
30990,sv
2620,tr
14836,tl
8652,es
35616,de
12544,id
23867,pt
13322,fr
23955,nl
22297,tl
2992,it
21786,nl
34882,en
26972,id
21068,af
16362,pt
25206,sv
34754,tl
10623,pt
7518,it
6690,tl
29858,it
28606,tl
18433,de
20674,tr
3688,af
4475,id
4904,tr
2457,it
4900,tl
4756,af
10231,sv
1638,tr
24940,pt
1640,it
2513,fr
810,it
16564,tl
9441,af
3985,de
19907,sv
35381,it
21476,es
22815,sv
11568,pt
11013,en
14525,it
16108,es
35619,id
2668,de
9515,nl
11723,it
20086,nl
22832,es
27408,pt
29702,id
32691,fr
4837,it
6639,id
27632,it
35159,pt
16880,tr
33064,tl
29556,fr
20340,id
20160,tr
31319,sv
17207,tl
27918,es
8446,de
1807,pt
4417,tl
2453,pt
14261,it
4969,tr
19572,pt
4507,pt
6827,es
22643,af
12417,id
14020,es
9179,tr
35481,fr
17998,pt
28513,pt
14644,id
6308,pt
16009,nl
13962,fr
16751,sv
35252,de
7246,it
22283,pt
17808,it
8837,tl
19886,es
32071,af
5782,tr
3648,fr
31991,sv
11362,sv
11673,tr
6229,af
15832,es
27515,de
16105,tr
22472,nl
8858,af
23857,nl
33682,tr
19896,id
16514,fr
13672,tr
19902,af
26122,de
24529,pt
15978,id
24278,es
26064,es
1401,es
22883,id
31999,en
35390,af
27733,sv
35539,en
13492,it
22326,tr
23516,de
27906,sv
21747,sv
7913,es
6128,it
13244,de
18082,af
33593,sv
23061,pt
3382,pt
5684,it
14972,tl
15630,pt
9246,de
28362,en
4759,sv
20082,fr
11445,tr
809,tl
4965,sv
16205,af
2385,nl
22129,id
18017,de
31586,af
16547,sv
6517,sv
7824,pt
17082,id
8831,fr
35428,id
22657,id
14159,id
27011,af
30875,pt
8706,en
26774,tr
5218,it
30881,af
2519,it
7962,fr
27149,es
28233,es
25729,nl
26826,id
26842,nl
8146,en
25983,fr
13334,tr
22928,it
3252,id
11214,tr
15829,es
35322,it
22638,de
944,de
26597,it
381,it
9880,id
18805,tr
9145,id
32961,nl
28774,id
4175,it
16324,id
25720,pt
12687,tl
34878,tl
10319,nl
28453,en
18042,tr
16082,it
29909,tr
28313,en
24900,fr
22490,tr
30292,tr
10499,it
27664,af
10932,sv
13524,fr
29668,tr
22586,tr
24667,af
26742,nl
29353,it
29670,es
12771,tr
13365,fr
21406,pt
29718,fr
29582,nl
32896,tl
12530,fr
6956,fr
354,es
11840,tr
25907,af
27956,nl
28914,es
27324,fr
19713,fr
25092,tl
22725,tl
27830,id
27752,en
13500,en
29223,en
17435,tl
34380,it
10037,es
11237,nl
389,it
28371,id
21010,af
28787,it
1025,tr
11063,en
10302,es
8661,sv
521,en
1810,af
542,es
28891,id
27047,fr
19494,tl
15161,tr
13567,tl
17117,es
3053,sv
30720,it
14477,tl
4864,it
13769,fr
15314,af
23482,fr
13381,id
34497,de
13140,af
32757,sv
5869,id
15717,tr
11648,en
21807,af
23826,af
21102,es
16306,fr
8621,af
132,sv
32289,en
22453,es
421,de
15000,tl
17672,de
23560,af
22014,pt
22982,en
5437,af
31710,de
7087,en
24787,es
2780,de
17521,tl
32735,fr
22305,es
23362,pt
10965,de
33588,sv
23414,tr
34477,sv
19031,de
15259,tl
2171,id
34654,pt
23891,de
6365,de
29237,de
11082,pt
20022,sv
22330,it
35515,af
9972,es
9565,en
7377,tr
33687,tr
353,fr
21571,tl
29023,nl
1039,it
23359,en
29294,en
20614,tl
806,it
4550,af
20920,tr
34611,en
18178,pt
32424,nl
1387,en
24703,sv
8306,id
18835,pt
26942,nl
21580,id
15074,fr
11930,tl
29145,tr
12932,af
28810,af
9663,af
24132,fr
29440,id
2576,de
3307,en
11973,es
2529,fr
27353,it
4637,de
22826,pt
22536,it
32435,nl
15284,tl
31340,tr
2164,es
2625,fr
13124,af
6323,tr
24775,pt
27644,es
15148,tl
24168,de
1945,it
13763,pt
7644,af
16706,pt
7143,it
7891,de
29644,de
14161,es
2175,de
773,tl
9366,nl
3315,sv
28857,de
22830,it
8376,es
31694,pt
16230,en
30897,tr
24838,de
15585,es
11497,tl
7452,es
27436,af
33121,tr
30861,sv
26008,es
7552,pt
6267,de
25189,tl
21154,it
22564,af
14376,sv
5062,en
30827,en
4414,tl
15381,pt
25895,tr
8643,af
18739,nl
8104,tl
33305,nl
10403,pt
22793,de
9759,en
30297,id
15226,tl
23215,id
34315,en
16144,tl
34672,tl
1022,de
18663,pt
30320,it
32164,tl
9709,en
6391,nl
33883,tr
2045,it
12235,tr
30145,tl
34193,tr
3192,af
17969,tr
24551,af
30107,pt
13821,af
33035,es
5773,af
23968,es
8608,de
16019,id
17721,tl
19026,pt
6524,id
24910,tr
19267,af
22288,tr
34711,it
22095,nl
20801,pt
18229,id
20017,en
9969,pt
9874,es
29383,en
30655,af
15532,nl
1654,es
23039,en
2264,en
32090,nl
27680,sv
29129,en
30224,en
3676,tr
5042,en
24082,af
28030,de
23028,de
16777,fr
2581,pt
28452,es
3299,it
10397,nl
4346,it
9360,en
26567,en
11664,de
569,fr
30241,tr
24924,en
21537,en
14185,tl
25164,id
29788,es
34859,it
1442,tl
19380,en
5084,en
1667,id
2184,tr
3408,af
7365,es
30404,nl
29596,sv
26540,es
28342,es
20714,tr
30251,es
26224,nl
1929,en
17900,de
17483,tl
33028,en
2116,tl
34605,af
12076,es
3886,tr
19714,sv
21533,en
12213,sv
11774,tl
11074,sv
10800,pt
25578,de
24076,de
12860,tr
11493,nl
14189,it
24011,en
28229,nl
13159,en
23658,tl
27670,tr
13590,id
11450,en
17287,es
22266,es
17788,nl
22504,id
13909,de
32373,pt
1495,pt
5745,de
35403,fr
35217,tl
5924,pt
25734,tl
4260,nl
23710,de
29602,it
9471,tr
8250,de
35549,nl
17420,it
34635,af
23839,en
1185,tl
34549,sv
21660,fr
25562,tr
33143,af
26627,tl
11616,af
10666,tr
9881,sv
16069,tr
6831,de
34707,en
18583,es
24820,it
34311,af
34249,fr
27699,tl
31351,pt
30198,nl
10618,nl
8750,en
31927,es
20740,tr
11660,nl
1237,pt
33439,de
19075,tr
420,pt
829,tr
7699,af
35182,tl
14300,de
13606,es
25949,tl
35230,es
4932,en
2335,it
10735,nl
6609,it
26677,it
7046,fr
32948,fr
6651,en
5256,pt
17605,it
32106,de
8048,tr
19401,de
13126,fr
7346,it
34089,pt
33737,sv
6632,en
26934,id
11793,en
7278,id
170,en
31613,es
6298,pt
13844,es
10347,tr
26011,es
27831,de
21175,af
371,fr
12980,id
1079,nl
21771,nl
13562,en
12508,id
27,es
8095,fr
31359,id
25922,es
27027,nl
3342,pt
28036,it
21787,tl
4291,es
2491,pt
29836,id
33821,fr
33480,pt
33658,nl
23913,tr
31988,pt
29749,nl
26608,fr
8417,fr
18842,sv
14075,tl
22523,tr
24141,af
19560,id
10263,de
20905,id
29056,de
14987,tr
34757,de
7141,af
18582,id
18570,tl
27686,nl
26899,de
30629,sv
30998,fr
12926,tr
27199,de
21731,af
16678,sv
16835,sv
23816,de
20438,tr
34218,es
627,sv
32886,en
1867,en
4812,fr
28636,de
15416,it
18412,en
32101,es
31646,nl
4138,en
21869,pt
4752,it
19293,de
32665,fr
8143,es
31387,tr
3726,fr
14347,sv
30963,pt
18477,tr
34320,de
4607,tr
34848,tr
7408,fr
7253,it
26577,nl
30777,de
24123,en
16122,tr
21427,af
13659,fr
6848,it
29534,nl
18388,id
26617,en
15588,de
32078,sv
15641,af
30693,sv
32266,nl
33709,tr
25833,es
17735,en
1847,tr
10912,id
33804,sv
13453,nl
27627,es
34884,id
28343,tr
18202,es
19540,en
21433,de
3921,pt
7626,tr
25889,pt
33194,tl
33468,tr
30583,de
20005,pt
27141,tr
30887,tr
17468,af
26648,tr
761,tl
1558,tr
35265,af
20403,nl
7043,de
23752,tr
11662,id
21466,id
19186,es
9012,fr
26454,tr
194,it
994,nl
20434,en
2050,sv
13719,pt
32724,tr
22514,sv
9357,pt
10659,es
29171,es
22963,de
21820,id
23274,tl
11292,sv
25675,fr
4891,de
10428,af
32850,pt
2836,tr
15395,en
25418,id
12392,sv
31925,nl
1153,es
2368,fr
11600,fr
485,en
25921,tl
6689,tr
6106,en
14756,af
23571,de
23322,pt
35449,sv
14366,id
17367,fr
6438,it
19506,id
28981,pt
11347,tl
24821,it
33385,id
8469,pt
27687,id
9268,pt
6679,nl
405,it
33752,tl
16918,pt
15408,af
21478,pt
12284,it
35082,sv
25957,id
2696,en
4949,tr
29811,id
18093,fr
11252,id
9064,tr
33268,pt
10106,fr
17052,tr
1454,tr
7982,id
2241,es
11757,nl
35451,tl
15728,id
4649,id
513,en
12655,en
5627,nl
20694,es
26549,pt
10817,fr
3712,es
18049,af
35011,it
4977,en
16172,sv
3614,af
21584,it
8386,pt
2570,en
25335,sv
3936,af
6394,tr
24440,nl
14796,tl
4356,sv
34226,es
32149,en
23445,af
29964,sv
8122,it
8541,tr
5130,af
30443,pt
10207,fr
28617,es
1836,sv
27233,fr
12868,tl
11259,af
747,sv
33270,pt
3938,en
16414,es
12330,nl
1865,tr
34111,sv
15933,en
13440,pt
23367,tl
18798,it
9280,nl
35374,id
7901,en
23290,tr
4883,tr
13070,en
30536,tl
1347,de
32461,it
28302,nl
5926,sv
12986,pt
24679,es
22256,fr
7063,es
14559,nl
25952,sv
7259,it
24804,it
11690,fr
14169,it
3242,it
8920,nl
2676,af
33561,de
2072,it
4690,de
27847,es
18064,en
10058,es
894,sv
658,af
8432,af
19637,id
21942,en
22467,tr
193,nl
1805,en
18642,es
25749,it
18077,it
9388,pt
24184,af
7167,tr
25628,id
17834,en
10511,id
29620,nl
20579,af
18931,fr
29585,sv
19869,sv
23841,de
742,af
2796,tl
35618,fr
14099,de
12836,tr
25277,es
35674,id
14464,af
32641,es
35360,tr
31395,af
10258,tr
27672,sv
14775,tr
1429,tr
28255,en
17597,en
5848,nl
4350,pt
27364,de
18099,en
24503,tr
19689,en
10326,pt
10361,fr
9262,en
16551,pt
10727,fr
21290,pt
29815,id
23650,es
1953,nl
17644,tr
12518,sv
20919,nl
33103,nl
24677,tl
33167,es
4305,pt
32426,en
29048,it
17949,tl
11918,pt
30648,id
28970,nl
26277,tl
11553,de
33973,tl
7576,af
26998,de
28110,pt
19816,de
25747,tr
34109,de
28941,fr
25984,af
16175,id
21910,id
4591,id
12312,es
30574,pt
34940,sv
28456,sv
20730,de
5847,es
1435,id
25651,it
27428,id
33710,pt
28567,nl
28983,en
20418,af
23277,tr
13128,tr
19088,de
9473,sv
31088,af
18840,en
34288,sv
30398,tr
7161,tl
23579,tr
27511,id
5238,sv
29186,fr
26013,en
8031,tl
34161,fr
7020,nl
460,fr
3456,af
15710,it
20145,af
4280,de
5021,tr
15661,tr
29263,id
33164,it
34515,nl
4706,tl
2009,nl
16081,tl
21158,id
29953,pt
13993,id
23514,tl
13411,fr
205,sv
12981,id
28268,de
6159,de
29527,id
1068,nl
20034,es
5007,de
6138,tr
9928,sv
3000,pt
8792,es
29550,af
18999,id
14655,af
21240,id
4821,fr
28070,de
9635,fr
12304,es
2190,tl
26400,de
2280,fr
129,it
4122,en
27660,de
7807,it
26801,pt
32268,de
30544,en
19705,tl
28071,es
12356,af
8022,fr
8682,fr
14242,de
6276,de
7529,de
24723,es
25865,fr
13641,en
20267,nl
22654,tl
2538,af
34947,fr
16572,nl
10771,tl
17802,tl
12306,de
24469,en
33337,it
34907,tr
20607,it
15517,de
29090,tr
25147,tr
32795,en
11038,sv
28731,af
3758,it
24400,de
3336,id
355,it
14729,fr
5012,tr
25573,sv
35628,fr
3196,de
24178,af
23582,de
33506,tr
30085,en
20911,de
5460,en
21967,en
5320,sv
19320,pt
28992,sv
15591,fr
1844,fr
19993,pt
14527,it
34888,af
21330,fr
29453,sv
14200,nl
6225,pt
12005,sv
6671,id
5935,de
3612,pt
31026,it
19855,fr
14536,tr
21194,pt
781,de
30258,tr
21727,en
28288,af
18097,fr
21200,de
26746,tr
3437,fr
18137,en
15992,sv
10620,id
29109,fr
22915,tl
2122,tr
27002,en
5638,id
31038,de
1896,fr
6287,sv
6970,id
3429,pt
32636,fr
641,en
18698,pt
30790,it
32438,tl
23471,tr
15212,tr
33992,de
11396,tr
26990,nl
30169,it
23489,id
7652,pt
890,fr
33477,tl
20144,tr
12423,nl
5034,en
19577,tr
26043,af
12929,tr
3440,tl
31628,de
33745,id
1650,es
30760,es
23023,de
33410,tr
15603,en
31064,it
15181,id
1815,pt
27980,tl
4342,de
23554,nl
20734,pt
6583,de
5116,es
14170,en
28852,it
16198,tl
8427,tl
27872,en
14537,de
8562,fr
27173,tl
5115,tr
10760,it
13252,de
30951,pt
24846,af
5863,fr
18589,pt
3512,tl
9798,af
16193,es
361,id
28277,it
4516,sv
25596,en
2220,tl
20993,sv
31546,sv
24251,nl
5364,af
21455,en
18344,fr
33432,fr
19480,pt
22911,tl
3878,nl
31860,de
27373,tr
2714,tr
9387,it
29548,nl
25838,id
13691,de
10149,af
5022,id
16004,de
25955,it
34054,es
20795,en
15863,fr
9338,it
9633,en
26500,it
27337,en
34969,sv
31050,it
30813,tl
27651,fr
32938,es
3756,nl
13320,pt
13749,it
10665,de
34145,it
7391,id
6871,en
17877,nl
36,es
32216,tl
9898,it
23307,de
28551,sv
34303,fr
9343,it
3019,it
5055,tr
14952,id
12003,en
26915,nl
8653,id
3602,de
10759,id
887,sv
27348,tr
19525,fr
15892,af
35685,it
2308,es
12196,tr
643,fr
5851,fr
24219,tl
32111,sv
12019,de
33327,en
23753,fr
17527,es
22786,de
28968,es
26336,af
30042,it
25471,af
26009,sv
9381,nl
827,tl
18500,pt
13419,nl
5257,it
7093,es
35461,tl
26090,sv
15124,it
28532,sv
30960,nl
10167,tr
2206,pt
13632,af
18666,tr
946,es
7956,de
12097,en
24365,tl
12429,tr
12098,es
2831,fr
20191,de
15352,it
30147,es
31713,fr
3894,it
15587,nl
7628,tr
17099,tl
24432,sv
3125,tr
25437,nl
4893,en
6768,tr
24380,af
23494,fr
6395,nl
17513,de
13455,de
18283,fr
9142,en
18039,tl
8242,it
27447,tl
31210,es
25660,tr
11042,de
10626,tl
763,es
15432,id
35468,de
15528,pt
22554,de
26792,it
33627,id
6981,af
27623,de
17445,pt
1590,de
10303,es
7276,tr
18485,sv
30130,fr
9189,es
11080,sv
10915,id
25640,id
8241,fr
28072,es
10831,tl
31629,es
22143,af
28307,fr
31007,nl
14749,id
18817,pt
31199,nl
24767,sv
34331,pt
26953,de
31006,nl
34642,fr
4442,en
9728,nl
11372,nl
31877,id
21085,sv
26181,pt
16117,es
30568,id
4275,es
4684,pt
4951,id
32712,sv
1808,fr
32532,af
13997,af
3898,de
30679,pt
31779,en
3004,nl
727,tl
25746,es
9562,es
482,de
27558,tr
21443,it
16277,es
30504,tl
22252,en
34037,tr
21921,tr
13277,id
9703,es
11710,nl
17650,tl
17419,id
26030,tr
11795,af
27488,fr
19530,fr
23172,de
18577,tr
13976,id
23104,de
4725,id
20157,de
13062,nl
9903,pt
19349,sv
35050,id
33653,af
9408,fr
3267,nl
27654,af
31263,es
10660,fr
3126,af
28108,es
16748,nl
34278,it
9698,pt
25376,es
34814,sv
12641,id
31023,it
17407,es
23666,sv
28768,en
12105,af
33467,sv
3421,de
27833,id
11639,nl
30530,es
24718,pt
34255,it
24354,pt
23080,id
18021,id
11658,nl
31251,es
20337,es
20426,es
1985,fr
5561,en
29828,fr
4477,tr
33217,pt
23642,tl
33554,pt
26466,it
1305,nl
21553,nl
6488,tl
20822,nl
23407,tr
14757,tl
23529,tl
2306,tr
23393,fr
25945,af
32283,fr
27597,it
22005,it
26425,nl
9504,en
9059,en
2311,it
17559,fr
13284,id
34739,sv
32230,id
30517,de
25109,tr
12208,id
30358,tr
2371,es
13699,it
35339,es
31061,nl
7734,id
24695,id
30011,fr
30243,en
4315,nl
25911,af
12902,es
219,id
30824,tl
22894,af
15427,fr
16123,pt
26670,fr
24138,nl
12990,nl
7537,fr
27339,tr
28798,sv
4117,sv
26304,de
17593,sv
22930,tl
28004,sv
23136,fr
41,it
28315,it
26162,sv
18957,fr
29818,de
4329,en
11976,tl
5531,de
3732,pt
5896,nl
8707,de
15451,en
13029,tl
17268,id
28911,pt
20819,sv
30314,nl
32599,it
19072,pt
5575,af
6820,es
15936,en
22995,tr
35130,nl
26063,tr
32764,en
22173,de
23972,fr
26458,es
13990,tl
24045,nl
5979,es
9525,sv
18400,id
7252,id
23001,tr
22792,fr
23262,de
8335,tl
27393,en
7418,id
8137,it
35496,fr
17006,tr
11808,tl
23309,es
20525,fr
20486,id
35312,nl
34513,en
10508,tr
12832,tr
31523,fr
28581,id
23349,tr
4195,fr
20708,it
24969,nl
8480,nl
32813,tr
2790,tl
2541,de
24372,fr
27946,fr
30758,es
520,nl
22706,de
3553,nl
28364,tr
20334,af
7755,tl
29384,tl
461,it
19387,id
9990,de
25492,tl
24991,tr
32657,en
24805,en
3718,es
13010,en
29363,es
3048,en
18841,tr
10043,af
23870,tl
21939,es
32247,sv
19481,af
27883,it
17209,de
24491,tr
35380,fr
11262,tr
11061,it
11570,nl
11208,en
6522,es
12006,en
31348,tr
21681,es
5563,de
28500,es
13637,id
17988,sv
8637,tl
16097,af
15423,tr
26530,tl
11392,es
18133,fr
27866,nl
26145,en
28959,id
10837,af
18539,tl
13224,nl
35491,sv
18572,pt
8339,fr
23210,tl
10723,it
15552,it
23286,it
5139,tr
21538,af
3286,es
16725,pt
4653,id
15325,fr
17584,tr
5891,af
22533,pt
16209,es
21306,pt
15688,af
7602,tr
1617,fr
6204,it
16829,af
22577,sv
34955,es
17664,de
14843,en
28448,pt
32610,en
17375,en
16433,af
6430,de
23382,sv
17572,nl
28512,af
7703,en
13557,tr
3519,id
21811,tr
4525,tl
3477,tl
206,nl
17478,tr
14393,fr
16506,pt
157,tr
2934,it
15644,af
32923,tr
17477,es
7004,en
11758,en
13974,de
20023,en
28214,af
8133,af
4522,af
25196,sv
21755,sv
18163,nl
276,pt
19989,id
5959,nl
22048,it
28696,es
18216,fr
14861,tr
2343,pt
33654,tl
9893,en
19307,it
35269,es
29321,tr
23084,sv
16510,es
10746,id
17797,tr
22790,en
12121,id
20742,id
30925,tl
27618,fr
10501,nl
32706,tr
19090,tr
15851,nl
17364,en
32397,tr
35314,de
13221,en
252,af
19941,de
22598,en
5183,tl
8178,fr
14205,tr
26375,af
15017,it
14061,es
23317,nl
22721,af
3610,en
5128,nl
31795,es
16071,tr
13090,en
31418,id
7355,sv
29794,sv
17728,pt
20637,de
17776,tl
9697,pt
34643,pt
17857,it
12877,fr
28059,it
8310,tr
28463,pt
17950,it
12086,fr
34596,sv
5742,it
13941,pt
33711,es
17573,pt
2387,tl
33395,nl
2846,it
29970,tr
14423,id
34649,sv
20175,de
15163,pt
5411,id
34187,pt
19286,en
31574,af
10431,id
7643,en
9587,it
13575,de
2500,pt
6405,id
7774,de
10036,en
31443,tr
5264,sv
19736,tl
1513,nl
20045,pt
34406,tr
19121,id
23543,nl
25943,en
14639,tr
33221,nl
12259,tl
7059,nl
14860,id
33388,id
10540,es
21502,es
35626,de
32492,nl
26732,es
26685,en
11110,pt
35033,nl
16340,sv
17058,de
22762,en
21838,af
6509,es
4798,tl
578,pt
20891,es
962,fr
17606,pt
30508,en
12472,sv
20780,it
5839,tr
13420,pt
9614,pt
32082,pt
34893,nl
27954,id
24431,id
14411,sv
34447,sv
5165,nl
31417,en
4604,fr
5810,pt
4183,es
9106,en
34648,en
12795,id
3684,pt
24698,tr
2643,fr
26560,pt
2985,tl
11517,en
9088,id
22441,id
11580,tr
29968,id
1264,fr
33490,af
30931,en
4124,tr
18076,fr
823,tl
15353,fr
10741,en
12524,tr
13148,pt
12452,fr
2006,tr
27531,nl
9800,en
31420,es
16511,it
4962,tl
8675,id
26294,id
23301,en
26176,tl
24880,af
30472,tl
33102,it
35684,id
31753,pt
25570,af
21042,tr
10011,fr
27179,de
19554,nl
13677,it
8805,pt
32730,nl
6638,tr
4504,de
30167,en
15562,sv
18697,sv
11755,nl
32391,de
27341,it
16718,tl
17366,sv
7833,tr
14076,tl
15182,fr
35569,sv
3636,tr
25801,tl
25100,it
23176,tr
11072,de
16660,id
7130,es
6790,af
16650,af
9675,tl
3146,tl
33965,en
3533,fr
32059,de
13319,af
15763,es
33246,en
17136,sv
4624,es
8008,de
16249,tr
31040,id
34567,en
16350,es
25784,es
14344,tr
23251,it
27019,pt
32825,tl
19971,en
999,pt
24715,af
27621,fr
1140,sv
32625,es
18106,tl
6977,pt
30981,tr
18620,es
12638,fr
24539,tl
21219,en
25981,nl
22275,sv
33031,id
16343,tr
15841,tl
33757,it
21656,en
16690,pt
32347,en
31033,tl
2578,tr
16460,es
22351,id
10628,af
24021,en
7353,fr
13363,fr
26894,en
1317,pt
17182,en
26293,tl
8337,es
20410,af
33331,tl
18247,en
16508,pt
1106,fr
24303,it
16406,tl
5630,nl
21741,pt
5529,de
13331,tr
3259,nl
25174,fr
27715,pt
33985,it
21266,id
22436,tl
3639,pt
13107,en
31180,nl
6083,tl
6168,sv
18684,id
27772,id
7147,tl
11707,it
29947,fr
3565,de
29658,es
19729,es
26128,sv
296,it
18374,es
8684,id
20493,id
6658,fr
6640,tr
4642,es
10572,it
23943,pt
33585,nl
28032,nl
19817,it
14002,id
21919,en
34942,id
21128,tr
29862,id
21629,pt
23020,tl
12982,sv
6461,es
16912,en
9395,pt
4142,es
16954,pt
16898,it
24113,es
34180,nl
24750,id
10968,en
29748,it
6897,pt
16319,es
24476,nl
31784,it
1417,tr
18622,pt
500,sv
21856,tr
25128,af
2406,nl
26333,de
11785,it
7621,it
8907,tr
14764,tr
26032,es
14949,id
32810,tr
27409,id
15407,af
16008,nl
23175,fr
15607,sv
21586,es
35318,fr
33083,pt
21691,de
25332,sv
26059,nl
16729,af
5741,id
34014,es
3431,id
1257,fr
1142,fr
9048,id
4047,pt
11810,fr
11184,fr
4394,fr
17376,af
33781,pt
31298,fr
3120,de
18617,af
15265,it
7521,fr
30611,tr
874,tl
12096,sv
34651,sv
10429,de
35196,id
2630,pt
30205,de
14431,it
23319,id
23759,tr
34498,pt
26276,es
4163,nl
18619,sv
11034,en
5335,en
22600,af
5844,tl
26739,nl
14440,id
13180,en
12366,en
19454,sv
29111,tr
17972,es
25624,tr
30018,tr
15361,de
35583,pt
24293,es
16546,pt
18299,af
23033,sv
19110,id
1163,id
16080,nl
23099,sv
20526,af
13572,en
21934,es
32170,de
21037,it
21648,id
162,af
1990,nl
30718,pt
5296,fr
4337,nl
11271,en
7231,it
24017,fr
10092,fr
31782,af
15431,tr
22471,pt
25294,sv
15633,tr
10210,tr
28254,tr
7108,es
27059,tr
12853,fr
35233,tl
24590,tl
12562,fr
26856,pt
18524,tr
5510,af
25119,tl
32519,af
21659,fr
24793,es
25167,de
32531,tr
5717,id
26419,nl
32582,tr
24078,it
7223,en
2239,de
27251,de
20649,es
2079,sv
258,nl
34795,sv
17957,tl
7218,en
12805,de
25789,fr
22376,pt
14391,id
17425,af
3303,sv
9792,de
13908,tr
27156,tl
18808,pt
1017,tr
26038,id
345,af
31665,af
5278,en
7947,de
20693,de
3089,id
11182,fr
2455,fr
23198,id
11379,af
8274,fr
27495,pt
27898,af
1092,es
25040,es
14415,sv
32733,nl
12349,it
27996,fr
1977,sv
24953,nl
11374,sv
11828,id
2759,nl
1453,it
18644,sv
1474,en
21380,tr
22528,pt
14714,sv
15109,tl
6991,af
34294,en
15864,tr
17692,tr
32117,es
26917,af
33069,de
15428,sv
27750,it
17472,en
17127,fr
4352,de
4418,fr
18405,de
24111,nl
26227,pt
18165,de
2437,tr
29673,tl
31169,tl
34628,en
28616,id
6555,nl
7974,tr
13525,id
9213,it
16863,sv
1907,tr
14065,it
27154,fr
14295,af
24353,de
23385,it
28075,fr
32748,pt
16283,tl
10929,de
8744,de
34675,pt
4187,fr
15618,en
3769,pt
25239,pt
30330,tl
20669,it
24672,en
13339,nl
25021,id
13877,id
14016,nl
27034,af
18625,pt
18419,es
19638,fr
17098,es
15059,sv
12189,pt
32890,pt
35253,pt
1467,tl
22630,id
12540,de
30371,it
31125,pt
10496,pt
15164,af
22972,tl
2424,en
9966,nl
4971,af
29701,en
5220,pt
17732,nl
31274,it
22446,de
862,tl
21674,en
30469,de
32968,tr
4797,pt
11776,id
3623,tl
21289,pt
20672,tr
20327,en
5975,tr
2654,tr
22090,fr
6708,af
14787,af
5719,af
4318,de
278,en
4515,af
27882,de
200,en
689,de
23035,tr
23356,nl
29267,fr
14967,en
28618,nl
13392,id
7398,sv
11984,pt
3822,it
24444,pt
28369,tl
22458,es
3009,nl
29854,tl
12663,tl
6446,es
21483,af
28063,pt
1606,nl
20093,sv
3033,es
22452,fr
22144,it
377,pt
24733,id
12482,af
18780,en
29683,af
19115,fr
15344,en
21231,fr
2556,sv
3744,nl
25669,nl
10680,en
12843,af
25643,es
12123,tr
8800,id
35060,fr
24911,en
3905,af
1609,it
28708,pt
29374,it
10077,fr
7135,de
24634,id
18327,pt
35430,de
20169,af
6494,en
15799,en
10738,en
35379,nl
10439,sv
9442,af
264,it
14961,tr
30381,pt
1560,de
18608,tr
30451,af
17775,fr
4928,tr
7897,nl
18665,fr
21484,id
21955,id
3752,pt
9817,tr
14939,id
2616,en
29699,sv
27202,de
10794,fr
10143,tl
32023,tr
12738,id
15313,fr
32974,fr
22117,tr
35590,en
13155,sv
34072,id
25589,tl
31488,de
25326,it
17456,af
27952,af
29308,tl
34357,tr
5491,id
3695,en
28418,es
12480,it
22469,af
15515,id
3686,en
8945,sv
1178,tl
14466,af
34041,tl
5312,tr
21099,en
10862,tl
7173,sv
8383,it
13011,en
20437,tr
29273,en
2027,sv
23194,id
10390,fr
24761,af
7051,en
10018,af
3735,tl
31654,de
30576,tr
29545,pt
4180,es
9607,en
3403,sv
21960,en
28926,sv
30233,de
7315,af
7193,sv
10345,de
15129,af
1871,es
20123,it
13484,id
4552,de
8309,id
1790,af
13114,en
33243,it
6742,nl
31608,tl
3475,nl
20053,it
31384,tr
16671,it
2754,en
3229,it
23313,es
27983,sv
12984,de
4895,es
33417,es
16176,pt
33463,es
4903,fr
24456,nl
10286,tl
4539,tl
33067,fr
27369,it
2869,es
2183,en
5656,es
14828,pt
27992,en
4680,tr
9100,de
22823,af
7369,en
28530,nl
16454,tl
35185,sv
21185,de
3010,tl
10661,sv
14029,it
24655,de
15536,pt
24828,nl
591,fr
28433,tr
28161,tl
32574,tl
25387,de
18810,sv
12483,it
14680,fr
9112,es
24394,pt
12521,de
15159,tr
13463,fr
32666,es
22213,sv
7702,sv
28754,es
24943,id
8674,sv
8174,en
7260,nl
281,tr
7340,sv
12983,it
3505,sv
16674,tr
29809,id
9065,tl
25028,fr
15886,de
7857,sv
24199,es
1412,af
15835,pt
5593,pt
24577,id
14097,en
18673,af
18096,id
7742,fr
27927,nl
12263,tr
14222,de
7505,it
23617,af
28854,it
10482,en
5421,it
17180,es
28818,pt
18028,tr
12131,fr
6307,fr
5478,es
1448,af
16711,es
9261,tr
5346,de
22610,fr
20935,en
4495,sv
18650,de
9008,it
19766,id
24196,it
24180,nl
22720,id
24582,es
23506,fr
28626,es
30332,de
4686,pt
15948,pt
1610,it
27758,sv
13269,fr
20268,af
4082,es
19426,tl
1289,tl
17378,id
17246,es
23376,sv
6675,pt
18861,tr
18378,fr
10120,id
5901,sv
22378,es
21970,id
7627,fr
7619,fr
10956,de
27849,sv
15270,sv
12090,pt
8380,es
30736,tl
15777,nl
6777,tr
13169,sv
29546,fr
24622,af
20242,de
15290,id
32958,pt
27427,es
2200,pt
4799,nl
11518,af
16016,it
33511,fr
910,nl
7016,de
11812,fr
8354,tr
16695,tr
10163,id
3973,af
12262,af
29456,tr
18363,nl
33185,it
29180,de
27402,tr
35530,fr
20815,pt
11256,af
4496,pt
35456,es
12415,af
3351,fr
19762,tr
31369,af
6580,nl
9200,fr
11733,pt
16157,tl
12900,es
13489,pt
7957,nl
32670,it
35526,sv
4235,es
7479,de
2988,de
3084,id
8363,tl
21708,sv
1978,es
20386,tl
32100,tl
27272,nl
16032,es
29014,tr
4248,en
11523,id
21197,de
34729,nl
31714,es
31186,id
18767,af
7306,fr
10503,es
2248,fr
18464,pt
3941,tl
1280,id
27600,af
14820,tl
32853,de
35425,id
16330,en
13867,tl
27038,es
20398,de
32049,af
12138,pt
17374,de
499,id
8007,it
784,en
13674,af
699,pt
7139,af
17175,en
31859,pt
24323,nl
6092,tr
25197,af
2499,nl
7439,nl
34809,pt
4146,pt
15766,tr
2447,de
13406,af
19677,sv
16864,fr
15006,it
29154,id
30468,tr
17408,id
31906,tr
16115,af
24306,tr
3152,en
20867,af
27295,pt
24666,tl
7394,es
27099,en
19905,pt
4699,pt
14450,en
9020,en
25673,pt
22988,es
30799,tl
19256,en
29284,af
8107,sv
20605,de
29179,pt
16289,fr
17569,it
12630,id
12969,de
3160,it
19133,es
8626,tr
30755,pt
10607,id
21854,af
19384,af
30488,id
12000,sv
32458,tr
8542,nl
25842,nl
10981,de
6085,es
2000,es
21982,tr
1715,id
26593,nl
18086,id
3999,pt
22513,fr
14623,sv
2281,id
9619,nl
2189,sv
7942,nl
1538,sv
23728,af
17290,tl
4787,nl
26049,es
23144,id
26733,fr
2058,nl
1255,de
22751,pt
29194,it
21981,it
21845,de
5060,sv
22347,af
11209,tr
22508,en
25255,id
15261,nl
33298,es
27467,it
33252,af
138,nl
25823,en
27248,tl
27944,pt
27520,af
31405,fr
13250,tr
27523,pt
20027,tl
14503,nl
16571,es
12923,en
6407,en
17324,fr
18898,it
22338,sv
16828,es
6142,tl
32376,sv
25180,it
18343,fr
5814,tl
11880,it
31300,pt
15338,es
14292,tr
25175,es
22133,en
9183,nl
22979,af
34644,af
15882,af
12572,id
28103,it
35516,fr
4960,es
2054,tr
1519,pt
17537,sv
5148,id
25446,tl
29446,tl
30091,id
5540,id
31952,fr
18800,id
16712,tl
308,nl
8860,af
709,tl
29804,pt
28745,de
34156,it
31077,es
35483,en
27994,nl
21925,es
24258,tl
1902,sv
27673,es
11457,sv
18676,af
32844,pt
18398,nl
16287,id
34523,nl
24742,fr
27915,tr
12236,tr
30324,en
24638,tl
32926,id
6076,tr
27152,id
323,it
10375,en
34452,it
16263,tr
10122,de
9475,it
33908,de
30245,it
14262,es
16649,tr
29375,tr
20787,tl
19862,es
28035,es
4198,pt
24628,de
35189,pt
21064,id
20695,fr
14102,tr
23375,en
10922,sv
11964,nl
18334,es
29606,de
30762,af
25507,es
14346,pt
10630,it
10244,tl
34923,tr
15843,it
32409,sv
23883,af
3591,es
31037,es
7323,nl
4541,id
12541,fr
15804,sv
28236,en
23703,sv
20419,tr
3216,pt
6755,pt
23505,en
17223,pt
11241,tr
24126,id
16360,sv
21300,it
5244,en
32937,it
14206,it
22412,es
34629,tl
20088,id
422,fr
27416,sv
34501,af
8065,es
9586,fr
33576,tl
31885,es
2764,tl
29311,tl
33924,tl
25002,tr
31092,tr
4406,tr
34167,fr
721,de
33063,id
31900,nl
11574,tl
25874,de
4145,id
8693,fr
1225,tr
5663,it
3508,af
29856,tr
5691,it
31527,de
5127,nl
14581,sv
7793,it
18976,af
23479,de
14953,tr
20188,sv
6898,af
8737,af
32812,pt
19065,es
6961,es
19898,es
10456,af
19063,pt
23199,pt
17922,tl
26406,id
29387,fr
4019,nl
19244,tr
23171,es
246,pt
3375,sv
14533,es
5824,af
29203,af
31605,tl
10109,id
1734,sv
2086,es
4946,tr
4594,tl
6505,it
34203,tr
4610,de
23629,tr
538,en
34061,sv
25389,id
17923,en
4810,en
31585,tr
10765,it
12285,es
32371,it
33617,id
5899,it
10854,sv
23384,id
29498,it
26066,af
3098,id
19499,de
29784,sv
19511,af
33245,es
410,en
7172,es
18457,fr
1696,tr
2340,tl
21855,en
32955,es
32374,de
13477,af
28357,tr
19801,tr
14898,nl
8845,id
19634,es
26782,en
8324,de
21902,tl
13205,af
6296,af
13713,tr
28646,en
16516,tl
23746,fr
28469,id
25030,pt
21726,tl
8798,tr
9695,de
30216,pt
27217,es
20153,pt
32450,id
7725,it
32614,de
13147,pt
11242,sv
30336,fr
34790,nl
26888,id
20759,pt
11244,tr
18712,fr
32478,nl
10711,nl
11577,fr
17310,fr
31587,id
3124,id
30706,sv
9097,es
4697,it
19845,es
23464,de
22549,pt
25923,af
13104,en
10449,pt
8520,de
22571,de
11920,fr
18186,fr
717,it
22063,fr
16435,af
9212,fr
20364,tl
33281,sv
5193,de
10273,de
11079,de
33962,en
14716,id
22828,de
21545,pt
21766,tl
27963,id
29626,pt
8728,tl
24531,tr
11533,es
23935,sv
19245,de
34690,tl
10170,pt
34876,de
2715,it
21757,sv
32725,tl
27491,de
8948,es
33978,de
1570,es
18948,pt
12333,sv
21847,nl
19932,de
33459,nl
30688,id
1480,de
144,nl
13135,id
7748,tl
4150,nl
31965,sv
23374,de
20846,es
31152,it
22636,es
7073,tl
14289,id
33639,en
7889,af
30596,id
1426,sv
347,af
2904,fr
1683,tl
12593,de
21044,en
30079,it
9628,it
34282,it
2872,af
15280,it
8550,tr
2268,es
22984,tr
11339,tl
15540,fr
2484,tr
7010,sv
18192,it
19716,de
29060,de
22714,af
31434,de
24714,es
24224,af
2789,tl
27825,tl
26911,tr
24375,af
26590,fr
28505,pt
32173,de
22301,id
4123,tr
3965,nl
7988,pt
18599,en
25160,tr
5726,pt
14628,tl
13081,id
21316,pt
35554,af
16248,tl
876,pt
17770,sv
13051,de
6824,pt
33292,tr
23353,id
10377,sv
5967,it
9087,fr
7729,de
25692,af
20703,fr
34458,tr
30319,af
2370,nl
29795,fr
15044,sv
22021,tr
14708,tr
808,en
6199,id
8059,es
24062,nl
30567,tr
17939,de
15911,fr
8875,it
24683,af
35237,tl
24218,sv
8796,fr
35067,pt
11414,id
29707,en
10763,sv
34946,it
19231,tl
8444,af
28216,sv
14809,tr
8034,tl
21732,en
1268,sv
35423,de
7705,en
29042,tr
8175,af
33089,id
20644,it
30905,pt
19006,id
25269,af
2737,es
18144,pt
33025,tl
13404,tl
1879,id
646,de
7814,pt
21591,tr
20320,it
8079,es
10124,pt
22937,sv
3516,af
13475,it
21523,id
27814,en
30244,tl
26505,es
10424,id
19500,nl
11185,tr
17440,es
10359,tr
20971,fr
24786,it
12949,af
2628,es
34631,fr
7835,de
28419,it
7950,de
18036,tl
22925,id
9876,pt
24355,nl
12133,it
4944,id
8101,it
4817,tr
964,fr
33360,en
10275,de
11692,en
35210,es
10506,tr
27254,tr
6732,nl
12950,sv
26104,tl
9965,af
10587,de
28403,de
3054,tl
31164,en
7854,it
8649,pt
12122,tl
10022,sv
33140,af
7440,af
23607,pt
17294,tr
22148,nl
32065,pt
29174,tl
14643,de
5332,id
31660,tr
11170,tr
32414,fr
28900,de
34610,id
6876,es
2515,af
2713,id
24367,id
1573,sv
12587,de
30084,fr
12502,af
4397,nl
17565,af
3619,de
5356,de
17001,id
9834,de
20202,en
5065,sv
7615,tl
13170,sv
7301,tr
25897,en
17547,sv
29834,en
27323,fr
31203,it
10015,tr
11578,id
11802,pt
34511,fr
29019,sv
23825,en
13414,pt
33987,tl
24951,tr
34875,fr
29393,es
642,fr
7691,tl
21415,pt
9290,es
11031,de
28909,it
564,nl
6344,en
6896,pt
26762,de
4339,pt
29169,es
30357,de
33833,tl
10291,fr
9252,sv
27167,de
1261,tr
5592,nl
9974,it
18244,id
9386,it
18472,af
33816,it
5826,de
30014,sv
22186,sv
2532,de
26568,fr
2834,de
29045,fr
31792,de
18770,nl
17457,tr
2051,pt
1099,pt
2352,af
26767,nl
30139,id
20827,sv
3274,sv
20319,pt
10850,it
15362,pt
7847,es
30592,de
8347,id
27850,af
23389,nl
12700,af
5805,nl
4862,nl
626,sv
4457,tl
10440,tl
35532,fr
15749,it
492,tl
32392,en
55,pt
745,tl
11083,it
17624,af
26012,tr
8135,it
14274,nl
32526,pt
20964,es
28838,tr
19548,de
33995,af
5682,pt
30342,tl
25298,pt
19148,tl
6376,fr
11230,af
21857,es
8168,id
3378,pt
14141,de
34919,af
29726,id
21793,de
19933,es
7887,tr
30445,id
17985,nl
26299,fr
24637,fr
14735,nl
14038,tl
18744,es
5333,tr
1498,af
2061,fr
28576,pt
3025,es
6514,en
1181,af
22764,sv
32444,es
18674,nl
4627,fr
32016,pt
12813,en
28861,tr
32476,de
17502,pt
23522,nl
22680,de
33647,pt
20085,pt
30979,nl
34248,sv
15694,es
24740,id
357,it
18694,id
30032,pt
15664,id
9872,de
16554,nl
6067,id
29507,de
33760,it
2383,tr
24144,sv
30768,pt
2467,id
379,en
11885,nl
26556,af
6535,tl
20406,tl
945,id
5299,af
3460,fr
27187,tl
26265,nl
35239,tl
32542,de
12247,es
26285,nl
22214,fr
14042,fr
21373,es
4375,id
19984,id
7131,fr
15626,tr
26120,pt
8914,af
33881,nl
20246,pt
26758,fr
31525,id
23756,sv
16279,sv
19903,it
14317,nl
27450,pt
23040,de
35171,it
12611,sv
29230,it
35592,tr
1408,tr
34812,nl
4228,id
32099,tr
28972,en
25251,tr
24396,de
12503,tr
22509,nl
25022,en
19012,it
2417,sv
25338,af
33845,fr
17578,af
351,id
32509,es
3151,pt
1682,nl
24610,sv
33166,es
4676,nl
7493,sv
22895,it
22112,tr
30027,tr
26261,fr
13454,fr
30416,tr
13158,af
25518,id
14801,tr
72,fr
33307,tl
7907,af
33909,it
22382,de
7584,tl
10299,tr
31941,nl
33008,en
30390,sv
15357,sv
9806,af
11037,en
33378,en
23121,de
26835,id
17553,pt
8188,en
33253,nl
15380,it
33229,en
13601,fr
19753,id
32020,de
28851,de
1389,tr
29531,id
25773,en
17043,tl
18288,en
20078,de
6604,tl
16901,pt
17687,it
10578,tr
35041,it
6676,nl
15885,it
22798,en
12834,fr
16973,en
27109,fr
546,de
253,pt
19215,fr
26726,fr
30075,it
14353,it
5772,af
18960,en
25480,tl
32783,tr
16474,tl
9536,fr
1492,pt
14851,es
8566,sv
9294,fr
9754,tr
7482,sv
8426,pt
14284,it
1766,fr
29087,es
32786,en
29677,id
24450,it
15005,tr
21654,de
7688,sv
2101,nl
32121,tl
29021,id
6278,af
26948,es
10925,fr
1713,de
12174,af
17727,it
12427,tr
26027,en
24457,en
22898,tr
22849,nl
14769,tl
2029,nl
27182,id
27151,de
19874,tr
14422,pt
13862,tl
1596,fr
35065,af
11946,af
10519,id
10091,en
18692,fr
5713,de
26420,en
10052,tl
17627,nl
7867,fr
21862,nl
34213,it
1973,en
31664,nl
29712,tr
12046,id
26793,pt
14803,fr
27573,nl
23887,fr
20346,nl
21644,nl
14593,tr
26860,nl
28137,sv
33240,fr
13871,en
20739,fr
14113,af
21448,fr
1173,af
34057,de
1186,fr
1043,it
13422,sv
26210,es
16884,nl
15217,tr
23424,it
32662,en
235,id
17015,af
16282,tr
23209,tl
23648,de
24890,pt
29092,nl
7356,es
17128,tr
2237,it
10386,en
18806,tr
845,es
28334,it
15120,fr
33098,en
11286,es
7451,es
24338,af
17401,sv
21568,de
5781,id
707,nl
831,en
25459,fr
4801,fr
20913,id
7033,af
10594,sv
3206,en
26975,sv
27984,tl
16886,sv
23528,it
21195,it
25361,nl
3594,af
23106,nl
11655,tl
10223,sv
1583,tl
17490,pt
34330,it
26715,fr
6139,tr
17296,en
11317,de
6035,af
2587,nl
18196,de
11762,id
8975,tl
16834,tl
238,tl
14794,sv
30454,fr
10598,af
2803,de
22130,es
29478,id
8809,af
16477,it
31232,pt
17926,af
4048,tl
2525,tr
1244,it
26973,sv
313,tr
34949,af
3372,nl
20213,nl
12188,pt
33430,id
10560,es
29688,fr
397,id
847,de
27528,en
19615,tl
18470,fr
31918,de
2326,es
20312,nl
21238,tl
1600,af
29432,it
21493,tr
8687,de
7880,es
28588,pt
18753,fr
4031,pt
15477,sv
3323,pt
1180,pt
10331,tr
33414,nl
19624,tl
13014,de
28957,nl
5170,de
14449,tr
12963,es
23611,en
617,tl
1914,es
28398,sv
33735,de
9723,af
32967,pt
13978,it
6058,id
14263,tl
27860,nl
3589,es
13176,en
16707,fr
27100,nl
7650,id
15565,it
23406,fr
33507,id
26644,nl
30674,id
9148,af
27909,tl
32540,tr
1632,it
4257,sv
2012,de
3330,de
5946,tl
13639,af
7341,de
9464,pt
21782,tr
5086,en
30161,pt
4284,es
16553,de
3042,en
12434,fr
11001,tr
25630,tr
7265,de
214,it
17116,es
14609,af
7271,pt
24879,fr
29407,it
22841,en
5091,pt
31648,es
18209,es
31922,sv
12459,tl
22414,tr
2004,tr
35391,tr
11623,en
3922,it
10849,tl
11622,fr
19724,tl
8018,sv
32040,id
24837,it
28603,tl
6964,tl
21150,tr
3251,nl
14772,tl
28656,it
32190,fr
16239,it
25951,tl
3455,sv
17807,af
16322,fr
33267,nl
25976,de
20736,it
19057,tl
6167,it
4181,fr
4794,nl
8128,fr
3464,fr
28674,id
3834,sv
4050,en
34502,nl
25745,tr
25557,id
18639,tl
35614,af
30186,en
7597,es
16578,tr
21874,sv
34478,id
4753,tl
13847,af
19319,tl
13326,en
3762,it
6644,tl
22049,nl
18071,af
28323,it
10927,id
30577,nl
17979,en
26927,tr
14330,sv
2274,it
11403,es
18878,id
2795,sv
16537,tl
21822,pt
2840,de
22715,de
35090,af
30691,pt
6005,tr
30301,en
10967,tr
17941,pt
1047,it
15440,nl
22583,pt
17846,af
9858,nl
19773,tl
14385,en
24929,it
24954,nl
2978,tl
28203,sv
22787,tl
21386,fr
11217,pt
9021,it
17608,tr
30751,id
14649,es
25493,id
2900,id
5083,id
16609,pt
31403,tr
22258,af
8416,id
13234,pt
32148,fr
11956,en
12017,en
16596,de
7637,id
11065,id
32442,es
7229,it
27455,de
2939,fr
16747,tr
23134,af
19988,tl
8815,pt
12762,en
13720,tl
20488,tr
17811,nl
22094,pt
7347,en
1176,sv
17968,es
8730,en
24004,tr
22182,id
33051,en
26201,it
1320,sv
8869,tl
11965,es
7351,sv
16576,it
4483,fr
31800,it
25699,fr
2273,it
31611,af
6954,pt
22028,sv
16528,de
16558,tl
25508,fr
32387,sv
15092,id
5565,nl
15210,es
33190,en
17698,tr
4398,fr
28684,nl
1184,es
15913,sv
21000,fr
29489,tr
13681,tr
4434,pt
10542,id
18580,fr
3626,es
2202,es
27189,tl
11159,af
11702,de
16981,pt
8360,es
13232,sv
9232,en
2674,tl
4749,tl
25575,id
14782,tr
20375,tr
16536,id
21226,sv
26427,af
34369,pt
10584,fr
25240,pt
20099,id
26117,pt
2135,tr
34659,tl
30537,nl
12979,en
27224,pt
12205,sv
1120,en
11238,tr
3409,tr
16860,en
23034,en
35351,it
13306,it
5112,fr
14980,sv
30453,fr
5350,pt
28794,fr
14738,sv
20111,it
26177,fr
19326,tr
27155,tr
25305,tl
10740,tl
16544,tr
19737,en
8032,af
2547,fr
9243,tr
5439,pt
27036,id
27195,id
8320,id
34182,id
11444,nl
836,fr
23472,en
19328,sv
21946,sv
6423,sv
26833,sv
30059,fr
9827,de
25223,id
16010,fr
33772,id
25956,pt
24483,es
7876,pt
29412,id
24498,es
1789,fr
5921,id
8910,de
16786,tr
9297,fr
6447,es
4382,tr
16242,es
30312,es
19413,nl
10006,en
4325,it
20028,tl
9588,fr
31887,pt
14723,af
18041,en
1566,it
13046,de
29414,it
14132,tr
15956,af
24811,tl
17625,af
24665,en
31641,it
28415,af
11456,tr
34640,sv
35670,sv
16011,af
28223,it
5746,sv
21418,nl
30619,fr
16220,id
10053,de
22317,id
14717,de
19519,tr
10963,id
27404,sv
11368,sv
27635,en
1149,es
11131,sv
6007,fr
2067,pt
16684,id
11050,nl
2257,tr
32503,fr
20765,sv
19332,sv
4052,pt
17122,it
20422,pt
12053,fr
18511,sv
30615,sv
20889,es
3335,de
33863,tl
26661,de
5058,it
15972,de
28555,es
9847,en
2565,id
4453,tr
30941,af
33117,sv
1846,tl
14899,it
16645,it
8282,tl
390,sv
15104,es
13394,id
1463,fr
23289,nl
31612,de
24461,id
6123,nl
32883,af
29469,it
4076,it
856,nl
26482,fr
35017,tl
31075,nl
29335,de
35594,fr
29368,af
28232,es
25568,it
11199,fr
7548,tl
698,it
30247,id
6127,sv
22011,de
8790,de
22779,it
11898,de
30903,af
14675,sv
35676,en
11936,es
2708,af
4091,pt
33332,id
13391,tl
27920,nl
14470,tr
4029,fr
13184,fr
7607,af
4364,sv
28715,tl
32089,af
2165,pt
18140,id
29660,id
3038,fr
12145,sv
25723,sv
17651,sv
9126,en
31964,tr
32498,nl
30599,sv
19028,fr
23699,nl
2255,af
12149,nl
29979,tl
2355,de
23751,sv
13705,pt
10857,nl
24534,fr
5310,id
5380,tr
1675,en
24899,fr
31449,tr
35061,tl
23798,en
11189,id
25136,sv
7003,id
17659,tr
12087,tr
10079,id
6913,nl
1876,tr
6817,tr
936,tr
15649,fr
83,en
27502,es
31287,it
34222,de
29275,tl
4336,nl
34874,tr
12802,es
2679,es
14081,tl
12667,id
12395,en
30189,af
25148,pt
26469,sv
28692,nl
13337,id
19954,de
17744,sv
22953,it
7772,en
27692,sv
26559,es
22635,pt
13923,af
3015,pt
26370,id
3161,es
18493,tl
13445,tl
2109,en
6072,de
6176,fr
15215,es
1666,pt
5097,de
26875,de
22578,de
27368,af
25406,af
21340,de
32151,sv
14406,pt
10265,sv
26752,pt
2584,fr
35129,fr
35167,tl
9720,en
17517,it
7311,id
13635,de
32139,fr
30732,en
16993,en
33457,pt
29755,de
13340,tl
27938,de
33283,pt
7192,nl
19465,tr
32571,de
27587,en
35144,pt
10336,pt
4289,nl
12647,nl
8270,af
20502,sv
16348,nl
11344,sv
26391,it
2585,pt
9024,de
30503,tl
17588,pt
4523,pt
20901,fr
1834,id
25780,tr
16143,af
31920,es
35125,id
6937,en
8865,it
35431,fr
24535,id
18953,de
4831,sv
2199,sv
3435,tl
6152,tl
6789,af
9405,nl
16403,af
10257,pt
28253,de
26394,fr
6566,fr
10873,sv
31617,en
3661,it
24305,en
30321,af
16781,fr
28241,es
1894,fr
32252,id
18839,tr
8338,sv
12388,en
20457,nl
27689,pt
11738,de
19199,it
24480,it
17694,tl
30852,de
14868,fr
7202,sv
11681,de
21773,it
6655,nl
19173,es
20515,es
14557,nl
16775,nl
9467,es
3551,fr
22128,pt
25457,nl
225,pt
30948,tr
27630,es
14546,tl
23731,pt
9103,it
32095,es
25862,it
1824,es
25144,tr
31085,it
21278,it
9257,pt
19939,nl
6435,pt
10895,de
13900,tl
34103,af
25307,id
8760,tl
711,de
16720,de
35303,id
20540,nl
12616,de
16488,fr
32557,af
22216,de
5402,tr
9976,id
13987,sv
11412,tr
2360,sv
31025,id
25303,id
14770,de
17276,pt
8264,af
25772,tr
13428,fr
33208,pt
27577,nl
9430,tl
19299,id
6714,it
32390,fr
22363,it
6448,tl
23809,af
13150,af
33676,sv
25934,af
20798,af
35576,tr
24746,es
32395,nl
20037,tl
30118,pt
7021,pt
10988,id
18442,en
26776,id
7092,it
5721,sv
25475,fr
17318,id
12295,tl
27359,fr
22986,tr
18035,id
10768,tl
12522,it
23305,sv
11019,sv
28134,pt
20753,tl
21352,tr
10198,af
28963,de
10570,it
29306,tl
25275,id
27725,id
10510,id
21040,en
1906,id
34733,tl
25484,nl
21026,nl
26802,tr
25222,af
9518,id
34646,pt
22633,fr
16419,af
4371,sv
33434,af
2921,af
32983,it
28183,it
3955,id
32940,pt
1843,tl
14706,id
8413,pt
9054,tr
34891,tl
21384,fr
9809,af
1903,id
18927,it
2531,tr
30898,tl
12606,es
25405,af
18141,en
31627,pt
14994,pt
18601,sv
4839,de
25316,id
14612,fr
22262,pt
8040,it
1468,sv
31566,es
14285,it
24190,fr
2731,fr
27712,af
31163,pt
28923,fr
19547,fr
31285,fr
4238,es
19114,sv
9679,de
33324,pt
5014,it
4470,tr
32771,en
19377,es
31252,fr
29853,de
34953,sv
31062,sv
27424,fr
10525,de
13818,fr
6584,it
20359,es
17518,id
14403,en
29981,en
16469,tr
9994,en
32427,en
19947,tl
4972,pt
25791,pt
4509,nl
14674,pt
18851,fr
24040,id
11365,de
11775,pt
9416,af
8667,es
29740,tr
4757,en
15239,nl
32057,sv
3850,af
9306,es
15359,nl
929,tr
15724,it
5272,fr
32204,tr
13395,tl
5258,tr
24406,es
32773,nl
2145,it
18776,es
9797,id
19853,en
25569,pt
23992,id
1222,en
2226,de
33355,tr
6512,nl
12013,it
34192,nl
11687,tl
13053,en
4474,nl
27901,es
28739,tl
6621,id
24442,af
35477,es
12300,es
34669,fr
10461,pt
5862,sv
6606,it
25183,tr
5508,tr
20738,tl
27201,pt
29162,af
28416,fr
27579,tl
32637,es
6214,af
34938,fr
8524,af
14072,sv
8063,fr
7230,pt
33119,nl
9865,nl
25543,sv
21392,de
15483,tr
31034,en
16217,id
27933,id
18430,pt
4728,nl
14241,it
4303,tr
25451,es
14638,tl
18519,pt
9157,nl
10685,sv
20109,pt
34665,pt
35063,nl
23638,tr
19009,de
19346,en
33322,pt
1850,sv
8184,tr
6620,pt
10911,it
8017,af
26273,tr
14003,id
6149,tl
14695,nl
26633,de
14009,de
14978,en
8314,tl
10867,id
2176,pt
13799,de
35072,de
30373,fr
21434,sv
19382,it
34160,af
21878,it
3646,pt
12170,pt
580,sv
22681,tr
3514,pt
33233,nl
3638,es
30771,fr
29261,tl
24856,af
31703,de
31429,tr
35558,pt
26789,it
32475,de
5977,en
12552,en
16421,pt
184,it
27713,af
12573,tl
20758,sv
35206,id
24356,nl
23902,it
14689,pt
12328,af
16498,nl
31334,de
11528,es
28492,pt
32621,id
2749,tl
34697,it
28115,tl
11223,af
24310,tl
30636,tr
23347,tl
5180,pt
24449,af
24947,fr
27070,fr
25479,tr
7587,fr
8601,tr
14253,es
5615,id
27438,it
24823,af
8797,it
21938,sv
8471,tr
35224,tr
409,tr
20287,nl
8619,nl
25616,de
33323,nl
32913,af
3193,tl
20548,en
7898,es
6134,tl
24465,tr
7931,de
25203,af
26220,es
20107,nl
17344,it
20139,fr
13412,pt
17863,fr
26289,tl
25311,id
3091,pt
906,fr
29241,pt
18631,tl
1708,de
20431,en
6843,id
22468,tl
12331,fr
22388,it
2213,pt
18771,tr
21217,de
4261,tl
14785,tr
24136,fr
20591,fr
25261,de
4530,sv
2246,pt
26869,es
8895,id
29990,tl
29115,de
17050,af
32586,it
34943,id
23828,en
24106,af
32468,fr
11429,tl
25067,af
32277,en
6677,it
28579,id
6284,af
28361,de
17102,sv
35662,it
7714,af
19821,en
32602,pt
9556,af
6037,id
6233,tl
4307,af
32331,af
4705,tr
31343,tl
13668,es
18111,fr
6754,tr
31292,id
13332,it
27347,af
1363,it
7566,tr
15871,fr
3745,en
7494,it
17292,it
2512,it
25904,it
12710,af
23443,it
15795,es
24181,en
15103,de
24052,en
346,id
16856,es
7803,en
25826,de
17750,pt
25435,nl
1082,tr
28982,af
5762,tr
28023,tl
20980,en
35555,tr
7444,tr
30000,tl
20304,tr
21626,tl
4714,pt
15963,tr
7283,es
16811,pt
8055,tr
11126,en
20940,id
8889,tr
6372,af
3325,it
21828,pt
3188,tr
11548,af
7249,id
375,id
34443,tr
26940,af
22168,sv
22606,pt
17632,tr
9104,pt
18115,fr
2562,es
19330,tr
19614,sv
2878,en
22459,af
34533,en
10196,pt
29285,tl
22417,id
34205,tr
2217,tr
34027,tl
34618,fr
29777,en
8732,sv
20356,en
22334,de
4024,tl
35597,sv
9368,tl
8187,en
1471,nl
26305,sv
4378,pt
10202,nl
26494,tr
33866,sv
20076,sv
32382,en
22909,tl
12786,tr
12822,pt
4634,sv
17465,nl
16780,en
21235,tr
6959,tr
32653,id
1076,it
13020,de
34684,de
19514,es
10743,af
28516,de
20521,it
14168,en
5355,es
7743,pt
9199,sv
17055,tr
31604,id
16310,tl
10667,sv
1771,de
27264,tl
25811,fr
34961,id
23865,de
8373,tl
2331,en
16154,es
18866,it
32902,nl
22591,es
9598,de
31603,es
24049,tl
9768,it
8705,tr
26477,af
16431,id
12536,af
15020,pt
24976,af
9370,de
13938,sv
7329,sv
4196,nl
26546,pt
17596,en
29433,pt
30386,fr
5172,en
4429,it
20161,tl
1502,fr
5485,de
1918,id
9624,es
31476,es
7817,de
24756,id
27320,af
6463,de
27505,fr
21260,af
32355,de
10437,af
13723,pt
33172,es
33126,tr
30263,tr
24572,it
1457,en
28091,pt
2238,es
13808,es
20748,af
2906,nl
28164,fr
31138,nl
16441,af
31515,pt
30590,af
8822,pt
17533,sv
16162,sv
29698,sv
18123,it
32707,de
8109,it
8394,de
9421,tl
14238,es
23306,sv
16308,nl
14291,es
13186,tr
23545,sv
3362,it
33823,it
7214,af
10376,de
4012,tl
26262,it
16053,tl
7672,pt
15366,af
3627,af
4173,tl
11341,id
26189,af
6001,pt
27519,de
32997,sv
3482,de
1949,tl
8252,it
25031,en
1297,id
28204,es
4783,en
7604,sv
22748,af
33742,tr
13034,nl
29730,en
32115,pt
25032,it
11911,nl
9533,sv
28856,de
7739,fr
10233,tl
15277,tr
7056,es
1972,tl
10946,it
26971,tl
5566,id
11943,en
6577,tl
6111,sv
9114,sv
33504,id
26710,sv
22529,nl
22944,it
17065,fr
27165,en
7591,id
5376,tr
18461,es
24762,af
27125,sv
4157,de
29614,af
16754,nl
17466,de
9516,tr
27763,af
31656,tr
16311,id
17539,id
4448,nl
332,pt
11896,sv
21261,id
4901,sv
21991,tl
22255,es
12772,de
35413,en
13858,de
7423,sv
16384,de
23960,tr
7963,pt
35055,it
3574,sv
30178,es
6949,id
31129,es
14488,en
32186,es
29926,sv
34967,sv
109,af
17762,nl
6740,en
33679,tl
10722,id
10497,es
3020,sv
14877,tr
35510,af
17953,fr
27782,tl
23245,es
17011,sv
19414,nl
32700,it
29955,tr
7466,id
439,nl
9231,id
6040,en
31493,nl
34455,fr
12737,id
12893,sv
16042,tr
35203,tl
4197,de
8636,es
31139,tr
24759,es
28147,tl
33733,en
34168,tl
33666,af
4612,id
883,en
30045,en
19921,pt
6800,de
17545,tl
21532,sv
6907,es
31004,es
10551,tl
18992,af
13946,de
25925,it
12309,en
2481,fr
35638,de
1032,sv
230,nl
23990,fr
26840,tl
10846,it
21802,pt
31799,sv
29980,it
10450,pt
34542,es
21138,en
26535,nl
23544,tr
14549,af
25552,it
16182,en
15397,en
12209,it
17339,tr
9577,tr
16896,tr
15539,tl
18031,sv
3373,af
15619,es
8117,de
15987,it
19777,de
7694,pt
15906,de
16836,de
19172,id
17488,de
6143,it
29532,nl
22619,tr
7361,en
2887,nl
33689,en
7153,tr
28789,fr
18959,it
7118,nl
15627,en
25567,en
31145,en
24473,fr
20385,it
3840,fr
33877,it
27631,de
2197,id
12269,en
19226,es
24526,de
12841,es
32326,id
9229,en
23477,tr
10994,it
6803,en
29229,en
4851,af
13805,pt
21514,es
553,es
29040,es
15390,tl
34407,tr
19877,es
530,it
25835,id
3816,id
29443,fr
13435,tr
5041,af
8327,de
32817,pt
18484,sv
26892,pt
34190,tr
3657,tl
5661,fr
10062,pt
12717,nl
32246,tl
31111,nl
23273,it
11786,nl
12681,it
15254,de
23824,en
19403,tl
21134,es
13568,de
15975,fr
1241,it
5579,fr
2454,en
32508,de
18520,en
31777,pt
33831,nl
12004,af
9517,nl
17029,tr
8331,af
14221,sv
21337,en
3081,it
24601,it
13097,id
31868,sv
8110,en
32188,es
14410,fr
18915,tr
13174,sv
5700,es
18392,tr
35527,pt
10108,en
29449,id
90,it
5473,sv
34995,it
30747,tr
29044,en
5927,it
229,nl
4824,en
30239,tl
9155,en
25849,af
34389,tl
5688,af
32529,nl
31070,tl
8711,fr
2828,tr
11895,pt
29320,nl
27064,es
25890,fr
7530,de
27953,tr
31811,id
1664,tr
30899,es
24411,id
12378,pt
2700,sv
2196,id
1220,id
25105,it
9052,sv
3483,de
2470,en
33984,tl
17626,id
26837,af
11331,fr
7921,it
14633,de
3008,en
12879,sv
20977,nl
17536,sv
17942,fr
20253,tr
28843,it
20712,de
5637,id
30983,id
30915,fr
26992,de
19741,es
13620,tl
19914,fr
8482,af
3154,pt
33207,af
2897,it
8379,id
20227,tr
11388,nl
3707,fr
35078,tl
6845,es
20657,de
22032,de
28759,it
15379,id
5315,id
15140,de
28986,tl
23593,nl
16666,en
14460,de
2769,en
35282,nl
8215,fr
15629,it
17196,tr
33220,sv
32359,af
31082,tr
10123,sv
2195,id
15436,de
32846,id
17914,tl
18284,tr
23577,tr
2909,es
26168,nl
29459,it
11305,fr
25408,nl
4741,nl
4148,pt
28213,fr
3001,de
23071,de
7078,de
2486,sv
33684,tr
9445,tr
20775,tl
4256,sv
15193,id
5632,en
8070,it
5303,it
8885,en
34816,pt
34392,de
32804,it
3848,de
20265,fr
16294,en
26858,af
13966,tr
24383,es
5322,it
10669,nl
22678,pt
24855,pt
33015,en
2692,nl
5398,tr
9133,id
12494,nl
27842,de
11014,tl
32714,de
16121,de
674,nl
6241,es
2996,nl
16988,id
1382,tl
1109,nl
27170,af
6380,it
17592,tr
29232,fr
9323,af
11122,tr
11549,tl
9712,de
1198,tr
16055,it
20084,sv
14204,nl
20475,tr
35292,id
17251,af
9850,af
29693,af
30420,sv
7330,tl
6243,nl
12060,sv
744,es
19685,en
2415,tl
130,nl
6181,en
19490,nl
26356,es
34720,it
33155,id
8139,af
22234,it
22454,es
4964,it
8287,sv
30895,es
10721,fr
29725,en
10069,pt
31567,es
5357,nl
23786,tr
21595,fr
11451,tr
29206,es
14177,it
1059,tr
32885,id
28257,af
9177,nl
22277,sv
27375,sv
29640,de
585,en
10356,id
27807,tl
35258,sv
2680,sv
29119,sv
19887,de
20908,es
33808,af
31935,de
4178,tr
23924,it
25139,af
27493,tl
33559,pt
8377,tl
32680,af
2572,tl
22943,af
455,en
11462,fr
14558,en
27135,es
25748,nl
8204,fr
25077,it
24077,tr
9341,nl
25727,af
14010,nl
18542,en
34725,pt
31581,en
34582,it
29733,fr
269,tl
19412,it
22321,id
17817,id
32839,af
2413,sv
24524,en
19870,tl
20310,es
20808,tl
21647,fr
33649,en
24154,pt
1589,tr
4882,tl
15302,af
9363,en
32068,id
30100,es
2155,fr
24237,de
17028,es
17288,tr
16046,it
34797,af
23597,id
25538,nl
9086,tr
5622,sv
6990,nl
21632,tl
8540,de
7581,en
19865,tr
20148,tl
13591,de
29978,nl
8497,id
26080,nl
4780,de
327,af
31321,de
3632,nl
27945,it
15469,fr
224,fr
31955,id
20456,en
25186,de
904,pt
22024,it
35337,af
34522,en
14035,nl
30591,en
6268,it
13048,fr
15008,id
28940,en
9668,fr
27506,tr
21202,de
34902,tl
11638,tr
2345,pt
3343,fr
35448,tl
9678,sv
11453,tr
4259,de
3990,en
255,tr
33026,fr
9968,it
2211,nl
30659,en
17868,en
21597,tr
14196,tl
17283,de
23303,de
24600,id
13267,pt
6559,en
26878,tr
34538,de
26643,af
35393,sv
10600,tr
35288,tr
5141,fr
2124,es
18256,de
32080,pt
35250,tr
27498,nl
2397,sv
10958,tl
3521,it
8817,tr
4934,tl
18824,de
24972,sv
6,nl
1393,pt
21247,tl
9129,es
26490,id
6962,pt
25018,pt
16336,tr
7138,tr
7057,sv
9172,af
9842,es
22541,de
16315,pt
14374,fr
10726,sv
21589,tr
12824,sv
20975,tr
22813,sv
23511,es
19965,id
615,es
8709,tl
9741,sv
12516,en
14982,pt
35077,tl
431,pt
4093,tl
7322,id
4473,es
8492,it
11233,de
2209,sv
22319,nl
26234,pt
22217,fr
14831,es
31250,es
34460,pt
33815,it
29915,de
388,fr
4309,tr
25534,sv
34728,it
2033,tl
14850,tl
2097,de
27286,es
9766,af
30219,id
12168,sv
20465,af
22069,de
10995,it
13725,pt
29919,de
26967,nl
1563,nl
29219,fr
3396,pt
5040,af
70,it
10394,pt
15904,sv
10311,pt
30973,de
10156,de
6673,tr
13624,id
12368,es
33020,af
26671,nl
24001,nl
17739,fr
17508,sv
4389,de
17756,tr
34159,fr
10370,pt
16238,it
22157,sv
3975,de
21531,nl
32982,es
13302,fr
32439,sv
2722,nl
4963,es
25241,pt
12944,tl
15751,nl
34800,en
16736,it
16388,id
22811,de
22390,nl
20116,sv
6787,id
2267,en
29989,es
24474,de
21318,it
15082,tr
667,es
14107,af
3523,af
19297,en
23705,it
597,id
23298,de
24868,en
3108,fr
12436,id
4667,id
34857,pt
3057,en
33876,nl
18179,nl
3277,tl
788,pt
8236,de
5784,tl
15309,en
25286,tl
5655,it
7975,en
19566,tl
26718,en
31098,fr
19385,af
25312,de
16029,de
19370,sv
32137,it
6497,nl
8467,af
7820,es
6398,pt
12148,it
18373,sv
30792,de
20066,af
24801,tl
5998,af
5106,sv
12077,fr
4501,fr
19300,tl
2673,tr
20172,de
23688,nl
29901,af
22540,de
3471,pt
13586,tr
5628,fr
12194,fr
34355,de
25530,tl
20773,tr
31344,it
13528,it
309,en
9409,pt
27594,nl
30391,en
24238,es
8763,es
14921,it
6345,tr
14829,pt
2294,de
33381,pt
18296,tl
23236,nl
4373,af
8041,tl
32394,tr
3080,en
8227,de
20206,tl
2591,de
34410,fr
35107,it
16689,nl
6014,tr
6335,id
23368,en
20983,sv
31460,id
22254,es
12135,af
25283,id
2522,es
5234,af
29590,fr
29806,pt
8787,tl
24260,pt
10215,fr
4993,en
19044,es
7121,pt
18793,tr
1024,af
9535,id
32854,tr
1975,nl
13956,pt
18177,af
2706,tl
2698,tl
22463,sv
30260,es
23853,tr
24472,en
24245,it
28881,sv
271,tl
16664,sv
29908,es
25682,tr
10201,pt
30932,pt
14722,nl
10637,tr
4764,tr
32871,nl
30182,tr
1074,pt
19743,en
1719,fr
9141,fr
7916,nl
10886,af
10889,es
16426,pt
22515,tr
17227,it
30630,es
31316,id
17772,sv
7209,tr
31100,en
16827,tr
31428,sv
9660,tr
29037,fr
5027,id
16741,tl
9841,en
34306,nl
27051,es
19477,tr
29380,fr
35000,it
17228,id
2353,af
21058,nl
20101,sv
5993,it
20553,af
26738,af
6009,it
13996,fr
17236,de
7539,es
6762,it
11534,es
23930,tr
9795,tl
11585,pt
13087,tr
26509,nl
12257,pt
17257,tl
11465,it
34033,sv
8639,pt
32060,af
13626,sv
30917,tl
15093,id
13533,es
12476,pt
18743,pt
13986,es
14848,es
20596,af
32486,en
24996,af
16014,es
28290,nl
17658,de
119,pt
28829,de
32174,fr
18700,pt
20324,tr
14442,tr
5925,en
15049,tl
20948,en
34963,fr
2815,nl
7188,tl
13001,id
11508,es
25236,tr
24250,id
3121,it
1450,id
31106,it
24261,fr
29578,id
32221,pt
15811,it
35180,de
2685,fr
10574,it
16691,it
22908,af
29720,pt
16539,tr
24200,tr
34473,sv
29164,fr
12048,en
13353,sv
14788,id
29125,af
30354,fr
21122,it
32362,tr
24979,fr
27942,es
30677,nl
10213,pt
33832,nl
35660,fr
13165,pt
6920,it
31529,sv
21038,tr
2606,sv
29401,sv
5635,tl
8887,tr
21381,id
14086,tl
22884,es
31087,fr
32652,pt
19851,sv
13663,tr
30341,nl
4899,tr
16372,sv
7689,it
20252,sv
16199,nl
3486,af
19340,it
28434,tr
8269,en
2658,af
26339,sv
30316,fr
24520,es
18503,af
33446,pt
3597,id
13922,es
4230,en
35383,pt
24497,tl
137,nl
5583,fr
20445,id
23432,en
2127,tl
29477,tl
31705,pt
6239,id
14693,nl
26575,tr
2986,tl
17414,sv
12085,fr
4750,id
9497,af
24202,de
17607,af
17683,tl
14026,es
9037,pt
32073,pt
31042,fr
10695,tr
955,tl
8460,tr
27970,tr
24030,pt
25035,tr
14512,es
30669,it
10747,tl
31592,id
10538,es
31148,nl
23589,en
34150,fr
17996,nl
23095,es
31501,de
27884,af
13483,pt
21286,de
2298,af
22611,en
17812,fr
19364,nl
6840,it
30335,nl
29555,sv
12567,nl
21224,de
13628,es
20128,fr
14216,en
9891,id
22893,sv
33092,id
27391,it
24112,tl
22207,fr
2172,tl
7727,fr
23152,tr
24324,es
12830,tl
10082,es
16573,nl
5695,af
16459,it
29759,af
28054,af
29805,fr
23183,af
30135,tr
5276,nl
20848,fr
6932,en
21922,it
15443,sv
244,nl
19347,en
2539,id
13711,en
27069,fr
27757,id
32727,it
19664,es
29239,id
31259,fr
31797,id
8410,de
12418,tl
6236,fr
8828,it
33411,de
10776,tl
13555,it
22599,en
34107,pt
18014,af
17854,it
7052,nl
19116,pt
21781,tl
5274,es
1147,es
3743,pt
12385,it
13642,fr
11799,fr
22885,de
20062,nl
1628,tl
12057,sv
28664,es
35202,id
10996,pt
2951,en
25954,de
30148,it
14176,sv
30687,af
2657,af
35436,tr
23320,de
11332,nl
23879,de
32964,tr
12477,de
23799,af
29734,nl
32239,af
8016,es
11407,af
30730,pt
2818,it
17975,id
13733,nl
21646,de
30744,de
27924,en
31824,it
29898,it
17262,af
4865,it
7825,fr
6872,it
19178,tr
34034,sv
21439,tr
27801,de
22835,sv
2850,fr
33171,pt
30456,fr
12501,tl
28242,tr
34042,pt
30309,af
29258,pt
693,sv
28924,en
5737,tr
22072,tl
32134,nl
15132,sv
31339,fr
27841,fr
31881,nl
35404,tr
31363,it
22650,tr
12327,pt
637,af
30425,tl
17551,tr
31755,id
2913,de
8950,en
28597,sv
33769,sv
19909,nl
12913,it
28929,sv
25714,pt
10635,tr
4746,tr
26708,fr
1329,en
33663,af
25213,sv
19722,fr
12009,sv
26968,it
9403,id
11263,pt
7949,tl
3137,fr
9726,tl
23622,sv
28506,af
25145,af
8005,es
16462,id
30427,pt
24447,tl
1461,sv
767,id
31314,pt
27642,tr
3918,nl
34230,es
34436,af
24616,en
21450,nl
1009,it
18837,id
8954,tl
5943,id
33384,es
10350,pt
32876,it
18786,tl
16208,fr
7267,pt
17323,tr
32185,id
5706,pt
35205,it
1226,tl
10648,nl
4214,id
1579,en
16034,de
31729,id
31697,af
5254,nl
26136,de
9716,nl
2557,af
33400,af
1501,af
31602,en
19672,es
29163,id
26387,es
18525,id
11837,fr
28525,id
21903,tl
22315,af
28040,pt
3621,es
18044,es
17459,en
12325,af
9482,en
5990,tl
33295,fr
29255,de
30862,pt
16267,fr
29343,fr
3946,es
16309,it
27698,id
8346,nl
15291,it
34591,sv
13226,tr
35528,pt
34084,pt
15024,af
4782,sv
29899,id
17358,it
6103,es
7925,af
10453,de
15190,fr
29703,id
20737,en
1029,de
13717,en
9361,af
1034,af
34065,en
265,sv
16625,en
4063,sv
24439,es
18159,tl
14465,pt
21188,tl
19995,de
7577,tl
3983,af
20125,tr
18009,tr
4918,it
26785,tr
31858,tl
35350,pt
10643,tl
25564,tl
12882,tl
2561,pt
28224,tr
25273,de
10055,tl
13093,tr
12774,tl
25622,fr
17195,tr
28127,it
34747,af
24212,tl
7815,pt
27656,tl
23610,id
17143,nl
16722,en
15939,tr
28786,de
35498,tl
3347,tl
6616,id
18294,it
8893,en
30413,tl
5744,af
16618,fr
18889,de
10116,tr
29824,af
30072,en
3923,es
33222,es
19084,it
21604,es
21142,es
20336,es
33131,id
35651,af
1089,de
21002,en
33209,sv
5577,nl
9384,it
2315,tr
24213,id
24061,id
261,en
2087,de
31644,tr
27394,id
9492,de
6534,pt
30047,de
9069,es
11564,es
2435,af
29082,de
1195,af
24160,id
25757,sv
27771,es
10865,pt
21702,af
19625,id
12749,fr
6479,nl
7532,tr
31333,tr
6969,af
961,it
3701,tr
14112,id
34405,en
19161,de
15714,tr
5407,fr
9483,sv
9936,id
35221,id
27400,pt
2040,nl
23502,en
17008,en
9393,id
18920,de
34710,sv
9125,af
12080,tl
10078,af
4547,de
27743,fr
26209,fr
9781,es
4021,fr
9934,pt
7890,tl
5825,nl
20879,tr
29141,it
8710,nl
15798,id
24147,tl
34172,nl
27270,id
8876,sv
3399,it
33537,id
7685,es
21789,en
17576,es
31961,id
31193,id
31496,it
27720,nl
19155,tr
24188,en
4179,nl
22310,tl
28802,de
4546,nl
33967,nl
30864,sv
22752,fr
27479,fr
9136,tl
35501,en
9923,de
6792,nl
32311,af
10991,sv
20656,nl
25377,sv
34920,de
33361,nl
25966,pt
15021,pt
25456,tr
18499,af
6311,fr
6329,en
14606,sv
25563,it
12754,af
12621,en
19218,pt
20402,es
3729,fr
29797,tr
11935,fr
5512,af
8503,pt
31902,nl
5228,tr
1369,fr
21624,en
9643,de
2949,fr
12748,pt
10293,it
35026,id
29069,it
5600,af
15378,it
29745,tl
3465,tl
5553,sv
8888,pt
21115,tr
18790,id
13060,id
22822,it
33855,id
31302,it
17208,tr
26613,sv
12694,tl
4098,it
5509,pt
19268,tr
19064,id
26053,tl
21043,es
1410,it
5752,sv
335,tr
33674,sv
27462,de
23578,nl
10405,tl
24814,it
13800,it
9998,nl
24107,tl
21005,pt
31352,de
10048,nl
10165,de
21454,af
8850,pt
1162,de
18087,de
13152,pt
28239,it
7101,it
19904,it
13693,es
1877,id
23628,es
24507,pt
13167,af
4763,fr
5798,nl
17653,fr
20247,id
8499,sv
28422,de
5837,fr
4046,af
22340,nl
14544,id
470,es
22104,es
23270,it
9451,tr
11404,af
27997,nl
11975,it
2337,en
22380,de
1205,nl
22164,fr
15776,sv
1968,nl
2374,fr
19527,tr
30976,id
4393,tl
5268,pt
12962,es
15198,tr
1626,tr
34479,de
2493,nl
29438,en
17447,it
32497,es
23626,nl
7049,tl
28764,tl
9589,en
33686,tr
17591,nl
26886,nl
16683,tr
8451,nl
23744,sv
30294,af
743,en
21899,pt
7805,pt
14280,it
14688,sv
29552,tr
35121,id
3945,tl
1893,af
18990,fr
28163,de
10531,af
32118,af
11870,tr
27514,tr
15165,pt
13934,nl
15950,en
27397,tl
14678,af
34038,de
9424,tl
19725,es
19158,pt
10067,tl
2441,sv
13834,de
21850,sv
13495,tr
17272,fr
1098,af
8118,af
33646,pt
14412,tr
653,es
27094,pt
6021,af
1661,af
8694,fr
31909,pt
15581,tr
28339,sv
25672,pt
18221,tl
30953,nl
29601,pt
18956,sv
3187,tr
21672,fr
5391,es
18404,fr
18888,pt
35542,tl
14814,es
176,en
25728,sv
13715,it
7976,es
11474,af
17556,tl
11855,sv
13182,it
16503,id
2793,de
2774,tl
9725,tr
24923,it
22652,tl
5894,id
33842,tl
4451,it
2363,es
34767,it
27281,sv
18027,de
33111,es
25254,it
226,sv
24654,en
6775,tr
18000,pt
27265,tl
6402,pt
5273,de
27274,nl
12746,sv
34493,fr
23823,en
23297,de
12033,en
18833,it
28282,tr
28062,it
33228,af
32699,fr
8162,tl
20931,es
11780,pt
34636,pt
13192,pt
3198,en
26854,tl
24295,it
33892,tr
33362,de
31519,de
10802,es
2894,de
1547,es
3467,en
5549,af
20831,af
32301,es
21072,tl
4563,af
26773,de
27751,tl
30461,af
30843,es
7446,tr
18260,fr
21309,nl
15903,nl
9593,pt
29808,es
26700,fr
33200,pt
31944,sv
13023,it
26515,sv
30939,nl
12679,de
32966,en
32820,af
18397,en
21733,af
20051,en
3690,tr
14504,tr
9960,tr
27848,tl
2260,pt
18176,nl
23863,it
4892,tr
12725,af
26271,pt
8547,en
23994,tr
26841,pt
34023,fr
14721,de
21679,tl
11190,de
5367,de
30854,it
26463,nl
19661,sv
14041,en
23551,sv
18530,es
27871,en
21183,tr
4745,es
16659,de
3685,it
5576,fr
34112,nl
18941,fr
1739,en
20750,fr
15706,it
20033,id
16534,de
11499,pt
17003,id
26125,fr
30168,tr
392,pt
2879,en
5011,tl
21096,af
19709,en
7284,af
24427,af
741,tr
15464,af
19654,it
22691,de
3387,nl
35632,pt
16763,es
33398,sv
25768,it
33807,tr
26342,tr
12486,id
8134,id
4005,it
31997,en
35139,nl
29773,it
26388,en
24390,tr
1075,pt
25560,nl
22400,en
91,tl
9942,af
20557,en
26754,fr
16499,de
33838,nl
17145,it
5297,en
24264,id
1415,es
19333,sv
17560,pt
14049,es
12971,tl
9613,pt
10362,id
6221,sv
33053,tl
19430,nl
2924,it
3689,sv
11047,fr
27356,nl
28565,tr
14416,af
1964,en
16930,it
9084,tl
33940,tl
880,es
35105,pt
20884,af
34134,pt
220,pt
9864,it
6026,en
6473,it
12620,af
15113,tr
17768,es
5671,pt
17154,nl
24933,it
20917,nl
5828,sv
25781,nl
30608,id
2517,de
2975,de
33773,de
31976,tr
27379,af
9687,id
12960,it
13523,tl
19946,af
24149,fr
12578,tl
10941,it
21927,it
30361,de
16717,fr
10020,de
1377,fr
24835,tr
15194,it
23169,en
25816,pt
7993,sv
24187,de
21052,it
21267,tr
33849,it
14192,en
17970,af
7777,sv
20200,pt
32731,tl
27363,nl
28673,tr
15865,tl
33972,fr
4211,en
10183,tl
3831,pt
31329,pt
17325,fr
3572,af
11550,id
29832,af
30510,nl
16870,tl
14635,de
10297,it
3879,sv
34934,tr
32197,pt
12917,id
31246,de
30049,en
26000,fr
30298,tr
13995,tl
14837,pt
5003,af
4628,id
27207,it
18309,de
11683,it
32286,fr
1141,fr
23722,tr
28799,de
8077,es
20747,es
7162,nl
35369,af
15944,tr
2762,nl
12413,en
4601,es
7368,id
677,nl
6271,de
3927,sv
27078,it
9468,sv
11624,nl
23214,pt
25758,af
23653,en
34633,pt
10455,it
31569,af
8142,en
18759,nl
29313,tl
34009,tr
9954,sv
1882,en
8949,pt
19924,pt
5783,id
8883,en
9447,de
20625,es
5387,sv
8256,pt
23550,de
12258,nl
13408,pt
5359,fr
768,es
10870,it
29886,af
12939,pt
27685,af
8352,sv
11651,de
35587,es
12733,pt
2750,sv
27565,es
30522,de
7096,pt
8420,tr
6363,de
14608,sv
2989,en
16363,id
25330,tr
8630,af
27727,it
21900,af
4716,de
25414,sv
8533,pt
29247,fr
34322,pt
9470,en
24724,af
34052,nl
10603,fr
31597,tr
23328,es
29211,fr
14217,es
24388,af
557,af
99,tr
24920,pt
13952,pt
31740,tr
9897,af
11355,tr
10750,en
22726,es
16040,fr
27449,es
32611,nl
34504,it
21638,sv
33436,nl
16858,nl
35001,de
5261,de
266,pt
15283,it
21403,it
19811,de
16214,sv
20821,fr
22543,af
2017,tr
13584,tl
19169,es
6466,id
26029,fr
10807,fr
22245,fr
1269,fr
6253,de
33043,it
15648,fr
23689,fr
31725,tr
5618,de
8579,tr
27616,it
11480,pt
18258,en
9699,fr
19788,it
28777,id
31388,af
26055,tl
7144,fr
27461,af
31618,id
3809,nl
32264,pt
3285,de
6697,it
7374,sv
9352,nl
7682,nl
4778,en
4037,fr
8056,af
17525,sv
3960,de
10507,id
23052,sv
32241,id
11254,pt
25799,tl
25221,nl
9820,id
31446,nl
24684,sv
23872,nl
32910,nl
14202,fr
18595,es
23565,pt
11961,id
2410,de
1689,tl
9314,es
30750,fr
1139,tr
13917,af
24191,tl
11613,tr
33768,es
30734,sv
33812,pt
27255,de
17393,de
17264,it
1726,es
19585,en
19770,fr
10287,tl
19176,tl
23426,de
20651,nl
10190,de
32830,tr
13682,it
19922,sv
2379,en
23416,nl
16041,de
14184,tl
9320,fr
13899,tr
12457,af
8717,fr
27949,nl
18864,de
18717,af
17529,tl
4836,de
8686,nl
17958,af
16151,fr
25870,pt
15018,af
26610,pt
15449,it
9168,en
22352,fr
779,fr
24817,de
17020,tr
32972,pt
6590,es
6023,tr
4608,tr
993,nl
34853,tl
11822,tl
24226,af
4107,tl
3858,tr
21428,pt
21662,af
34850,tl
26260,es
4582,pt
9398,fr
33201,fr
4708,pt
3358,sv
12321,tr
24008,de
34546,sv
32728,it
15243,en
33263,tr
27446,it
31938,es
9072,pt
16996,af
19680,id
13498,fr
32323,tr
2293,id
22668,nl
6634,sv
35311,tr
12626,pt
9885,tl
21405,id
14979,tl
10709,tr
24599,pt
3741,en
24819,fr
25337,fr
23723,nl
23659,fr
18325,tl
11890,de
26223,tl
17843,af
16146,id
4818,tr
24783,tr
28149,id
17938,es
22810,nl
26772,en
19230,id
26278,tl
25256,fr
6526,it
28671,it
4294,tr
22391,af
5223,pt
23657,tr
27974,pt
28622,en
23067,de
14588,it
22178,tl
22176,id
30640,sv
21837,sv
5253,id
18807,tl
430,nl
20500,tl
30020,tl
3317,tl
1681,id
13143,en
15268,de
16392,pt
28375,tl
31842,pt
18984,es
32112,tr
22852,en
19073,af
2178,it
2684,tl
4814,es
26666,sv
9854,en
5353,tl
33818,tl
5715,tr
4767,it
32944,it
35401,tr
14203,tl
7541,fr
22967,tl
24711,tl
14467,af
29793,it
26324,tr
33481,tl
18222,tr
33007,it
2060,en
3463,af
7005,af
1182,sv
4464,nl
32596,pt
10098,en
12871,pt
13160,en
897,sv
16861,en
10871,id
28184,en
1403,tl
26489,pt
29589,es
33851,af
25914,it
15980,it
5889,it
14847,tr
11788,pt
34597,en
13372,en
24247,tl
11790,tl
10811,id
30778,tr
34971,tr
21722,sv
34551,sv
17155,fr
23178,pt
6047,nl
13080,en
3738,es
21297,tr
14545,tr
10086,de
4027,tr
31562,fr
17064,en
16437,tr
26784,nl
28321,af
6560,fr
21029,en
4234,af
8214,nl
33951,it
12808,it
22569,it
28498,pt
25263,tl
15439,es
17330,tl
17093,en
34593,de
3478,af
27126,de
22510,tl
28191,fr
31054,tr
29033,en
33479,de
9978,en
9657,tr
6666,nl
6279,fr
27161,it
23780,tl
3326,en
3331,tr
12265,pt
17160,id
34304,fr
16377,sv
5323,es
10371,en
15953,en
28561,en
1094,fr
32690,de
21017,en
30672,fr
30944,pt
5754,en
12160,pt
5878,sv
22150,pt
15538,fr
16633,id
27735,fr
26980,pt
17902,tl
8967,de
1714,tl
8479,tl
24325,de
20291,de
23944,fr
3504,nl
30506,nl
25776,it
6545,en
32866,de
10239,fr
15257,de
17713,id
29741,tr
25224,tr
3559,nl
34624,nl
17259,fr
30942,tr
5533,de
32992,sv
5422,de
1318,en
20300,pt
19334,tl
2755,sv
8668,nl
23123,id
8229,af
1587,it
29529,fr
32861,fr
16776,tr
7554,es
7470,af
31743,af
13692,nl
23844,es
11982,af
17266,de
1816,it
30555,it
26541,fr
13238,fr
3934,tr
6027,de
5449,fr
10315,tr
4517,nl
12127,es
11224,id
19588,nl
31929,es
4055,id
1869,id
24315,de
4920,nl
6814,id
3706,fr
8273,sv
34453,id
13914,tr
17586,nl
29814,id
28886,tl
30382,fr
8654,it
23410,tr
34978,it
24850,de
34924,id
34191,de
13633,es
6836,es
24311,tl
35320,fr
13650,nl
14902,en
28875,tr
3920,de
4062,de
10629,af
2084,de
13366,fr
9074,fr
13083,sv
23022,en
736,tr
16007,en
4987,sv
26910,es
9216,de
29234,en
31132,fr
1800,es
32431,sv
977,tl
19836,pt
27358,tr
28546,tr
24402,es
35054,af
10121,tl
9423,en
25587,de
3592,tr
31185,de
22483,en
11492,tl
3887,it
31607,en
11062,tr
29570,es
5680,id
35440,de
437,pt
324,nl
32686,en
31623,it
29332,it
16894,pt
21620,de
28465,pt
12442,es
13343,af
3832,tl
29539,fr
14647,sv
20258,it
4049,it
17700,en
5145,sv
30873,pt
3369,en
10038,nl
26946,af
16532,nl
12553,es
24832,af
32998,es
25502,pt
34873,nl
21284,fr
27917,it
12222,af
19017,fr
2065,fr
17394,id
22486,it
10673,sv
32109,tr
10979,nl
12438,nl
11435,id
3678,de
30099,tr
30136,pt
7215,nl
1438,sv
15110,es
2627,fr
30891,it
7873,de
8978,pt
15527,tl
6972,it
23064,tr
4344,fr
10168,tl
19352,sv
21436,tr
25318,fr
7633,es
17248,fr
13493,tl
17964,sv
21588,tl
3349,it
17147,pt
32742,sv
24986,tr
31426,af
5246,sv
28376,tr
31588,pt
13851,en
26121,sv
29207,tr
15233,fr
12958,id
20307,fr
7679,tl
23415,de
3633,it
3272,it
32088,en
12347,sv
12289,nl
11843,tr
27377,id
28202,en
33795,id
24321,sv
2231,tr
32220,fr
2663,en
8994,tr
27671,pt
35215,it
16519,pt
26408,it
29758,tr
27048,pt
23896,it
22757,tr
4213,tr
4793,sv
562,pt
5392,id
794,nl
19744,pt
34358,tl
11155,tr
9963,nl
16305,tl
27055,pt
32255,sv
35076,sv
33549,tl
4925,en
34006,id
13405,en
35333,id
15227,pt
1931,tr
24208,it
34086,es
25465,it
26896,de
2478,de
20869,sv
5731,en
33431,tl
24889,sv
3895,af
3815,es
19860,sv
16135,pt
13669,af
13788,id
7486,nl
5698,pt
26717,id
18281,af
23292,pt
19238,de
22965,es
13285,de
3896,af
17094,es
33529,nl
7580,nl
6258,nl
13961,af
9278,id
594,de
15256,id
30281,nl
21463,af
12554,fr
30791,es
2035,nl
23058,pt
9426,tr
4789,nl
25289,de
13680,sv
18702,id
19079,tr
20807,tl
5046,en
10132,sv
15422,es
15923,sv
23327,fr
6162,es
10492,en
3109,nl
5151,en
8196,tr
15122,tr
16232,af
23507,it
18803,af
27219,sv
34386,id
11296,tl
26418,pt
28619,en
8951,tr
26669,es
35511,de
4317,en
20858,tr
28286,nl
26295,sv
22561,de
17803,de
20793,id
6648,tr
23395,sv
32756,fr
20096,en
26199,pt
28126,fr
7710,de
15300,pt
6636,en
8718,en
11409,id
17198,tr
9325,tr
11826,nl
8431,tr
11879,tr
26999,af
34243,pt
30708,en
22374,af
17054,nl
26264,en
10653,nl
32200,tr
2272,tl
2899,tr
31979,pt
12465,pt
12720,es
15329,fr
18983,tl
20575,pt
1514,tr
34678,pt
29727,af
6306,sv
31982,tl
26252,fr
8243,sv
30030,de
14823,nl
29448,de
33520,sv
25645,af
33386,de
11240,pt
21467,tl
32250,tl
18304,nl
10832,en
11960,tr
6107,nl
8452,tl
6794,de
11012,it
22506,sv
30855,sv
12201,it
472,sv
34709,af
11555,en
22399,pt
12564,it
5232,nl
18372,fr
1967,tr
6175,id
19127,de
22224,es
28261,es
11536,sv
33401,nl
15663,es
18361,id
29880,en
11044,tl
21351,it
30523,tr
30757,de
24956,es
25044,pt
6231,af
8669,af
11806,id
35370,it
6696,en
22755,tr
2297,nl
32701,tr
17907,de
13115,de
9108,id
5804,id
7309,it
27057,pt
30143,de
23296,id
29528,en
4415,fr
15806,en
11299,nl
30511,it
24753,es
2063,tr
9359,tl
5976,tr
33887,nl
23392,de
26107,en
26838,af
27269,es
222,pt
26296,it
3900,id
21393,sv
11251,de
21751,sv
31599,nl
4859,tr
27261,tl
10780,id
11572,de
1443,it
17295,de
5056,de
12125,de
11213,it
34915,af
28018,pt
31706,tl
10710,af
14734,tl
1913,af
28965,tl
18556,es
23122,af
12551,tl
30920,it
30124,sv
13904,en
15870,id
1522,sv
35297,sv
7827,tl
10989,af
23499,es
31984,tl
35352,af
4134,af
2438,pt
26816,af
28570,id
19136,en
24912,it
11728,fr
14367,id
746,pt
20986,sv
11909,it
16328,nl
17974,af
25308,nl
23240,fr
9824,tr
23191,af
3817,de
18646,id
9067,tr
14758,pt
2452,es
5100,sv
31638,de
16203,id
10998,en
34064,de
17682,id
19606,pt
15509,fr
19767,fr
11902,pt
5755,af
2420,id
49,es
33377,en
21078,de
34305,tl
30740,af
2341,en
9058,pt
771,fr
3939,en
6596,tl
21269,de
25400,pt
9505,af
24249,pt
30397,de
1323,fr
21279,nl
25248,sv
26196,af
17277,af
17165,sv
32956,pt
4015,sv
25070,nl
10545,sv
15094,it
11711,nl
34846,sv
33730,tr
6778,es
9927,af
2760,it
14418,id
13120,it
5229,af
2037,fr
13215,af
12644,es
9319,en
30095,id
27708,pt
14436,nl
20352,nl
35025,id
26719,sv
6629,en
5015,af
6511,fr
33673,en
32092,fr
14988,pt
31565,pt
15810,af
7523,pt
1825,de
23721,sv
23612,es
19808,fr
22230,sv
11197,sv
22870,tr
11498,de
30429,en
3016,id
21592,de
26039,de
6652,fr
34990,fr
8044,sv
13539,en
796,af
32129,sv
23665,it
23859,en
25519,en
28173,tl
17062,id
30475,sv
13944,nl
12629,es
17250,fr
8350,nl
7707,nl
17172,it
20487,nl
6056,it
11279,tr
34965,de
11907,nl
30531,sv
20092,af
20636,de
11273,fr
1672,nl
3839,sv
21494,sv
19495,id
19027,af
661,sv
16579,sv
6187,tr
14804,fr
29998,pt
31994,fr
26178,tl
29807,af
30329,id
1004,fr
22302,pt
22415,it
30513,pt
5527,en
29951,fr
1158,en
22648,tr
17785,id
8747,af
29244,fr
20167,af
31444,tr
32322,af
6292,fr
20962,sv
33421,es
29008,de
25515,id
7510,nl
13948,en
1827,nl
17080,es
35414,pt
15098,tr
1189,id
8389,en
35235,fr
14699,id
32792,en
4682,sv
4543,it
34779,tr
25737,es
3444,nl
34993,tl
7268,it
19361,pt
33470,it
20621,nl
16888,sv
23601,af
5049,it
20381,es
34565,nl
2138,sv
10486,nl
32922,sv
18755,de
4921,tr
24347,tl
10,it
10610,tr
33099,en
9981,nl
31977,en
32897,de
1853,it
32561,id
29399,tr
4907,de
6730,tl
22500,nl
35387,en
8996,id
25015,nl
26037,id
21003,en
8384,de
6765,sv
11573,de
8030,es
8946,af
20368,fr
2323,id
29328,tl
24977,fr
13848,it
18322,nl
12935,es
25054,sv
8075,nl
7133,es
27205,tr
11708,id
2378,fr
12875,tl
1819,tl
25992,id
21241,id
4529,fr
7928,tl
21734,id
11636,id
7745,nl
30131,id
18145,en
31079,tr
20781,sv
25416,en
32260,pt
15985,de
3356,fr
26660,pt
20177,en
9249,en
19607,pt
15669,id
15937,it
31078,af
10421,sv
3262,nl
33040,en
9267,it
30177,af
3220,af
21578,tr
10546,sv
29361,pt
11100,it
22093,fr
29787,tl
33175,es
4967,tl
24700,sv
12604,es
24228,tr
13657,it
32032,tl
20203,id
20166,pt
26916,nl
9180,en
6771,es
26548,it
6196,af
23403,fr
6599,fr
24207,id
5792,en
9991,tr
31257,tl
15745,de
5020,it
22701,fr
13466,es
6751,it
23819,it
35043,af
29337,pt
35356,pt
31683,nl
7177,nl
24755,nl
10647,nl
31802,es
9478,es
15546,sv
19707,sv
19859,it
20668,id
2768,tl
18792,id
29581,fr
34858,af
15258,sv
11598,pt
3085,nl
35331,es
28471,tr
17587,tl
16090,fr
20138,it
10305,tl
23959,pt
19764,tl
13943,tl
2159,id
29277,de
6774,es
28691,sv
10173,fr
35075,id
23524,fr
31330,nl
13473,it
16701,it
7187,id
34954,af
13860,sv
23515,af
33671,sv
13819,de
17697,es
15808,de
22584,tl
14419,pt
32667,id
31547,es
6364,it
5580,tl
31751,tl
10469,tr
22887,sv
18132,en
34998,tl
15498,it
10921,en
19915,id
7512,af
2595,tr
27795,id
26759,tr
3651,nl
6302,de
17474,tr
30441,es
6174,id
15231,de
5588,it
20925,it
8325,tl
24197,af
19294,pt
19718,id
12002,tl
2972,af
23280,tl
11486,af
5123,tl
31889,nl
33285,es
25915,pt
4803,tl
13203,tr
32929,de
8531,af
13223,fr
3825,sv
76,fr
87,es
23625,de
16999,pt
28215,tl
23433,de
25891,de
35166,fr
31634,de
12398,en
7731,es
24853,sv
15070,tr
9434,af
2990,pt
11817,it
18492,fr
13323,fr
19518,en
35671,fr
4533,nl
33138,fr
35197,id
9992,fr
17705,tl
28247,tr
3865,de
27092,en
35348,nl
32097,pt
20512,pt
7960,tl
13059,it
22507,sv
10064,it
8000,it
852,fr
1129,en
31308,fr
21808,tl
30546,tl
6183,tl
3884,es
23936,de
27451,de
33885,tl
7409,pt
14037,en
9829,id
13157,tr
25491,tl
23070,de
24482,fr
4332,fr
316,tl
10228,nl
32894,de
5645,it
3609,en
4293,it
146,id
31032,es
7787,sv
10353,tr
2702,es
34503,nl
6464,en
12,id
32317,nl
10019,fr
19610,es
35650,tl
67,es
21972,tr
24936,it
169,en
125,nl
7222,es
9799,en
7717,id
23588,tr
25719,it
8094,pt
25006,sv
17010,fr
765,en
11583,pt
2558,af
13905,tl
13812,en
34127,es
25715,es
11488,tl
5992,af
5838,en
32083,tr
23741,pt
27948,es
786,fr
30776,it
2449,fr
10320,af
15446,en
16020,tr
28896,tl
34883,nl
27280,id
18292,en
28009,af
19532,tl
10004,tl
12676,af
16442,nl
24227,de
26028,de
165,de
30442,fr
4995,en
20391,af
4250,sv
25909,es
447,it
26219,en
2468,id
22077,id
27892,nl
11652,pt
7238,de
8576,id
35192,es
24915,nl
13036,es
28800,sv
31551,nl
27018,de
1040,id
12751,tl
32565,pt
5157,es
8315,tr
18058,de
9382,af
26531,nl
995,nl
16303,sv
7445,tr
20210,fr
6495,pt
25460,tr
31572,pt
6360,fr
20700,af
4298,es
30097,pt
1373,es
27031,fr
21385,de
16395,sv
22343,tr
15986,tl
4273,es
21915,it
8570,tr
7308,en
19682,en
2641,sv
28294,id
21129,nl
10323,sv
4295,es
32416,af
17146,sv
28008,de
6419,tr
24272,id
30858,fr
24662,en
12210,es
8087,tr
23458,tl
2632,tr
4324,fr
29622,id
4300,de
33213,pt
31003,fr
10235,tr
9756,tr
29487,af
10986,de
5652,en
13100,tl
33759,en
2094,en
6280,pt
25646,fr
22934,tr
20480,pt
29006,es
17112,nl
24859,pt
3145,id
14007,id
3177,tr
25438,it
34944,de
9640,id
28159,pt
31556,sv
17809,nl
13646,tl
6190,nl
10042,id
20105,tr
17349,nl
21821,pt
8726,de
5835,sv
26422,tl
12318,en
3344,tr
16928,tr
24573,en
3584,it
11544,fr
644,en
21759,fr
16621,pt
28113,pt
9973,id
26766,it
7555,de
3422,de
12422,en
21635,en
17962,es
35148,tl
32547,es
21074,en
9036,id
34704,nl
18003,fr
26291,tr
24266,tl
32726,en
18224,af
27009,es
1303,it
31489,sv
8356,tl
1812,it
12890,tl
8098,en
12664,de
11685,nl
29888,it
22162,es
9498,it
34726,af
35349,af
32741,pt
32194,af
28750,sv
477,sv
27759,tr
24593,af
4813,fr
14924,fr
29934,en
26624,id
2605,sv
33399,it
29310,tl
16698,de
16048,tl
26002,pt
17491,fr
1806,pt
26547,af
35625,es
33724,id
28541,fr
29547,id
7029,nl
13975,en
26631,tr
6074,id
10512,de
27395,fr
33483,fr
2528,af
33964,tr
28711,es
8716,tl
28280,it
9727,fr
32845,tl
35225,es
8472,de
35355,es
27088,fr
29222,af
28283,tr
27571,sv
12706,id
10688,es
22013,en
304,sv
29643,pt
4078,de
19419,tr
13382,it
27304,de
30274,es
1096,nl
19438,nl
35443,de
6761,de
27276,de
10498,pt
18544,tr
5930,pt
5648,es
16102,tr
1585,en
1862,tl
31886,en
17245,it
13984,tr
31120,pt
22096,en
30999,de
33010,de
31086,es
9778,tr
28760,af
3986,pt
5037,fr
1828,id
34844,tl
21152,sv
7068,es
27480,sv
6048,en
30818,it
11527,tr
34905,it
23166,pt
6455,de
20704,nl
26962,fr
33667,it
4236,tl
6788,en
14094,en
16911,id
14478,sv
24172,pt
8198,id
30489,tl
7372,id
74,it
13520,tr
20970,sv
11835,id
9124,sv
24064,es
33523,fr
8024,af
23161,en
1036,en
5243,af
20581,tr
10328,tr
10939,es
32721,tl
8738,tr
28074,es
28635,tr
5568,it
26820,af
27549,pt
29428,pt
5482,tr
34170,es
22365,tl
28521,sv
17045,es
25786,fr
6828,en
18678,sv
18152,nl
13257,pt
27163,en
7145,af
25730,af
2392,it
18423,af
33729,nl
15355,tr
1788,tr
12456,tl
13311,it
29874,de
20154,fr
32682,sv
760,id
6062,sv
30173,es
31761,fr
24349,it
6998,af
20467,fr
22603,af
5286,it
20162,fr
28820,nl
6721,it
31996,en
6184,tl
28537,sv
27817,af
3807,id
1311,nl
30092,id
30029,fr
34966,it
33211,fr
25059,it
34313,tr
31408,pt
690,es
4343,pt
9469,pt
20926,tr
2328,id
10684,nl
27097,tl
24858,tl
4141,en
3531,id
29132,pt
7085,pt
29641,it
20263,nl
2412,tl
917,de
16937,tr
20972,en
32577,nl
12627,af
12062,en
26119,en
1336,it
6353,nl
16110,sv
14793,tr
20906,nl
30701,tl
23915,en
19732,sv
32224,de
6852,pt
8704,af
29189,en
30605,sv
7122,nl
29991,pt
16095,it
29879,pt
23077,nl
16126,tl
9521,id
33873,tl
16089,nl
15342,en
35341,id
20459,tr
5914,de
22670,nl
11593,nl
30617,nl
18127,es
14703,fr
262,nl
4113,it
2312,es
1518,id
13478,it
27913,tr
16575,de
5727,af
10030,fr
8103,af
31505,pt
2594,en
7871,sv
29474,id
1245,tl
24243,en
14473,tr
8260,id
33524,nl
12961,id
9102,id
27880,nl
6251,tr
24693,en
20969,de
33665,pt
14313,fr
11781,pt
13025,tr
8572,tl
4450,tr
28882,sv
12140,id
19880,nl
1260,es
31557,tr
8414,id
9051,tl
25602,id
33715,de
10852,en
28367,nl
9286,pt
10119,es
26381,en
3061,de
15592,tl
338,tr
21106,es
1655,tr
8739,sv
7071,id
28338,de
16130,tr
18704,sv
26270,nl
8861,sv
25793,tr
5606,de
19636,it
8112,fr
11212,sv
9205,es
24624,id
13724,sv
1701,pt
28270,tr
27296,pt
30302,af
26031,sv
13730,it
8208,en
14943,tl
1464,id
22029,pt
32797,de
3430,tl
8304,de
24039,pt
7125,tl
30073,en
8490,nl
21424,sv
32549,id
8558,af
20343,pt
27465,tr
34467,sv
29479,nl
9389,it
6122,it
1880,tl
30345,es
30698,en
23566,fr
3587,nl
24013,tl
22175,tr
20726,it
20308,it
25753,tl
25482,pt
31867,nl
15602,af
16093,pt
11923,nl
11948,it
18937,af
33125,en
10452,af
2896,de
22272,nl
17610,af
2161,tl
2322,de
20103,nl
9477,tl
34752,id
22716,tr
26051,it
22871,en
4125,af
18707,id
34775,en
19184,it
14469,id
20950,af
6472,sv
29173,sv
6324,fr
13348,it
19220,fr
5613,sv
10585,it
35229,af
1946,pt
25373,it
12618,tr
15418,tl
16723,fr
26611,af
10595,es
29860,id
18689,it
4905,fr
14951,en
30609,en
13321,fr
18613,tr
31347,es
29292,nl
23037,en
21605,de
8505,tr
6866,es
11621,tr
4103,af
30904,it
2167,en
23234,es
14207,tr
27780,af
23399,es
15117,tl
22200,nl
9810,af
23015,tl
31262,id
12852,tr
20025,en
6277,pt
33054,en
22961,pt
7567,it
3491,id
5076,id
32081,id
9256,id
5363,it
2462,fr
28042,af
27657,pt
21749,es
6203,af
4171,af
22592,tr
28645,tr
28306,af
1015,sv
15241,tl
14230,es
1642,tr
24833,af
15960,af
28932,fr
3662,it
22634,tl
16492,it
16229,pt
17114,es
30479,tr
9264,es
3961,it
7146,fr
13916,id
1722,de
24961,en
12063,it
6719,tl
11815,tr
2814,tr
31673,af
34602,nl
22605,it
33440,es
7866,tl
17113,id
14617,pt
25821,fr
5912,pt
35589,tr
24174,tl
24429,es
12777,tl
7977,fr
14048,af
7431,sv
29913,tr
30366,tr
8952,tl
5499,af
26603,tl
5765,sv
19963,sv
33969,it
18897,en
11027,pt
22204,it
35097,nl
26695,sv
33001,en
8166,tl
24091,af
29271,af
13981,en
31492,sv
31022,tr
16177,es
12759,es
12849,af
30880,id
21714,id
16964,tr
23862,es
18636,id
21567,pt
732,sv
9937,en
24744,es
61,pt
19831,it
35131,de
29948,it
30906,pt
33522,tr
27960,es
26163,sv
1191,en
12146,tl
18929,id
21776,af
24575,pt
33600,id
19768,de
24585,id
34376,tr
25759,de
22544,sv
32418,nl
14474,af
10520,af
33889,af
9345,en
19956,tl
4583,af
31491,sv
1416,af
18882,en
18201,id
1080,pt
34956,de
16389,tr
1748,af
20757,es
27191,tr
11335,pt
21805,sv
15201,af
18061,tl
13750,fr
12999,sv
34904,es
4614,fr
2551,nl
17898,tl
31438,af
14748,fr
22881,nl
17319,af
14348,it
16001,af
13786,id
30437,tl
5571,nl
5696,it
32000,nl
12001,tl
28946,af
28675,af
31758,fr
21615,it
13857,pt
7474,id
23986,tr
27392,af
30575,fr
7137,id
33137,it
4088,pt
29679,pt
35631,es
18426,tr
452,es
1760,en
34259,en
22688,sv
16341,af
31934,tr
11285,tr
7500,nl
24536,fr
4330,tl
26447,tl
7226,en
8369,tl
3748,tr
601,af
17787,en
21480,it
15054,en
5038,pt
16405,sv
28977,it
30656,en
33000,de
30573,es
27969,nl
28712,it
12191,es
15172,nl
34545,it
27017,en
26480,id
27171,de
4469,af
968,de
18278,pt
26092,fr
2839,fr
29170,af
21445,sv
7183,tr
4802,es
23704,id
8629,de
31448,nl
404,pt
23791,id
31268,fr
8295,nl
26517,id
35548,it
24096,sv
3534,nl
5420,af
31271,pt
23062,nl
25938,it
25476,de
3244,af
26415,nl
8530,pt
32189,it
2464,af
11472,nl
28050,pt
5547,es
21852,tr
859,tl
11308,es
30632,it
13195,af
11104,it
15779,sv
2007,tl
16509,pt
6476,sv
18869,nl
15223,de
34265,it
32600,en
10943,tl
28034,tr
25846,id
9463,af
21763,de
14480,id
20577,pt
12014,af
12580,nl
6905,tl
30803,de
21926,en
32001,en
18991,en
19180,en
13401,pt
17218,id
23664,af
23187,nl
32402,fr
13265,af
25806,nl
10174,it
7895,it
19513,de
12828,it
13507,id
12302,it
6779,it
20923,es
5142,fr
31647,fr
35336,es
21890,pt
26286,sv
10050,id
28356,fr
27231,pt
7159,nl
26470,it
1299,sv
32195,pt
8172,nl
22,nl
2776,tl
13441,af
26626,id
26787,de
12466,tl
19034,en
18637,sv
9143,tr
29512,nl
27878,nl
141,es
783,af
30543,tl
14694,nl
33302,pt
17798,tr
1284,af
25080,en
4064,it
21310,en
20595,tr
26900,es
8317,id
2416,en
26763,tr
18379,sv
30115,tr
30837,tr
29756,es
19287,sv
11007,nl
16085,it
18925,de
27589,nl
18329,af
16111,tl
13690,tl
12615,it
15101,af
116,id
6386,af
7041,es
20882,nl
5285,es
16833,it
19362,es
34015,it
18143,tr
14054,en
7511,af
8388,pt
12052,en
32685,tr
10435,af
2945,it
3485,tl
6541,de
20329,id
20043,id
27074,es
23119,tl
996,tl
18323,nl
22588,tr
26599,af
11507,af
12367,it
30770,de
15002,en
31044,id
27559,tl
34984,pt
30159,en
19,id
21425,nl
12505,tl
15387,es
14390,tr
8527,fr
34745,it
15707,id
35673,tr
20448,es
28139,it
2837,it
31748,es
25386,af
19085,en
14019,de
30916,af
25250,pt
6578,pt
25861,it
9825,es
30946,tl
5831,pt
13998,sv
8050,id
31480,af
1678,id
11181,id
14370,tl
2886,pt
5799,id
27889,it
9575,sv
2407,en
32718,sv
29810,pt
8603,af
13204,pt
14050,af
33657,de
12381,nl
27568,tr
24257,af
17204,en
23783,es
730,tr
8855,nl
30272,fr
34346,tr
23861,tl
10237,af
28379,it
16726,de
5459,pt
22994,pt
13654,es
1510,tr
11563,es
25004,tr
35433,tr
23877,en
2811,af
16461,en
34419,en
15225,tr
33101,it
18214,nl
992,pt
1956,fr
10533,es
19884,fr
25288,de
307,en
12237,af
16950,pt
20543,id
28140,fr
22683,af
19056,sv
15240,id
19868,tl
28485,nl
32213,en
8773,de
10104,pt
6812,tr
22271,de
20000,tl
18834,sv
17188,af
14264,es
24513,af
26870,nl
6032,sv
159,tl
6906,de
31219,nl
2077,pt
24874,sv
29663,id
22981,sv
13919,nl
23864,tl
9462,tr
27721,id
16693,en
19052,nl
25428,af
8846,es
17620,pt
9559,sv
34232,nl
9007,de
21762,it
14156,pt
568,sv
20384,fr
858,it
9188,en
13879,sv
19262,tl
1027,en
7918,es
13960,tl
5708,sv
9489,af
3488,en
14128,es
2258,af
1313,de
13684,sv
35447,es
2931,nl
1424,pt
8691,es
24897,de
28393,es
13431,tr
1361,tr
18462,de
25606,de
21661,tl
2751,id
18369,it
3852,id
21186,tr
5269,id
1097,tl
28730,af
465,de
3593,af
31052,nl
3966,pt
12054,id
31890,it
22491,en
20412,fr
17057,sv
17837,tr
26193,it
18252,af
10445,es
23063,tr
22434,id
16584,de
27314,sv
28507,id
12172,pt
14174,es
19462,sv
11096,sv
15790,af
32889,es
33186,es
1134,af
25638,fr
26312,it
21453,tl
12115,af
10130,en
5788,es
33456,de
14194,de
20115,tl
12446,nl
10767,en
8043,id
22958,tr
30816,af
32098,tr
13545,fr
24765,sv
25763,id
9986,de
18102,pt
31346,pt
19436,tr
31249,fr
17722,tr
3241,tl
34344,tr
12547,tl
4748,de
23203,it
12946,en
19864,id
24051,en
18849,fr
21600,es
35600,id
25455,es
25473,fr
11924,it
33900,pt
27137,sv
21285,it
16903,nl
25760,fr
30400,es
22758,de
29041,fr
26334,nl
23623,sv
16814,af
24921,tr
19730,nl
25321,tl
11929,tr
20106,tl
27352,af
11804,en
34595,tr
34238,de
8091,nl
15859,de
26216,es
29061,tl
27619,tl
2092,af
26327,de
14901,pt
17359,fr
12758,id
2173,en
11035,fr
2720,es
33846,tr
7457,pt
35640,id
9277,de
32318,sv
5374,id
15608,id
25108,id
15979,de
17833,es
21440,it
31370,sv
32663,fr
2983,en
5252,it
21250,fr
15442,it
14540,nl
11125,fr
34223,af
21550,id
13007,fr
3449,tl
8944,es
32410,de
27068,fr
30621,nl
22131,de
11084,af
370,en
20837,tr
15286,id
35578,af
10938,tr
5382,af
22371,id
13172,pt
17177,it
12782,en
2611,fr
11505,es
30215,es
9158,en
991,nl
19455,tr
5811,tl
997,es
32459,tl
9001,sv
29639,tl
8903,nl
18150,nl
16676,pt
23580,pt
17669,it
24233,de
18633,en
2761,id
28272,es
12294,nl
35246,it
17885,tr
20495,sv
28956,fr
20443,tr
12612,tl
3552,tr
21007,tl
23674,sv
18355,pt
8735,sv
9510,en
675,af
33615,de
6945,fr
34269,sv
26174,fr
33374,sv
29952,es
10465,id
32398,pt
29851,it
18569,it
2365,tl
14446,tl
16448,af
25324,tl
33906,tr
12406,pt
14853,de
23281,de
27473,fr
34679,tl
20673,tr
6614,af
13816,tr
24774,tr
31010,tl
15365,pt
1845,en
31068,tr
31247,de
25820,es
34562,sv
13745,id
153,en
25,nl
9196,fr
24242,pt
24086,tl
6341,de
31373,tl
7849,id
30081,es
7848,af
19318,nl
28100,id
3112,sv
13546,af
10521,id
12409,en
9605,fr
7662,pt
171,af
34121,it
23948,tr
31195,sv
25620,tr
2671,es
30098,tl
19456,en
25906,pt
27366,tl
10380,sv
2482,it
7568,de
22531,pt
35267,it
6931,tl
9353,de
15696,it
2876,pt
14288,sv
10187,it
22344,fr
9313,en
18414,af
31469,pt
7796,pt
1107,sv
7232,pt
17486,fr
8248,pt
16804,fr
24016,nl
34713,en
31301,de
19051,af
15801,en
18885,nl
20987,it
25770,sv
18946,tr
18566,nl
4536,nl
2302,sv
19464,de
11163,tl
19035,sv
13655,fr
17933,tr
35176,af
21452,es
12970,de
35566,tr
17213,pt
16307,pt
5605,af
20814,es
27659,id
2350,id
4252,en
16865,id
23237,es
33066,sv
1137,it
13610,en
30796,de
5092,de
20414,de
31539,de
2845,af
6570,it
1023,tl
21061,af
29103,es
27653,pt
21357,sv
19476,tl
5952,sv
32729,af
12478,sv
27859,pt
33272,id
35251,fr
31398,tl
189,nl
21678,tr
6654,af
2705,fr
20257,de
10169,tr
17838,af
32541,es
12692,it
27508,af
29038,tr
6912,af
28839,tr
24215,af
6109,id
34216,en
2357,tr
29314,es
19142,nl
7915,id
31440,sv
19120,af
19576,pt
12037,pt
35280,en
24792,nl
7816,nl
29496,sv
26019,es
9501,it
11101,tr
35454,af
6121,es
1358,sv
17297,sv
2303,sv
10046,nl
32348,es
25561,de
29447,tr
22039,nl
31766,it
24960,en
16523,pt
2957,af
12099,tr
7002,tr
30478,it
23184,de
23895,it
34401,nl
19671,en
106,sv
17566,pt
3969,es
3982,tr
12360,pt
27609,fr
25594,af
34603,id
11428,nl
30849,tl
1920,pt
3754,en
24571,fr
13706,it
23555,nl
16237,id
24454,fr
18757,it
25448,id
22587,id
2916,de
6657,id
25039,fr
19975,en
7083,nl
5816,fr
3201,tr
17056,nl
28412,id
9130,en
8036,de
29240,nl
26443,es
7713,pt
12596,pt
25173,it
3164,id
4683,tr
7171,en
22154,it
23304,af
8046,id
8181,tl
25503,sv
28014,de
13279,tr
23487,fr
20015,nl
6117,sv
35573,en
7855,id
4219,es
15750,nl
13171,id
19251,sv
32533,af
6347,en
16335,de
33728,id
31151,sv
20829,nl
27390,pt
9944,nl
34838,tr
10261,nl
35173,af
8620,tl
20608,en
17392,af
13933,sv
15814,nl
10008,en
30509,id
1981,it
21179,af
32864,en
18581,es
7102,de
30460,sv
10250,tr
4945,en
22818,es
13286,tr
17399,en
30158,pt
11672,id
10514,it
23133,de
6135,sv
32899,de
10692,sv
23794,af
19253,tr
29778,it
29419,sv
15655,fr
28102,af
12674,it
6825,af
1992,pt
20910,af
17322,es
27026,es
7945,id
5827,it
3604,es
1013,nl
19459,af
34683,pt
23845,nl
30840,tr
24217,en
14447,fr
20031,pt
13335,tl
13505,de
27661,de
5903,nl
9437,de
9708,tl
9664,it
25918,fr
18242,es
29435,tr
31893,fr
305,nl
34353,en
545,en
19952,it
5769,de
10087,es
32297,tr
4255,af
16743,pt
33923,it
6210,nl
11123,af
25113,es
26483,fr
5360,af
31625,id
2342,tl
13710,tr
14570,pt
330,pt
34354,sv
3625,sv
12093,it
12498,en
32995,fr
26662,pt
95,af
13780,en
20997,nl
33308,it
28322,nl
29892,pt
28248,tr
33321,tr
965,sv
10675,nl
24716,tr
12682,en
32856,it
26465,pt
32383,es
2542,it
25340,af
7233,tr
2960,tl
14105,fr
33282,de
13577,pt
32656,it
11603,pt
11425,nl
30170,sv
16334,af
8300,it
34256,es
16037,id
17089,sv
5471,tl
7191,tl
31794,sv
1177,af
6342,tl
15679,sv
31332,de
12583,it
19420,de
11512,pt
6396,sv
31662,tl
10640,sv
34979,es
35304,es
20894,sv
33672,tr
31382,nl
17649,it
13421,af
33999,es
27106,fr
28305,es
23639,es
26817,sv
14599,it
24346,tl
34609,es
16116,fr
26865,sv
8397,id
30933,de
35245,fr
2224,af
20158,id
21220,en
2615,nl
8057,tr
32105,tl
33325,af
30218,pt
23572,tr
834,id
16261,id
12985,af
4465,es
7498,it
22484,af
20854,tr
14279,af
5532,it
26678,pt
7878,pt
18340,af
19787,tl
24176,de
8909,es
12100,tl
17301,tl
19739,af
5462,en
24203,nl
19478,af
16992,id
20681,af
27024,de
9925,es
3155,fr
8461,en
31045,pt
32128,es
15480,af
3181,en
9322,sv
31509,fr
8138,tr
30724,sv
5019,af
34881,pt
23836,en
22882,fr
34761,sv
300,es
23663,nl
1957,pt
32015,tr
26769,id
17464,de
4002,fr
28428,de
8517,en
25467,it
25593,af
26506,af
31680,fr
10544,de
2010,sv
19611,fr
12947,nl
6045,id
30368,es
1768,af
24751,sv
17623,de
24809,sv
749,sv
15852,af
7070,tl
35138,pt
17350,nl
2151,tr
33260,fr
19434,tl
20151,id
1521,pt
4551,tr
4268,nl
15876,sv
31907,fr
17712,pt
14732,nl
2902,tr
25525,en
30965,nl
22062,af
2771,tr
32471,nl
3223,id
9439,en
3951,nl
19488,sv
20632,id
30051,it
18081,tl
10059,de
35494,en
20654,es
7683,en
23079,tr
9704,en
4433,tr
27406,id
5085,it
15450,fr
15739,id
3656,en
17718,tr
24902,tl
29112,sv
34327,af
22695,tl
32761,tr
21230,af
33042,es
12560,it
1620,en
10841,fr
22717,it
4243,en
9318,fr
11659,de
35434,de
18968,it
21395,it
14834,sv
18105,fr
15938,nl
8221,tl
34896,es
2799,id
30647,tl
9694,id
10918,af
10212,de
26796,de
7721,tr
7115,es
30448,fr
10061,pt
33437,sv
26047,nl
19224,es
35289,af
2712,pt
10413,it
197,id
29108,tl
6148,tl
28651,tl
7575,id
22525,it
15959,id
6275,id
13003,id
6480,af
20482,af
814,tr
22124,sv
33247,de
18703,en
4619,id
31666,af
33161,it
3424,pt
9650,af
3880,de
13644,sv
31,tr
25804,en
11094,es
1779,pt
18854,tr
33179,tr
10026,tr
6650,de
20797,sv
4087,tr
6601,nl
24448,pt
14110,tl
5674,de
5036,af
30348,tl
1117,tl
2901,en
5815,tr
1874,pt
15171,de
28752,it
1431,af
14133,es
3128,it
22980,pt
23007,fr
32965,id
3694,it
633,sv
8571,de
29638,tr
3209,it
29867,tr
27327,fr
12690,id
2746,id
17241,en
30923,fr
14136,pt
35110,it
17615,pt
30676,de
26159,fr
33100,id
32746,de
24717,id
22045,en
28258,nl
24331,tl
8851,id
10792,id
32535,sv
2485,fr
29136,de
3792,es
12608,nl
15598,nl
519,nl
9686,nl
6474,es
179,tl
32017,en
21404,af
29827,en
3787,de
33971,nl
16410,fr
1775,sv
21104,en
11085,en
28751,it
33312,tr
18775,fr
11850,nl
33278,tr
26018,fr
35071,it
27794,nl
25912,tl
30493,af
33613,af
5874,pt
29965,fr
20771,af
20322,id
21178,it
20578,tr
30561,tl
33820,tl
14619,es
17403,fr
10745,fr
9603,id
402,tl
25548,tl
27730,en
35021,en
13179,tl
7557,sv
29864,sv
3340,af
29637,en
13898,pt
24985,fr
25048,es
10909,af
10180,en
22834,it
21740,en
32433,nl
4381,tr
3805,id
34559,en
15791,fr
3376,pt
13924,en
624,tl
14096,tr
5233,es
7544,it
18047,tr
6017,af
22785,tr
2396,en
18602,es
6043,af
4569,fr
8685,tl
31730,fr
11267,id
3138,tl
33326,it
24452,tl
22012,fr
35087,en
26871,tr
16404,es
248,nl
16646,nl
3757,de
24538,es
14541,pt
11173,it
9763,en
32768,pt
21720,tr
27851,pt
12597,de
19440,es
10485,fr
30832,sv
9300,es
24255,de
28,fr
15271,sv
1479,tr
19779,nl
16058,pt
6641,tr
25691,es
1342,tl
27976,es
9502,af
13795,tr
31536,tl
24983,sv
18591,pt
22267,af
35382,it
27563,af
11854,id
11231,id
5448,fr
8108,tr
722,tr
12957,nl
13817,af
32210,fr
1554,es
18814,fr
13490,de
17820,tr
14964,tl
27981,tr
18002,af
21218,pt
3490,id
19822,id
5790,nl
24022,tl
7902,en
35038,id
8729,nl
28121,nl
23490,pt
24515,de
7737,fr
13027,tl
25341,fr
7339,nl
28157,id
32872,fr
31345,tr
24290,sv
31049,en
16737,it
31949,af
14084,pt
5010,af
14131,tr
24279,pt
19972,es
9350,af
18597,id
18103,id
11586,de
25325,id
17078,nl
29625,af
34120,it
24079,id
4811,tr
2787,nl
30455,id
933,es
24980,id
79,fr
34576,sv
2388,id
16876,es
18672,sv
21698,es
24501,sv
20174,it
2404,pt
14090,tl
19913,tl
8928,nl
12903,fr
7741,sv
29681,id
20522,nl
7421,pt
16651,nl
31376,tr
11851,fr
11858,id
6799,tr
33933,tr
19166,tr
17825,es
1782,af
15966,af
1891,it
34768,de
35328,af
19336,pt
21496,sv
23081,fr
15084,af
34717,fr
33291,sv
21666,fr
12729,af
35079,id
22679,es
22575,tl
23282,tl
22538,nl
11818,tr
8421,id
31094,en
8396,it
33113,nl
11955,it
13873,es
494,pt
10211,tr
27869,id
16023,tr
19144,af
9214,fr
6303,es
18787,it
13760,id
34999,en
25504,en
27032,tr
28201,fr
22179,es
25071,es
32909,id
7404,sv
24304,nl
26362,es
1581,tr
30402,nl
32556,af
5881,es
34630,en
7781,nl
32800,sv
33407,en
29667,pt
4404,en
28060,af
6558,de
16147,af
6704,sv
5594,id
30761,fr
9784,af
15235,sv
3506,pt
2105,fr
17952,tl
21778,af
27342,nl
35658,en
26335,fr
17590,tr
6598,fr
9980,sv
4118,it
32575,es
14273,af
8182,en
19967,en
29963,af
34516,en
32353,sv
9939,de
8916,nl
7495,tl
32329,it
22354,de
1202,id
23082,nl
21345,de
3162,tl
11113,it
9292,sv
3110,it
34312,nl
23894,sv
34450,en
32366,es
11525,pt
18422,pt
35023,fr
3496,tr
28835,tr
8013,de
28609,tr
33669,de
7182,it
34373,tl
18480,de
23036,nl
11479,it
19342,af
9500,tl
10420,tl
19058,de
33357,nl
9630,pt
9119,tr
5325,sv
2075,it
34090,pt
16943,tr
7169,nl
26780,en
9620,tl
34959,es
33637,pt
29975,de
6911,it
5559,id
20221,it
29514,de
22046,tr
12918,pt
22573,tl
2747,sv
7917,tl
6071,es
7261,pt
22769,pt
21243,pt
13583,tr
4276,fr
18831,tr
27422,en
17389,sv
34391,es
18982,tl
35492,nl
16740,es
26206,pt
31767,de
5454,id
26680,pt
15028,it
8600,af
32692,nl
23858,fr
15794,af
739,en
7205,id
28930,it
10558,en
705,fr
20832,tl
1764,de
5503,tr
14574,tr
27168,it
13913,tr
16025,it
26765,en
17274,id
18427,af
22227,id
14783,sv
23423,tr
16531,nl
20126,tl
3952,nl
1962,tl
25771,en
10251,en
9626,tl
20679,es
7996,en
9764,af
27624,fr
34912,af
30921,fr
978,af
27190,tr
1567,nl
30992,tl
29398,pt
10470,it
23538,pt
35669,fr
16825,pt
3908,nl
20856,nl
23927,id
15218,en
29631,tr
687,sv
14409,af
10131,en
30121,es
1413,nl
10252,en
23531,nl
34018,en
18206,pt
3328,tr
28496,es
26134,fr
30019,pt
33931,id
1494,en
35165,it
29031,it
29052,id
7018,af
14362,tr
25836,pt
7425,sv
17191,fr
14201,af
34701,fr
15137,af
17563,af
33835,it
11377,it
24668,sv
9062,tl
6125,en
11906,nl
24989,es
11629,tl
18799,es
2849,pt
29278,it
8074,es
24214,pt
23916,tl
7210,it
28819,fr
25819,it
20711,pt
32154,id
29654,af
26514,it
12904,pt
23912,es
5614,tr
35623,id
15075,en
29710,pt
28476,es
8698,pt
31093,de
9162,de
30104,id
32244,it
29291,tl
21849,tr
938,id
10216,tr
509,fr
16897,en
30050,nl
6227,pt
34510,sv
6070,tr
16881,de
12246,tr
29147,de
26713,tl
18223,sv
15409,af
16770,sv
29312,pt
29358,sv
12185,it
23596,nl
21617,tl
1756,nl
7072,nl
25003,tr
25732,en
33368,fr
35500,tl
6065,sv
12965,af
35029,sv
15184,fr
23929,tr
33764,fr
31380,tr
18509,af
19080,fr
28066,pt
29113,tr
29896,af
24738,nl
21374,sv
12891,pt
4981,af
33548,fr
33642,de
26936,sv
17504,tl
20728,tr
33464,en
5984,es
3232,tl
35175,es
13163,id
5295,sv
23266,nl
32484,it
21983,it
30986,pt
11092,tr
29682,en
17501,en
35056,it
17665,tr
15457,af
19054,es
27603,af
20199,pt
28353,nl
5284,sv
2139,nl
13312,de
4986,de
18788,pt
32443,tl
24504,tl
15836,sv
20675,fr
33624,es
498,id
19458,sv
23326,sv
22594,de
35113,es
3994,id
10589,af
29559,id
24957,af
893,tr
2937,id
5452,tr
14849,es
32536,sv
20269,tr
29652,nl
22195,fr
14030,en
25487,en
363,en
26082,de
26079,sv
27497,es
9358,de
22807,sv
15347,it
13564,pt
33519,de
17799,fr
19760,sv
18598,pt
21204,it
12314,id
29340,tr
13920,en
4184,tr
1595,tr
18037,sv
4887,pt
22662,pt
26233,af
2104,es
24625,en
2888,id
8447,de
30498,en
5486,es
15914,sv
523,tr
31385,pt
27592,pt
9692,id
21006,en
21050,de
4438,nl
6327,tr
12848,it
35085,nl
27380,tl
17181,nl
33517,es
12178,tr
35010,id
27968,nl
20008,tr
25156,de
20713,nl
310,sv
27457,tr
5206,de
13621,it
18985,es
14905,it
23500,tl
26321,en
9490,es
3876,es
669,it
18711,sv
10284,es
7061,af
10441,tl
18134,de
1574,tr
1564,fr
12794,tl
6334,fr
25161,en
2501,en
9661,es
33492,de
28096,nl
241,af
9904,nl
27062,sv
1188,it
25840,de
26919,es
32018,sv
25390,it
23217,fr
6594,es
13912,fr
16051,sv
27067,sv
17308,nl
26417,id
1671,en
20770,it
25182,tr
3575,tr
11192,nl
34789,pt
7263,id
29675,en
25364,es
5821,af
23604,tr
24722,en
34362,af
35560,fr
3509,pt
33110,es
16188,de
8212,sv
15287,de
8581,nl
10301,sv
33603,es
30337,de
29918,tl
5236,tr
15479,tl
24220,fr
29544,en
15945,tl
16228,af
26989,sv
23010,tr
22086,tr
22331,de
28093,it
11619,es
16971,de
10893,en
26877,de
29907,af
15928,en
6519,en
4579,fr
7934,pt
26952,es
24256,tl
11048,fr
19212,es
31133,fr
232,af
10588,fr
18713,tl
10552,nl
2955,sv
11693,af
3774,id
25920,tl
24785,en
20413,id
19486,fr
2234,af
4456,tr
14682,es
27815,pt
24495,tr
23256,nl
4710,nl
22840,id
30419,id
5271,it
21162,en
30794,nl
10281,it
30141,nl
16018,it
22328,af
27711,es
3546,fr
19657,es
27453,id
33936,af
23057,fr
16434,id
33348,es
10118,es
474,af
33982,pt
14650,id
3759,en
12952,nl
30494,de
12011,pt
27732,tl
17134,tl
9563,tr
30315,it
17328,sv
34000,tr
25986,de
4331,tr
33904,it
17178,es
2071,tr
3904,pt
4562,tl
12039,tl
11311,tr
10295,it
29649,en
34994,tl
34784,tl
3180,af
22872,tr
30210,sv
27030,sv
12341,af
1045,id
651,tr
33884,es
33120,id
2148,es
25735,de
26034,de
35150,sv
8170,en
25905,tr
8114,it
20089,id
15672,es
10283,sv
1060,id
9025,en
33033,pt
34736,it
12757,fr
7631,tl
11676,pt
20963,pt
29973,es
9225,pt
9964,en
3556,en
1597,nl
28707,es
19278,it
16064,de
12078,es
10076,af
8989,tl
24485,es
28936,pt
15029,en
2157,pt
22355,nl
14990,tl
11575,af
13748,it
27525,es
1512,it
13088,it
31883,tl
12147,nl
31197,nl
10704,id
8121,pt
26807,sv
21951,sv
10658,fr
25228,fr
26578,it
1414,sv
28459,pt
19282,nl
16542,af
26004,de
27962,sv
33094,en
3361,fr
35152,af
20853,sv
13266,af
22950,tl
21359,nl
28659,es
3755,af
30463,id
27016,en
4194,tr
7201,en
21205,nl
30450,nl
13547,pt
7350,pt
27791,id
1267,it
34750,id
4747,en
31645,de
22546,es
13783,fr
20868,es
14900,tr
16615,af
664,sv
13884,id
26230,pt
4176,tr
18297,sv
30360,sv
25581,sv
28211,af
26235,fr
15360,sv
32604,pt
3854,de
29262,tl
18902,sv
8486,en
17347,tr
34885,it
18335,fr
16494,de
32920,sv
10937,sv
25279,pt
34625,de
20046,es
9121,nl
19928,af
29084,fr
1549,af
20297,tl
20660,nl
23465,nl
6737,en
26065,pt
216,nl
7659,de
31447,nl
20260,it
31848,es
7810,de
5185,id
11194,tr
29618,tl
35132,af
15519,de
22246,de
4524,id
19131,en
32828,fr
13164,en
24812,tl
12361,pt
3872,es
29520,es
3448,sv
12159,nl
19472,pt
25060,es
24685,en
3935,nl
912,id
7496,af
32506,tr
27218,it
3386,sv
34245,sv
10509,nl
4842,es
25320,nl
9680,tr
31808,af
19619,it
20661,fr
18249,es
1511,es
22165,nl
6530,fr
21416,id
35622,es
35680,de
24,tr
2426,fr
10208,pt
26846,sv
19942,pt
34566,it
2024,it
13099,id
25571,sv
5497,af
29764,pt
21302,es
19891,nl
18060,id
26551,es
13253,sv
9955,nl
4370,fr
20816,sv
23495,sv
30222,fr
30277,es
24797,sv
5703,en
26149,en
4808,en
12678,tr
1608,sv
22589,de
5570,en
33073,af
23904,tl
24084,tr
3239,en
1049,sv
25916,tr
34045,tl
18261,pt
3474,tr
30908,it
18119,de
16919,pt
21105,fr
1037,sv
29257,fr
22920,de
34204,af
28341,tr
10080,tr
32661,nl
30572,tr
442,nl
20698,nl
13202,en
4936,en
20081,tr
10999,it
2701,en
7531,tr
34548,en
2129,pt
22059,de
19663,af
26221,sv
26069,af
4696,de
21198,fr
33632,it
15833,de
21947,pt
9558,fr
21718,es
9372,tr
25262,af
25336,de
4210,sv
33853,en
34174,en
27226,af
21552,id
23331,de
11763,fr
27744,nl
13096,id
34236,fr
30410,pt
11319,fr
6513,en
10993,en
22350,it
11861,id
9115,en
19835,en
33443,tl
5958,tl
19810,es
2981,id
24968,es
17377,it
19895,nl
6571,es
15686,sv
9026,sv
14293,tl
22181,fr
1534,it
19001,en
2036,en
286,en
29861,sv
2613,en
34554,id
23961,de
1859,sv
17171,it
29796,en
10205,tr
26745,tr
33683,tr
15046,pt
11800,it
14233,en
6080,id
5494,af
22035,tr
8281,af
3806,fr
22666,de
22276,sv
19010,de
6397,fr
31473,sv
24464,it
4328,tr
7432,es
4333,it
13985,tl
15076,it
35279,it
3096,af
30936,af
16486,tl
23526,nl
14539,tl
16164,fr
34827,tl
19544,tl
3643,nl
34212,en
804,tl
29491,it
30765,en
1639,en
33919,en
10714,fr
16669,fr
21555,pt
1392,de
32039,fr
30909,nl
11531,it
24430,pt
10985,nl
29692,de
26459,es
14388,sv
21524,fr
22964,es
34817,id
7560,af
21166,en
26563,sv
1621,pt
28792,es
26565,tl
32834,tr
7158,de
19298,af
24829,tr
35353,en
27570,sv
22051,sv
26630,nl
22444,sv
34743,de
2440,fr
7184,id
31427,de
27236,de
754,tl
24661,en
10590,af
12666,fr
6808,es
27760,es
34147,de
18447,tr
24163,en
32328,it
18167,af
4467,id
21959,af
7370,en
32554,af
32453,it
10294,fr
16417,tr
13897,tr
3558,es
25195,id
13220,en
2431,sv
10676,af
27203,sv
26749,id
19345,en
11684,tr
27302,tr
9915,sv
22623,de
31130,nl
21891,en
24780,pt
15242,tl
16035,es
32912,es
28119,de
403,af
8695,tr
31939,it
21984,id
20768,id
15922,en
5502,id
9495,es
27845,en
16358,nl
7886,it
32493,it
15041,nl
35642,de
24816,nl
8385,tl
16142,af
24509,tr
21117,sv
18070,pt
14677,sv
34674,en
17030,nl
22016,af
3290,tl
21743,af
15757,it
1367,fr
5090,af
23743,tr
23186,id
11239,af
29523,it
7392,pt
10896,id
32067,fr
23761,tr
1740,es
13384,pt
14948,af
34314,sv
29054,pt
32368,tl
11871,nl
27325,de
27144,tl
1460,pt
16841,es
15560,de
29847,nl
25576,en
11842,nl
13127,id
22058,af
9287,it
26095,pt
4933,fr
1645,tl
29066,fr
22292,nl
28870,es
4766,sv
3914,en
19791,es
18508,de
11941,tr
26453,sv
2867,tl
35004,en
13015,es
30411,af
1979,es
35365,id
18126,sv
16361,nl
2647,en
29554,tl
13037,tl
22767,tr
22814,id
8023,de
34829,it
29617,pt
11075,pt
17027,af
10671,it
29004,sv
28345,af
16479,es
31657,en
12094,af
15367,en
2115,tr
19391,de
7509,en
6759,af
16756,en
20468,fr
16429,fr
20545,id
29579,es
5736,pt
15481,it
31582,sv
5595,tr
23695,en
5867,id
2554,tl
14089,tr
22050,pt
15514,sv
31362,tr
6256,af
8943,af
21608,id
32025,id
23682,tl
10385,pt
7464,sv
26203,nl
25220,tl
7905,de
9233,es
24099,tr
4159,en
11557,it
7363,es
14311,en
5307,en
17249,sv
33643,pt
4283,fr
1103,pt
21528,en
21986,es
6974,tl
15889,es
21132,sv
33108,fr
1875,it
14091,de
17893,af
11917,en
27065,es
21715,de
12278,en
9410,en
14869,en
25642,pt
4110,tr
31503,nl
19755,nl
7884,it
27544,tl
1054,es
782,sv
28601,tr
33495,fr
5200,tl
23504,af
28015,tr
13774,fr
3925,id
35172,nl
23265,id
3355,es
23934,pt
29062,es
27648,sv
20281,en
32074,id
3182,fr
25171,sv
12716,es
28092,id
24244,nl
25158,de
3006,sv
8824,tl
10354,fr
4785,de
32933,fr
15692,it
14648,pt
16381,en
8257,tr
13801,af
14452,af
9206,es
3984,fr
35231,id
10068,nl
6976,nl
14763,es
5205,af
3255,pt
4841,nl
30620,fr
23881,en
524,tl
10034,pt
6087,af
9312,nl
2544,it
12862,af
33736,nl
16321,pt
34519,es
31393,fr
2411,pt
21995,es
8625,tr
13830,id
27606,tr
1916,fr
9038,it
13367,pt
20844,sv
21684,pt
24990,de
4156,de
27430,tr
33340,sv
22993,af
8543,sv
5702,nl
16936,it
688,tr
8344,af
21701,sv
12490,fr
2816,en
12389,es
17564,es
32928,it
22167,tl
4737,fr
534,pt
28519,en
861,en
16878,nl
21035,tl
35652,id
24935,nl
16338,fr
24032,tr
11576,de
15298,pt
30273,nl
32002,sv
10728,tl
11144,it
19986,fr
15213,tr
17630,it
23131,sv
11997,fr
33320,sv
18741,nl
19395,tl
29566,sv
21125,es
26959,tr
13792,pt
14134,es
27241,tr
29775,pt
30812,it
14481,af
5316,de
12734,pt
27150,tr
14021,fr
30804,en
23624,tl
25931,nl
22389,es
16891,nl
2349,es
12198,pt
5216,sv
25513,af
27321,it
17543,sv
2694,tl
30278,af
26898,de
12750,de
6481,sv
11791,fr
953,fr
23945,fr
14605,en
15136,pt
30661,es
30614,tr
2580,de
33508,pt
14954,sv
27388,tl
20360,id
8509,af
28209,nl
33779,tl
2599,it
15597,es
30090,es
11345,nl
28994,sv
80,es
17306,sv
21575,nl
16774,tr
24408,id
27797,it
20270,fr
26440,id
19738,sv
2649,it
14968,pt
32225,it
27022,id
4555,es
30686,fr
15918,tr
14881,pt
26701,de
31822,tr
22110,af
2946,sv
6921,fr
7823,fr
816,tr
11055,tl
11746,en
5188,pt
18688,af
6877,fr
24166,es
21020,es
32980,it
8801,id
7478,id
28544,de
13971,de
14739,tl
35536,es
4765,it
1537,af
16846,sv
19828,af
35157,tl
34578,tl
19783,tl
13764,de
4975,id
23585,fr
32555,af
23373,tr
5701,tr
14662,en
13910,tr
19271,sv
28867,nl
29028,pt
24901,es
25431,pt
3710,id
32875,es
26343,it
33661,de
8042,tl
6431,af
10798,es
26831,en
24012,nl
9857,pt
16169,fr
32045,en
6760,en
35024,en
10095,en
11928,es
7402,en
13255,id
20223,af
13838,it
23933,tr
26791,en
33879,tr
10460,pt
24275,tr
25722,nl
22713,af
29406,fr
32047,es
30234,tr
27580,tl
4553,tr
2824,nl
8372,af
26155,af
29159,pt
7105,id
27937,en
2185,tr
9474,it
22942,de
17765,it
19539,nl
6542,nl
10580,pt
20240,pt
18275,es
26982,nl
30512,tr
20702,af
24927,pt
33052,af
10663,sv
19113,sv
14106,pt
23749,sv
24578,nl
19522,en
28491,de
2218,en
20098,nl
11359,de
2925,tr
12141,sv
22839,de
10256,nl
28088,sv
19982,nl
1035,nl
21080,en
2944,es
647,pt
11520,id
21030,af
29645,af
6518,tl
31555,af
10972,en
30902,nl
31499,fr
21263,sv
18935,it
17824,en
19879,tr
29928,fr
30490,sv
5280,es
320,en
34693,it
8833,nl
8477,en
23425,af
20003,de
28623,nl
15888,tl
30249,tr
10340,pt
17784,fr
426,pt
14819,fr
3820,es
1855,af
15199,tr
17754,tl
11944,sv
31381,es
11269,fr
19045,tr
2192,af
3766,af
28340,id
9209,id
4034,it
33912,es
33502,tl
8365,it
11697,de
1355,nl
4058,it
31240,id
19541,af
12907,id
17717,pt
21328,de
10543,es
25133,fr
4,pt
35613,it
7768,af
32858,de
27655,en
13325,fr
7850,af
415,tl
13925,es
13827,fr
30476,af
4304,id
11768,it
15967,tr
4245,fr
23323,en
28650,id
11803,af
8235,it
33114,fr
32645,id
22220,en
12908,tl
10809,tr
21792,de
35668,sv
30064,en
15016,af
15780,id
24758,it
34053,es
2458,de
26890,it
16927,af
7765,id
6154,tr
33864,af
15510,nl
17783,nl
2740,nl
20358,tl
28841,tl
17156,en
33988,af
19994,tl
26735,id
22774,af
12255,pt
21094,tr
24888,tr
24776,it
11841,id
35478,sv
1433,fr
35273,it
11671,fr
31813,nl
23975,tl
10505,it
33543,fr
29822,id
23974,de
19660,tr
1947,sv
7485,sv
32249,id
29466,tr
31600,tr
25917,sv
9509,tl
10229,id
25260,tl
6950,es
7892,tl
33848,sv
701,pt
6118,af
15561,tr
6667,tl
4498,af
11268,pt
34075,pt
27123,pt
22345,id
2376,id
21119,it
26062,tl
35681,en
28640,af
7883,nl
26950,nl
24131,pt
33038,id
25869,sv
18910,sv
12421,en
13878,de
228,sv
12936,fr
13529,tr
6198,nl
23926,nl
16257,nl
30343,it
31207,pt
6870,tr
828,tr
6967,id
19553,af
9840,id
34706,de
10490,fr
30367,it
12987,tl
21752,nl
24768,pt
28895,af
3549,fr
25959,it
15994,tr
8852,tl
6019,af
6930,nl
16416,it
2018,es
13413,fr
34271,pt
16223,pt
17293,fr
17847,tl
22802,sv
6618,tl
30665,de
14996,tr
30111,it
13102,sv
34685,pt
8582,tr
15990,nl
7872,it
33009,en
8004,it
16956,nl
25641,en
14197,pt
32646,es
212,id
6224,id
4561,it
32548,af
8589,tl
19844,fr
28013,tr
1873,sv
30208,sv
20122,sv
8585,it
33837,tl
11919,af
21682,fr
8312,nl
22819,tl
16978,tl
18346,nl
25775,en
21144,de
27164,fr
33896,es
34050,fr
35579,id
5305,nl
11947,tl
18138,tr
28722,nl
17706,en
6265,es
5852,sv
29719,tr
16424,fr
11752,es
21148,fr
1925,it
32379,af
16165,af
22565,sv
34135,tl
11594,es
12441,nl
25818,tl
16783,id
23813,tl
10346,de
15599,sv
30403,en
6806,af
26131,de
35309,tr
3624,sv
20186,nl
17280,pt
1277,it
3663,en
7064,de
29525,id
13770,tr
23739,tr
32952,af
14306,fr
2460,it
1746,af
34560,tr
35604,tl
35373,de
19727,it
3767,nl
25740,sv
29873,id
19004,tl
15061,it
815,es
35524,sv
34206,en
14142,pt
13977,en
32437,af
19640,tr
21060,tr
3224,sv
9564,it
26338,tl
13352,it
9011,sv
31526,sv
24092,tl
5467,tr
27548,sv
11369,en
16598,tl
1535,nl
16407,es
11134,it
35022,it
33564,id
13592,tr
34025,nl
23332,it
8676,sv
23231,af
29427,tr
20363,fr
24161,en
2666,en
33834,es
3768,es
11712,tl
31039,tl
10444,es
22474,es
31162,id
13317,pt
26202,en
29032,de
33870,af
257,tr
29372,tr
27813,pt
8783,tl
18528,nl
33797,es
1887,en
22761,id
14381,nl
27748,fr
16168,tr
15264,tr
16535,fr
7746,en
21853,id
23247,pt
22408,es
1706,tr
30737,sv
13728,pt
14790,id
26184,nl
21539,nl
14252,en
28090,it
26244,en
7958,en
16266,tr
7798,sv
29197,tr
18129,af
8756,de
35417,it
6044,tr
16733,de
2770,fr
4045,es
8969,it
19457,id
26310,fr
3203,pt
8853,es
13129,it
12696,af
3210,en
22447,es
13457,af
6844,es
31178,en
10363,de
948,id
22597,es
23350,tl
7013,de
25201,it
23056,sv
27567,pt
2330,tr
28383,af
26528,af
26788,af
23899,de
18020,tr
5807,it
7487,sv
27398,nl
4982,tl
8660,en
13050,pt
14251,it
12337,nl
23940,it
0,sv
18443,tr
31544,tl
9154,af
14882,sv
23812,pt
1418,de
24561,fr
15786,tl
17126,tr
4942,nl
34770,de
2571,fr
22375,es
18345,fr
15743,es
14874,fr
30140,nl
10697,af
32500,tl
14997,af
11556,af
1215,de
1648,fr
24639,en
16929,sv
34714,es
3427,it
14795,sv
26786,sv
17173,id
29731,af
29560,af
1493,es
22799,es
34970,tr
19309,id
27417,en
5052,nl
11908,sv
30326,af
10214,id
19567,id
7316,af
23763,nl
27604,af
27529,es
506,tr
15052,de
24522,nl
12233,fr
28553,de
33784,es
2399,es
8834,es
4240,fr
31687,de
16396,pt
5843,pt
26646,af
26103,en
21024,fr
10270,id
27729,af
13515,de
12323,de
25969,es
14375,it
34384,sv
4341,es
33939,tl
11109,it
30719,af
9101,en
35538,en
17072,nl
1709,tl
367,es
15874,id
18233,en
18671,de
3719,nl
16586,pt
16709,de
1304,en
6458,tr
29123,fr
22692,nl
2275,fr
15830,de
19780,es
20284,tl
14660,en
31532,fr
12851,es
21831,tr
19977,id
20619,fr
11713,fr
14955,de
21417,de
8489,nl
4984,id
10884,pt
6861,en
30432,de
30006,en
25091,it
8368,de
12462,sv
18364,af
15982,tr
16772,tr
24796,it
31392,fr
23953,id
3194,de
9438,de
3472,tr
18315,tr
26665,tl
29992,it
7111,id
28847,fr
23735,tl
28862,nl
18954,de
18518,pt
11782,id
33938,it
6400,af
6411,id
9777,id
14966,en
13458,pt
4215,id
25724,nl
18234,id
24093,tl
30783,es
12713,pt
21254,id
3775,tr
20677,fr
8071,fr
7447,sv
28726,de
26462,it
16820,nl
22613,id
6180,pt
13506,en
9545,de
29367,es
28894,sv
7302,tr
13794,sv
2853,es
29216,it
32169,it
26496,tl
3902,fr
3321,es
16580,pt
9958,it
27052,fr
9815,pt
33084,sv
27626,de
18871,de
10650,en
22402,fr
34411,nl
33122,af
5103,it
32436,tl
25466,af
16031,it
15819,sv
11483,sv
14162,nl
6668,id
35069,id
15115,pt
22111,af
15315,id
22103,pt
33329,tl
135,de
6833,it
23470,tl
22966,nl
12916,es
26682,id
27719,es
23848,fr
23615,sv
4026,tl
6728,de
34429,it
35042,en
12171,es
7701,nl
20181,pt
20697,tr
32681,de
4486,de
12804,id
18594,tr
13687,en
1823,af
25885,tr
25425,es
26152,tr
4500,nl
2502,id
34909,es
16921,fr
18277,en
27598,nl
27896,it
33496,tl
4613,af
10907,af
554,es
13578,it
22694,tl
4609,nl
242,tr
20215,es
2474,tl
16163,en
3230,fr
25393,af
7881,de
4301,nl
34935,es
23907,sv
3007,tl
27253,af
10476,af
9187,es
11610,pt
14710,sv
7371,pt
16094,fr
20617,de
18436,af
22088,nl
4775,tr
34435,tl
29315,tl
9524,tr
13842,de
21913,fr
24747,tr
9701,es
32156,es
16638,sv
20485,it
17642,nl
9566,de
9081,it
33124,tr
27382,es
10178,it
23050,tr
3195,en
1562,af
3397,tr
26141,fr
34518,tl
2691,it
29114,af
9948,sv
14906,de
15857,tl
31001,pt
985,it
1912,it
18173,id
31425,pt
33778,fr
19593,nl
32808,en
30204,en
17666,nl
14369,it
21475,tr
11346,sv
31217,nl
592,tl
2602,es
27256,fr
22115,sv
24555,de
26830,de
18938,af
10162,af
22902,de
20510,fr
14258,es
28377,tr
33050,tr
5973,it
7338,pt
26683,tr
5581,it
24057,sv
15689,tr
29200,de
11714,sv
27682,tl
26699,tr
17990,pt
18859,es
3385,es
19102,it
32522,sv
8437,tr
11988,es
11105,fr
29286,it
15038,it
15157,tl
12619,tl
30082,de
3453,en
5504,id
33550,fr
3207,de
8992,tr
28931,tl
8553,tr
3348,it
7969,tr
29104,de
5338,id
27500,en
4966,it
18654,it
33767,af
7213,es
609,it
25365,sv
5902,nl
1674,tr
17235,de
27471,de
1315,tr
16761,af
2590,pt
9295,es
8275,tr
25798,id
32193,af
29646,tr
33236,en
28550,af
16623,pt
25115,en
27929,en
17267,nl
35347,fr
2723,tl
7528,tl
29366,en
113,de
22697,nl
14032,es
16061,fr
2667,de
18579,de
15529,tr
32122,tl
31780,es
21952,es
24223,nl
8140,tr
5171,fr
25098,tr
31985,id
7240,tr
35111,tr
16739,id
33115,id
7692,en
13249,de
18796,id
11201,en
25404,sv
24881,es
24904,tl
5267,tl
18118,es
31898,es
4422,de
33794,id
19343,de
15178,es
24366,fr
15121,sv
31640,tr
26068,de
25333,fr
3175,es
9811,tl
8491,af
18760,af
22470,nl
7065,af
21840,tr
26349,tl
24342,tl
22848,de
12069,pt
14472,id
31651,nl
1263,en
3074,sv
34617,id
20216,en
15866,nl
6084,pt
5298,fr
6130,tl
25599,id
23024,it
556,pt
28489,id
34209,sv
18320,nl
23724,tr
1728,id
14646,pt
5647,id
935,de
26243,tl
6685,fr
22602,en
28084,pt
17238,de
34081,id
7424,tl
9789,de
34364,pt
35346,id
24788,id
29987,fr
18241,it
26949,de
31853,tl
28755,it
28049,it
30462,sv
27808,nl
21882,af
21860,tl
28762,fr
32108,nl
12506,fr
10749,sv
13476,sv
504,sv
5002,nl
25695,es
9653,nl
29002,pt
26097,sv
34007,de
14341,en
17076,nl
3723,es
22140,fr
17780,pt
17816,pt
3773,nl
26681,es
22379,af
16140,pt
17150,af
2622,nl
855,nl
7667,id
26142,af
2048,sv
34215,tr
26804,af
13549,id
27629,af
11415,fr
35677,af
10951,tr
27454,id
25830,af
56,tl
35601,es
11287,en
32104,sv
23011,en
23370,pt
8455,tr
9454,nl
32560,es
32012,es
12264,tl
7747,pt
17865,en
11682,de
28479,id
25163,es
30809,tl
6144,de
12166,id
29674,id
17454,tr
28399,it
3159,en
26378,sv
30874,fr
34716,fr
13965,tr
26,pt
12393,sv
16356,en
1420,sv
32619,es
3785,pt
33082,sv
33990,fr
21367,nl
19201,tl
13175,fr
3041,af
16131,pt
4666,de
27370,pt
28571,sv
11227,nl
17585,de
15425,id
373,pt
16610,tl
5472,it
19666,tl
29986,tr
19557,de
29960,af
15784,en
4978,en
21894,pt
34372,sv
10185,en
27148,de
16027,sv
27843,en
19584,tr
17677,fr
14634,fr
4345,id
2835,tr
14839,af
24993,nl
31741,af
17291,en
807,sv
27911,tr
544,af
2409,sv
27146,es
12394,af
15385,fr
1169,it
32361,id
32406,sv
20745,id
14172,tr
10773,id
5658,nl
9551,it
24997,nl
15142,tl
30146,de
31396,nl
9987,en
29996,en
22956,tl
28529,af
27662,sv
16021,id
4361,it
5820,id
11161,nl
13704,pt
29309,fr
2382,en
34676,pt
25010,af
7776,tl
11778,pt
33660,af
25351,es
20224,tr
29642,es
31630,de
20483,pt
21172,pt
25274,af
13603,fr
8466,sv
35408,af
17662,fr
15458,id
23224,it
14430,es
28624,pt
8757,es
24988,fr
25013,it
21203,tl
8580,fr
26880,sv
31615,tl
18024,pt
21312,en
18488,nl
30767,en
20168,es
2082,tl
8393,tr
12225,nl
14318,en
2730,pt
923,fr
24182,es
8574,nl
19083,es
13268,tr
11945,af
3370,pt
14455,en
20572,nl
18440,fr
19260,pt
5556,tl
12315,fr
11889,fr
7360,nl
34118,sv
12869,pt
29016,tr
23358,pt
24673,fr
21098,it
2316,es
1072,tl
10848,pt
17921,it
9975,tl
11914,id
25935,tl
18455,tr
2617,id
1668,sv
10926,en
20789,en
23914,id
31520,tr
15722,id
13074,id
3605,pt
31960,en
2049,sv
31942,it
25310,tr
11329,nl
17609,id
33169,fr
18659,af
9877,nl
2807,en
24892,tr
21447,fr
17648,tr
15336,tr
26348,pt
638,de
16778,de
14428,sv
20866,tr
21799,sv
35656,pt
35487,en
3306,pt
16224,tl
20559,id
13866,tl
11468,fr
12699,pt
35330,en
6333,es
20293,it
31674,it
19416,en
16252,tl
35506,en
5379,pt
4923,pt
7547,tr
3568,fr
18778,tr
2689,it
16091,fr
11291,tl
14922,tl
4017,af
13612,tr
18557,af
20387,de
7540,tr
35207,id
19668,tl
27790,fr
28207,tr
1101,id
15642,en
34552,nl
12044,en
6750,tl
11838,tr
18502,it
6699,it
15653,sv
2959,tr
24739,it
33127,fr
4056,fr
29272,de
24732,it
3613,nl
16197,nl
10612,de
22287,it
24171,sv
32263,id
22556,pt
34485,tr
16787,fr
11218,tl
2979,es
27131,id
15909,sv
21887,de
17305,af
12126,nl
28180,es
2422,fr
3156,de
20696,nl
28714,tl
16855,it
30882,nl
17311,it
21390,id
32511,es
24966,tr
19126,tl
26829,af
7967,fr
15760,it
3221,af
10342,en
17363,es
4896,tr
5517,fr
33860,de
13108,es
4006,pt
15621,it
28347,tl
22191,tl
11590,tr
29515,de
9047,es
21281,pt
25193,sv
9611,en
23781,fr
12528,it
32333,en
8922,af
10407,nl
11024,af
27550,tl
19417,fr
149,tl
16260,fr
8784,es
23769,af
17036,id
29120,nl
35293,fr
7376,nl
7468,nl
8665,nl
1478,tr
2112,en
15209,nl
22368,en
16857,de
31127,af
21489,id
7668,es
15818,tl
22933,en
7212,it
372,pt
26533,en
26143,de
26411,fr
14933,tr
4111,tl
11030,nl
8898,id
33563,fr
7983,nl
31269,tr
2710,nl
21157,es
11689,tr
17603,sv
20772,id
11668,en
21388,es
14154,fr
4403,fr
4154,tr
19681,tr
17594,af
733,nl
9604,fr
1233,pt
29051,nl
2026,af
9096,sv
4844,es
23249,nl
14462,tl
4354,nl
1384,af
2800,de
31390,tr
6305,pt
28545,es
26562,nl
7053,es
25841,nl
5625,tr
9579,es
6994,en
19138,es
2903,af
3157,pt
8642,id
15788,en
2391,tl
792,id
12591,af
24345,nl
8736,sv
10758,it
12197,it
8064,sv
7550,pt
1625,tr
8525,fr
2107,pt
33847,pt
608,de
24037,fr
10351,it
23906,nl
23984,tl
8941,fr
33133,en
26803,de
2734,de
20178,af
2181,sv
15582,fr
21897,tr
6591,sv
394,tr
10306,de
23810,tr
18446,fr
1234,es
6294,id
25041,it
12557,tr
10012,de
25162,sv
28872,de
2999,en
15862,tl
19283,es
19765,fr
23829,en
7288,id
7695,en
18352,es
26827,nl
19990,tr
20330,tl
21089,es
9159,es
10562,nl
32332,de
6642,sv
20658,nl
12307,nl
29500,de
3171,id
16484,id
17890,id
4229,tr
6441,pt
17157,de
31790,af
2130,it
13700,es
6034,fr
17387,sv
21110,tr
31553,sv
10948,nl
9721,tr
10891,fr
3581,es
1071,fr
28767,en
3275,en
1247,tr
28021,pt
6718,sv
23046,it
33072,en
6371,sv
23947,fr
23979,it
11962,nl
32201,it
3740,it
8799,id
6888,pt
30660,af
2527,fr
23421,de
7481,fr
33747,tr
19157,it
26311,pt
5832,en
1878,de
30570,id
13480,nl
7275,sv
12216,tr
21888,fr
22784,de
25910,nl
22476,tl
1069,fr
29075,es
11661,en
34247,nl
11315,af
11495,fr
12377,nl
6874,nl
15495,af
6837,es
31104,it
21583,pt
30376,it
34759,es
26101,de
3564,af
32900,id
10748,en
12488,de
2229,af
19580,sv
18826,id
16574,sv
14307,sv
17404,it
32380,tr
5176,de
17105,id
32782,it
28568,it
11532,tl
18947,pt
11846,de
25940,fr
15111,sv
32389,af
7023,fr
14931,de
16241,tl
27870,es
14451,en
11773,id
14712,it
8069,sv
4182,pt
23613,de
23078,tr
21272,sv
28141,en
19036,en
682,it
15738,tl
12519,id
33765,tl
31663,tr
15573,fr
12815,pt
3780,de
19376,sv
28503,id
10464,de
15718,pt
14108,id
9705,sv
20945,fr
22800,en
10930,de
5841,id
6796,tl
27090,af
5620,de
35151,de
26050,fr
11999,id
77,sv
1343,tr
33390,de
31954,sv
31688,id
9380,it
20550,nl
13254,id
10072,fr
16667,sv
23790,af
33983,id
23995,fr
33060,nl
11706,nl
7594,es
10655,id
9571,en
27357,id
26137,en
22496,pt
33675,de
5966,tr
3003,sv
11460,sv
26140,it
22450,en
68,fr
27693,it
15522,nl
23483,fr
34623,id
8402,en
30900,af
24098,tl
19013,pt
10705,sv
14244,tr
34951,tl
30764,nl
27697,fr
32855,it
16626,tl
13112,es
1421,id
25297,af
1395,af
1381,af
30985,id
12867,en
14873,es
14239,tr
927,pt
20528,en
957,sv
15143,it
4976,it
19805,en
2920,tr
2636,nl
28743,nl
11160,af
31670,tr
1344,id
27986,sv
25684,id
11118,id
5507,tr
2885,en
28457,nl
26607,de
25716,tl
26436,tr
11070,tr
21819,de
27862,fr
30380,en
35559,tr
35620,pt
3793,nl
27414,tl
561,it
12474,tl
18994,de
24026,pt
19706,id
31734,es
29251,it
8635,pt
111,pt
8532,tr
10535,fr
10917,pt
1993,nl
14811,es
6554,en
21121,en
29371,de
20534,af
21323,tr
28094,nl
1565,nl
6274,id
25860,fr
9411,tr
31821,it
6008,tl
540,af
35484,nl
14445,sv
3503,es
11519,en
17489,de
2786,af
15045,en
32515,nl
15999,es
6281,de
35301,en
8145,tl
12791,tl
14781,fr
15497,es
21275,es
9638,fr
444,sv
12143,tr
7903,sv
15616,es
1635,tl
29202,pt
10107,pt
14863,en
22087,fr
23206,pt
11938,fr
12492,it
659,tl
13024,de
24629,de
2758,es
29823,af
26805,es
7132,en
23925,id
26076,nl
898,sv
20653,de
18438,en
32597,tl
8408,tr
24129,tl
11306,tr
33294,sv
30825,sv
6955,en
6525,tr
20890,it
31894,fr
29736,en
7006,es
8560,pt
24286,id
8771,tl
21472,af
30103,tr
29242,tr
21536,it
6053,en
1262,tr
28303,pt
23970,es
3405,en
6316,it
33056,de
17956,sv
27143,sv
29868,nl
17153,en
16819,tl
34308,pt
10110,id
448,fr
8614,en
25146,de
7543,af
17980,fr
30646,pt
270,fr
20535,en
30406,af
15905,id
10518,it
3911,nl
29212,fr
28825,sv
4661,it
22776,nl
7422,en
24273,en
29290,tr
32145,it
27299,it
17689,id
9572,sv
17875,en
1485,pt
947,en
33011,pt
18797,id
16764,es
8825,nl
12192,es
19190,pt
19536,it
13018,es
13815,af
8035,es
26625,tl
13861,en
15421,id
5897,it
17120,pt
28237,fr
5573,pt
14304,es
34928,en
20332,nl
27315,it
16127,fr
2757,pt
3450,es
9553,de
26558,es
12775,es
17720,id
25350,id
8610,sv
1659,tr
24097,en
22626,it
29890,tl
22296,it
25705,pt
33157,af
8857,af
27591,pt
15545,af
21920,fr
5730,en
28701,pt
25178,af
10352,pt
21700,sv
30670,de
14842,nl
7778,fr
34063,sv
22940,nl
6693,es
14934,tr
33297,af
10581,tr
2028,it
5361,es
14866,tr
27978,fr
791,af
20110,sv
31511,de
19025,en
6557,fr
33697,sv
32590,tr
31024,id
5718,nl
33819,it
1868,it
29747,id
28279,id
35508,de
10332,de
9878,tl
376,en
14064,de
11423,nl
30322,fr
3771,id
9681,it
9080,id
1337,fr
29403,it
19581,es
30123,it
16145,it
30913,de
18450,de
10604,sv
31121,sv
31836,es
21707,sv
20551,de
9554,en
6986,tl
16652,tl
9879,de
10135,sv
26944,es
14349,es
24020,en
748,fr
17278,fr
20090,it
2792,it
20516,de
911,pt
16028,tl
13111,de
23112,fr
25972,es
1452,es
10947,de
7620,de
22000,es
2509,fr
3329,fr
34734,pt
943,tr
3131,it
1115,en
23068,tr
22520,de
22019,pt
3099,sv
15107,de
6532,tr
33218,id
25995,en
24882,fr
468,nl
22945,pt
2995,de
31013,sv
27360,pt
28058,id
3669,tr
2735,af
949,sv
3287,it
16331,nl
31452,pt
6741,id
14985,it
21643,sv
10099,tl
10636,sv
29495,fr
4242,en
27703,en
31365,id
8985,pt
29429,de
14815,es
32231,sv
12202,sv
29883,fr
28085,id
6795,tl
8440,af
22322,es
15208,de
17635,it
13044,pt
35186,de
6926,tl
16797,fr
1406,fr
13291,en
8823,it
13031,es
4013,es
29437,it
16612,de
33803,id
52,tr
16642,fr
4009,id
6416,sv
21169,nl
28747,af
25509,pt
12354,id
14171,tr
34930,it
2108,de
33002,en
15842,nl
23534,en
3875,de
1081,it
5660,pt
5413,tr
27204,es
1548,de
10548,tr
25663,af
17742,af
18733,it
12712,af
3713,es
1174,tr
16291,tr
12051,it
34073,id
21965,de
2953,tl
27209,nl
9761,en
27096,en
26756,id
8200,tr
21103,en
29101,sv
26263,en
6300,es
34144,en
29365,en
5793,id
15050,id
20643,id
4881,it
27124,it
16244,it
10858,pt
12463,id
3996,sv
30815,sv
30287,it
11952,en
28109,pt
11537,it
3226,tr
24609,de
9970,af
34529,sv
11813,pt
17528,en
25932,tr
21582,id
8753,tl
23053,id
2020,en
30775,it
1643,tr
20629,it
21640,tl
1605,id
4664,nl
9234,pt
26290,de
27114,sv
3480,af
11336,sv
14925,af
28390,sv
13076,en
10234,de
25783,es
16465,nl
31507,tr
35529,it
17415,de
614,fr
14303,es
1830,nl
27193,es
10140,es
4349,en
22503,tr
26442,fr
8321,af
24193,sv
12635,fr
1721,en
5866,af
12437,de
5073,sv
7492,it
30308,pt
14969,tr
8464,sv
4786,af
7397,id
20725,tl
13012,es
23603,nl
15042,id
28222,af
7026,de
29586,tl
27372,id
1637,tr
13452,tr
9073,tr
31892,pt
20602,sv
8488,tl
18160,af
22999,tl
21344,tr
27245,tr
35030,nl
12601,es
30971,tr
17012,tr
3681,en
26984,nl
19074,tr
32086,en
32160,tr
20208,tr
18215,de
18912,pt
5162,fr
13039,tl
29245,af
5962,sv
28683,en
26589,tl
5794,de
7151,es
1941,af
26347,af
10787,nl
7412,id
33986,it
31669,tl
29099,id
833,it
23009,af
14080,en
11966,nl
13561,en
27396,de
17455,pt
18769,de
35550,en
22137,pt
25488,fr
11333,af
31712,sv
8755,id
18971,it
26438,en
16917,en
10835,it
27809,de
23243,tr
33852,fr
14338,en
6952,tr
8567,it
19275,tl
17535,en
27444,pt
14657,fr
15406,fr
5144,tl
33869,tr
22313,tr
3944,af
9075,tl
15501,nl
22085,fr
13344,de
20032,sv
25609,nl
24849,id
5584,sv
13631,nl
30172,es
33619,sv
7203,tr
25447,it
6414,nl
16337,fr
26564,fr
6467,nl
33214,sv
2111,tl
13775,sv
12799,nl
8519,it
10736,tr
14776,nl
16273,sv
23478,af
13853,pt
19187,de
1197,sv
26146,en
10484,pt
25850,tl
33955,id
5922,it
32842,fr
21363,tl
22047,pt
28352,es
20549,fr
2002,tl
5735,pt
34487,pt
25754,id
26016,tr
18416,nl
12479,de
27458,af
32440,nl
30299,tl
21783,af
21911,af
17258,de
20574,af
5250,sv
30077,en
28482,fr
23716,de
25794,tr
11156,de
30867,de
15946,tr
13447,pt
28776,id
22020,pt
14355,de
23363,it
5428,id
17801,sv
28038,en
5789,es
34434,de
34587,sv
7773,es
20339,nl
13951,pt
11309,de
14889,tr
16125,pt
27522,sv
11138,en
3489,en
3630,es
22264,tr
34715,id
8925,af
26583,de
4010,id
27013,it
12571,nl
25996,tl
1030,af
10755,af
17522,af
10784,fr
23463,pt
5716,tl
28190,tr
33147,sv
34077,tl
30707,id
33489,sv
5239,tl
7551,tl
1172,de
33276,af
28246,de
22197,sv
26182,tl
5456,fr
23950,sv
25615,it
6259,tr
17555,sv
22435,tr
35644,nl
1223,nl
29395,sv
3555,id
287,nl
33510,nl
11089,it
32581,es
3442,sv
9269,de
10348,en
7767,nl
33732,fr
7378,tr
15895,pt
5487,en
21966,tl
32142,af
26740,tr
28124,af
7030,de
29600,tl
34810,pt
1966,de
15675,it
32569,tl
28388,nl
32403,it
33602,tr
24216,nl
34382,tl
12870,en
23661,fr
6716,fr
549,pt
32942,tr
31937,es
18761,af
15620,de
610,af
19679,nl
24532,fr
25409,pt
16379,de
16934,pt
25102,en
8328,id
19863,de
26479,nl
21389,sv
5432,af
26673,pt
31461,es
28028,tr
21229,af
33754,en
12975,de
27578,it
19673,fr
20135,en
34616,tr
17598,tr
20554,af
15491,sv
29454,af
27608,tr
16024,nl
20946,en
16376,nl
32931,nl
9247,de
29629,it
6059,fr
17500,af
4455,id
16793,it
5066,sv
27433,id
4286,it
24895,id
26040,en
23878,tr
16867,tr
25245,de
9911,sv
13086,sv
24631,nl
22833,fr
7165,id
7677,es
14568,tl
23073,tl
29126,nl
12812,it
31211,nl
25122,en
31487,id
26098,tr
33075,tl
33748,nl
3416,pt
17498,nl
7908,id
19771,tl
13886,it
34906,sv
14181,en
5004,nl
20080,sv
9175,pt
33445,pt
29945,sv
34722,de
22151,id
14832,pt
20189,pt
10495,es
31879,tr
10847,nl
16849,de
13444,tr
11431,nl
31021,tr
32975,it
17450,af
27200,es
23747,sv
34119,tr
17864,de
11330,it
17519,sv
29621,de
11148,es
33592,it
11028,fr
13982,tr
7860,id
35064,tl
15567,pt
14930,tr
7280,tr
14115,es
26363,de
28106,id
19712,es
341,nl
14524,tl
16916,sv
32024,it
34333,nl
19108,it
29177,en
33907,pt
31464,tl
6230,id
28262,fr
4568,fr
20710,tl
18561,nl
32934,tr
18543,tl
9848,en
32623,tr
35453,pt
27485,en
15073,af
3260,sv
15837,it
15091,es
19894,it
22306,tl
32070,es
21864,it
8529,fr
32562,id
13077,tr
30491,tl
26951,id
33678,en
11759,tl
25379,sv
2251,pt
32659,pt
6248,tl
16677,it
15631,nl
19552,id
31932,tr
26753,de
329,sv
17973,it
33109,fr
15875,de
23564,id
23124,de
16807,pt
11665,it
16960,id
31465,en
28897,sv
9793,tl
12165,af
35344,nl
17230,fr
8125,tr
24851,en
30594,de
14240,pt
22180,id
14147,nl
25276,es
33180,id
34115,nl
1627,de
4216,en
20779,id
11940,en
31375,nl
26641,fr
21190,id
29763,en
29073,tr
8546,tl
18680,de
13581,en
31192,es
11764,tr
24211,tr
23800,af
16634,de
13361,af
20295,id
27063,es
14912,sv
26114,pt
20539,sv
3947,es
35450,it
34462,de
1735,af
35277,it
7434,tl
30581,it
22336,af
33893,pt
16485,tl
7136,pt
24584,tl
12497,tr
31564,nl
32740,tl
11644,it
4732,tr
3319,id
13989,it
18562,tr
26495,nl
24611,tr
12549,de
15149,de
34031,en
7965,it
30974,de
4172,fr
34821,pt
33581,pt
14857,tr
21070,nl
16515,tl
21135,tr
9526,pt
32973,tr
29331,en
11150,de
28845,de
21607,es
6451,af
24937,pt
18075,id
25097,tr
33230,af
5916,af
22501,nl
6839,sv
31374,id
3680,tl
25893,af
6915,nl
28454,en
5340,pt
21022,es
24893,tr
26809,it
34974,sv
16812,af
8361,pt
15531,id
30149,sv
14560,it
13509,es
31958,id
5596,de
28470,sv
29342,tr
21706,pt
25527,de
7318,pt
17085,pt
34590,nl
29201,tr
28950,de
9542,nl
10399,es
8245,en
14380,id
24058,sv
5419,pt
25985,tr
15063,af
7761,tl
33597,id
9039,fr
19717,nl
8616,en
10288,it
15260,tl
4320,tl
13315,id
31389,it
11097,af
8794,af
32911,tl
12609,es
34530,en
25591,en
10248,pt
7027,en
8026,es
10365,es
17382,it
18777,nl
4471,id
8284,tl
7920,en
22240,it
21612,de
13784,en
32282,nl
8981,id
26088,nl
7946,sv
17046,tl
18431,en
11137,id
11957,nl
14700,id
23535,de
20155,it
31595,sv
8037,tr
7904,af
8006,fr
4468,fr
10259,id
26268,af
14088,en
10023,tl
31099,tl
10761,en
16746,id
7044,es
21703,pt
251,it
33809,it
14792,tr
19699,de
10247,tl
2098,af
29865,es
7882,nl
10000,it
35338,sv
5543,id
31073,de
3213,pt
32759,tl
28704,fr
31225,it
23453,de
14085,tl
22040,id
12673,sv
27007,sv
30171,tr
23387,pt
27238,nl
26814,de
30589,tr
2848,it
18716,fr
13940,af
21593,af
30690,id
18415,fr
21160,tr
11515,nl
8932,af
33744,fr
3060,de
9435,fr
19582,it
18972,de
23981,tl
33943,es
18630,es
22686,pt
9169,pt
19604,nl
34667,tl
20011,en
21505,sv
15420,tr
5137,tl
11249,de
27285,af
33466,es
10404,de
915,es
19605,tr
1157,es
4494,it
289,tl
29307,pt
15881,es
4751,af
26398,nl
20127,id
23976,it
33394,pt
32490,tl
17839,af
2871,tl
1630,fr
8292,en
16983,pt
3692,af
3393,es
32950,af
22857,tl
25882,de
12467,af
29564,it
10731,nl
6724,de
18916,id
12156,id
952,pt
22548,id
27222,id
12055,pt
22364,it
2670,it
18367,pt
11177,es
27617,en
15586,de
27419,fr
23012,it
29274,nl
20433,es
5262,id
31884,pt
14357,nl
20428,fr
24074,en
15001,tl
17247,tr
27643,fr
7296,fr
2559,af
24607,sv
2911,id
9693,sv
32668,af
22114,en
26939,es
19571,tr
24332,it
16997,it
29102,tl
27599,nl
33824,fr
32159,pt
19742,it
2261,fr
15756,nl
4968,es
20214,tr
6369,id
19305,it
4885,tr
6195,es
9740,es
32831,pt
14998,es
13246,af
26640,it
20006,es
8657,de
10788,af
21664,sv
9197,en
15878,af
13501,tl
29630,nl
27133,nl
17397,nl
7589,nl
6995,sv
21397,es
29974,pt
26623,sv
1922,tr
20212,es
30022,tr
16599,it
6500,nl
20618,en
17014,de
6403,nl
13918,pt
16256,de
4938,de
17746,de
12584,nl
28363,en
11438,de
23182,it
29884,tl
15912,id
28244,de
21826,id
16300,es
17331,fr
20939,es
28392,es
7719,pt
3776,tr
9905,af
14373,de
22485,es
35219,tl
7443,tl
6010,nl
18822,id
21721,id
26652,tr
10790,tl
26072,pt
17141,fr
35406,en
2128,es
27213,es
17931,fr
21777,nl
8021,it
5859,tr
13891,sv
30356,tr
6553,sv
8297,es
18523,id
2709,id
9017,sv
7219,pt
9285,id
10641,de
5667,tr
6602,fr
32377,de
4499,de
31401,fr
2283,tr
20932,pt
7287,id
19492,af
34329,id
6456,it
33408,de
22740,tr
31176,pt
6536,it
28197,tr
13553,af
18482,tl
27541,pt
274,af
15748,nl
19899,de
22763,fr
21992,tl
2194,sv
28822,af
33570,de
12250,nl
15839,nl
1749,de
20193,it
21770,sv
10625,es
12475,pt
26102,fr
26690,es
9959,fr
13599,tr
6337,es
17870,de
23330,fr
11301,de
22478,af
30457,nl
8592,tl
24508,tl
11106,en
17671,es
10699,es
23308,pt
34495,af
16,sv
18720,sv
8124,sv
27634,tl
8891,tl
31320,tl
31095,af
27439,it
14057,fr
21717,sv
20664,it
3294,id
8840,tl
26126,pt
6297,tr
21954,en
21534,es
20064,tl
27316,nl
11128,en
28166,id
31959,en
17285,en
18554,af
5107,tr
30473,id
9889,id
2285,de
15065,af
33195,id
30428,id
10343,tr
34106,pt
8749,sv
24537,tr
28960,it
9804,af
17680,pt
31590,tl
11383,en
6531,it
30056,es
18243,es
11401,fr
10621,de
12925,tl
31206,es
4595,de
5876,pt
33538,pt
6661,af
12316,tr
31309,pt
33273,en
22221,tr
22169,id
31266,tr
7953,en
2880,es
23436,id
10549,fr
28153,fr
30392,en
19814,nl
9098,sv
7780,id
24209,tl
18731,it
5501,en
8662,sv
18246,sv
24939,en
21980,tl
23005,es
4392,pt
31549,de
19630,fr
33981,it
9651,en
29803,es
2752,id
12103,en
5301,en
20271,tr
13579,sv
7174,nl
33914,af
30521,en
4023,es
9884,es
16907,nl
4616,id
1459,tr
33941,tr
21562,it
25253,es
5950,nl
2806,nl
725,es
20201,nl
13931,af
20824,en
26634,sv
32285,fr
5787,en
18905,pt
15009,tr
26596,tl
18877,id
25117,fr
28734,tr
19409,it
25168,fr
13258,sv
19757,it
17151,nl
8400,tl
31538,tr
30389,id
13491,it
27605,id
17232,tl
31065,tl
23342,tl
17360,tr
12470,de
7519,af
32634,de
314,tl
27919,sv
18220,af
23785,tl
34871,sv
34092,es
14098,pt
13378,tl
19303,pt
33382,es
7923,tr
9005,it
25800,af
4564,es
15494,id
16087,tr
32647,nl
3666,tl
24259,fr
9682,pt
28991,nl
28719,it
28788,es
26457,af
22585,it
23748,tl
31910,pt
3890,tl
17782,es
20942,pt
11729,id
25738,tl
5306,tr
11441,de
24433,fr
11348,pt
30954,sv
1592,nl
10836,it
22158,de
7749,it
10436,fr
5399,id
25444,tl
10373,af
11724,de
13757,nl
26166,es
27376,tl
15090,tr
28596,de
32832,af
19558,fr
3909,af
6367,nl
20686,es
6496,sv
29849,it
3144,tl
15251,fr
32038,nl
22661,es
25411,id
3948,es
14522,es
13416,tr
18909,es
16874,en
3763,id
18928,fr
20666,de
15396,af
17600,tr
9092,pt
25454,nl
25237,nl
3036,en
21705,en
82,de
1909,fr
7789,fr
1322,es
16185,fr
19695,es
25422,nl
25975,nl
32291,id
9552,sv
407,id
20432,pt
3391,es
22622,nl
7225,pt
5281,id
15133,it
24046,sv
10597,nl
22259,nl
6206,en
14301,pt
1339,af
29301,sv
29931,fr
19692,sv
4519,en
21756,id
30600,id
19337,en
21307,it
12119,fr
13999,pt
16352,id
14395,af
29753,id
13957,it
969,nl
1545,de
23291,sv
3507,id
12260,es
5704,tl
6209,en
6925,en
26709,de
33234,sv
35296,tr
10164,en
3795,id
30716,tr
11992,id
2469,tr
32628,sv
13330,pt
34317,nl
34847,it
32643,tr
9750,tl
22855,en
29130,tr
35048,tl
4431,pt
13772,pt
29738,en
1660,fr
25051,tr
19597,nl
1954,pt
13833,pt
33921,en
11420,pt
16785,id
8703,id
32207,fr
35052,fr
9418,sv
613,id
5980,af
16588,tl
15297,tr
14845,af
34016,es
3616,it
4772,tr
2140,it
26434,it
18696,sv
6903,it
6361,it
30666,sv
26249,fr
6763,pt
24964,sv
11375,tr
32360,nl
24651,pt
22107,fr
16000,es
1656,tr
22801,fr
33753,tr
20732,fr
26658,tl
34093,af
20236,de
27645,fr
32191,it
10730,tr
12653,pt
15354,tl
27562,it
7818,tl
34280,id
15214,it
8838,tl
9191,es
21867,sv
8092,es
32840,es
12526,de
8458,es
34339,pt
34239,pt
18182,es
16344,it
25544,id
6585,es
3628,id
32863,de
4734,nl
11147,tl
12371,fr
27229,nl
1306,tl
28723,it
8029,id
26056,tr
16969,it
10192,de
11129,pt
5184,id
29476,sv
14755,sv
24689,sv
31774,pt
8900,pt
34486,it
6576,tl
31437,nl
6561,en
26345,af
8628,tl
1864,es
28515,tr
9271,en
19317,de
14497,pt
6504,de
503,nl
7134,sv
5710,en
35308,nl
12842,id
30879,it
1615,pt
4575,fr
16873,af
6924,sv
1350,it
19255,es
14500,tr
32022,es
19379,nl
94,pt
28809,pt
4447,es
22373,af
11926,sv
29506,sv
5982,nl
29220,pt
19168,de
8405,sv
5414,af
22736,pt
15500,sv
13888,de
6867,tr
29176,it
4369,it
14594,de
17919,sv
30994,es
2046,en
17199,it
25469,nl
26354,it
21356,sv
31722,es
32734,fr
14835,en
23293,tl
6063,it
25946,tl
7127,tr
9616,de
2743,af
13243,fr
18402,tl
563,tr
21237,sv
26179,it
15373,af
10751,tl
5102,id
12520,it
21215,pt
21333,af
5690,nl
25230,tl
3407,es
31283,it
6819,en
33963,tr
30318,nl
27785,pt
22290,es
26077,en
14101,de
21519,es
4326,it
24597,af
5314,tl
30430,tl
23889,nl
2775,sv
20914,fr
21832,id
7106,sv
13225,en
8772,fr
6312,id
33917,tr
32617,it
10408,es
24660,nl
29903,de
32315,it
33888,es
26115,es
27669,id
18545,id
13217,it
23397,id
14490,tl
19195,tl
27181,es
18121,en
22479,tl
5969,tr
13209,de
10966,tr
2982,af
11567,es
9549,id
29691,pt
4641,it
16325,sv
18207,sv
17460,es
32694,af
27787,tr
9079,es
18089,tr
15058,es
22567,tr
23481,sv
31506,id
25063,en
2518,nl
11293,de
2537,sv
22552,id
33911,fr
23016,sv
9838,id
27172,en
15789,de
5888,en
143,id
13781,tl
6484,tl
31684,tl
20073,fr
35084,tl
27964,sv
636,id
18054,af
33953,en
26185,tl
1607,fr
17385,tr
974,pt
20547,nl
20597,nl
5985,sv
12242,sv
18886,pt
18546,tr
13973,sv
31187,tr
31610,it
27601,de
34836,de
27300,pt
18726,fr
24620,tr
27895,tl
9578,af
32274,tr
6031,en
1899,tl
13589,fr
1119,en
35068,tl
385,fr
11236,sv
14884,tr
12668,tr
30743,de
3991,nl
18420,nl
8555,tl
31744,en
12308,fr
5397,tl
1383,pt
15068,fr
32229,pt
6608,en
13418,en
30369,tr
29175,de
31787,it
7561,it
28655,tr
2310,nl
26675,es
20936,es
4116,nl
25395,tl
13068,tl
12193,en
11353,en
21695,de
13197,fr
8927,id
31299,tl
7317,pt
33383,pt
34371,af
15793,tr
16594,id
8,tl
29483,nl
16995,tl
12823,de
30058,sv
1331,pt
27665,it
23586,nl
27095,pt
34555,sv
15754,nl
32237,sv
25029,sv
32107,nl
27778,sv
28999,tr
21522,tr
723,en
19062,en
34361,sv
22057,tl
20907,pt
16129,tr
6069,tr
1396,en
26706,id
2918,fr
35106,pt
24745,it
31803,en
24598,pt
13403,nl
14620,tr
33622,fr
34798,tl
18710,id
21065,en
12977,tl
26574,id
5955,en
28267,sv
27925,tl
13623,tl
23451,af
10199,fr
30853,de
30334,af
16467,pt
27259,tr
29946,sv
20638,nl
5270,af
7845,pt
9644,en
15637,fr
21063,sv
9042,pt
2965,de
4411,es
6470,pt
23093,de
35418,fr
7674,pt
25243,de
31205,it
33352,id
14872,id
16767,tl
12693,tl
11111,tl
18884,en
18804,en
26692,fr
9837,fr
1145,id
10224,sv
33342,de
13892,id
20542,en
19998,tl
2841,id
11098,de
26813,pt
13393,id
21370,pt
17530,de
15736,af
31306,tl
21750,es
14363,tl
22372,de
34028,sv
31591,de
15622,pt
15507,tl
30266,pt
718,pt
27060,it
18906,tr
1194,pt
20070,de
5479,en
27681,en
34862,af
8399,af
19235,pt
34939,en
22641,it
28176,es
4910,es
33170,sv
3297,sv
22229,af
20590,tl
18267,es
5855,tr
29671,es
15389,af
25813,de
9111,fr
25352,de
10176,fr
23837,pt
29020,de
34414,de
7759,af
12661,it
5319,de
14880,de
25901,de
29490,nl
31159,pt
23468,pt
12108,tl
53,nl
5662,nl
30901,tr
27615,af
18208,nl
17442,pt
6033,es
11211,tr
13166,pt
28639,id
7601,de
1644,es
34868,id
5697,sv
32710,sv
32815,de
25345,de
3620,sv
685,nl
22081,fr
32874,af
20020,af
29226,tr
33560,sv
31410,tr
900,nl
35232,pt
14078,es
9117,en
8508,it
28404,fr
7756,sv
4828,en
11351,sv
3835,en
13181,it
27982,de
31814,sv
28130,id
3204,id
35411,tl
21680,en
15578,af
30641,id
9248,nl
28718,tl
13880,en
30806,nl
13988,tl
4143,tl
14018,af
31112,tl
10142,es
14645,af
34196,id
11419,id
32732,it
6158,af
21652,tl
9283,nl
20262,id
27576,af
24294,id
29055,af
13274,id
16507,tl
18154,af
33993,de
33621,en
35266,pt
13636,fr
33801,fr
6238,nl
11389,de
24322,id
1950,pt
29260,fr
5954,fr
2039,af
19852,de
25636,id
7390,nl
30834,sv
29010,id
7937,it
24296,sv
2650,es
2252,it
12220,sv
27886,tl
12175,fr
31478,en
22535,de
20840,en
7709,en
4880,tr
29208,en
25787,af
23065,tl
21474,fr
27266,fr
1183,af
3215,fr
29149,it
34039,de
32,tl
6822,de
3888,fr
20838,es
7248,it
885,it
4249,it
14897,es
3882,tr
30271,tr
31963,sv
496,id
28600,it
33344,tl
2919,es
8936,tl
9461,de
2564,tr
9236,tr
15116,it
21909,en
4222,it
30671,de
10672,tl
6489,pt
22185,tr
25495,fr
5156,nl
25049,af
11656,nl
282,fr
22939,it
4838,it
35389,it
27250,sv
17575,tl
11067,tl
14214,es
32141,de
27561,tl
25717,en
22579,de
3847,en
35502,tr
4416,pt
28998,tl
28285,id
9868,nl
22844,af
9849,es
14810,tr
2665,es
23876,tr
2186,fr
24782,af
19174,es
10928,it
3576,fr
34692,nl
8228,fr
6332,af
30396,de
22547,fr
18386,nl
5779,tr
14774,af
30752,id
28996,fr
32172,fr
4258,nl
14585,fr
9326,nl
23448,tl
35158,es
16923,sv
19949,it
3064,en
30892,es
24371,tr
18624,it
21019,sv
7025,de
15617,id
28478,de
13901,nl
3874,pt
4016,sv
34585,fr
8115,tr
24815,af
5068,tl
11529,de
3271,nl
817,af
26471,es
10825,pt
28594,es
20498,es
34933,de
31948,id
16487,pt
6684,tr
10159,tr
16952,tr
8786,tr
3374,tl
5639,de
26957,tr
11641,af
4518,id
14910,sv
35046,tl
2798,it
19242,pt
26507,it
15308,af
29984,sv
24913,id
8699,af
9376,sv
12219,nl
20395,pt
35488,de
22705,tl
10681,fr
9273,af
32818,sv
25662,pt
13468,tr
29047,nl
10523,tl
7031,pt
14676,es
10547,tr
19076,es
21248,nl
5585,tl
23652,en
21355,nl
15266,af
673,nl
22783,id
8759,es
29199,es
23098,tr
29288,it
11856,en
2930,de
24031,en
25659,it
21461,de
25232,tl
12920,tl
29672,nl
6350,tl
11357,tr
10388,es
29293,pt
19533,es
26619,tr
20568,es
8395,pt
22850,tl
6944,af
8966,pt
21076,id
19545,fr
34820,tl
13094,pt
31096,nl
27761,tl
32584,pt
22952,id
16541,es
35505,it
24478,af
7697,id
17805,sv
4384,en
12025,tr
26943,fr
34494,en
20097,tr
30527,fr
26852,nl
31035,sv
21492,sv
940,de
7272,id
29781,tl
23156,en
31701,tl
25470,tl
17940,es
26612,tl
28477,af
34439,pt
24458,tr
4542,pt
22642,sv
19135,id
21075,id
6282,de
21572,tl
22149,it
23157,fr
6113,nl
20828,nl
8842,es
4768,tr
15730,pt
26086,id
24453,tl
5401,nl
8126,it
3691,tr
13026,sv
879,de
9192,it
30452,sv
16438,tl
25424,fr
20499,sv
32801,nl
23476,tl
1784,af
19179,es
15853,id
3174,id
18245,pt
35088,tl
11736,es
12075,it
311,tr
11888,af
2633,pt
23294,tl
9828,en
18162,tr
10117,de
5231,nl
3280,sv
19872,en
14918,it
28689,es
9440,id
9185,en
13409,es
33668,tl
29105,tl
7293,de
20056,sv
5202,en
3253,af
15505,it
32044,es
27902,nl
336,tr
8624,en
14957,fr
22421,nl
1980,nl
17674,en
28029,it
17044,tl
15820,nl
12670,af
31297,id
20635,pt
19171,fr
12455,es
30236,id
18007,tl
14984,af
8843,fr
3618,pt
26976,it
5900,de
32464,it
13756,nl
33557,fr
20067,sv
20873,it
28406,af
1272,tr
6166,tr
31294,id
29106,id
31213,id
20576,pt
35244,fr
3202,es
192,it
14761,fr
9621,nl
32120,sv
21686,en
9486,tr
13494,it
33741,it
10536,es
29085,id
20870,it
11157,en
10480,tr
28373,tr
1053,it
33695,fr
12120,pt
31576,en
21650,it
16670,tl
4251,tl
3227,fr
7417,af
1219,tl
12614,tl
3052,tl
14120,fr
14956,pt
7379,sv
5610,tr
34776,tr
30850,af
8463,it
17051,af
4225,id
757,af
15335,pt
19043,tr
28782,af
15899,af
735,it
27103,es
34481,es
29619,it
14529,es
11730,af
20087,tl
11611,fr
29266,pt
3481,es
34982,de
19550,id
23871,sv
20231,es
20315,fr
9765,af
2898,af
8428,it
7491,de
14068,sv
15575,nl
24727,en
7995,it
28836,tr
9887,tr
11734,it
30365,tr
25334,en
23456,tl
20243,de
2607,af
6626,es
27822,nl
4537,en
9748,id
2610,en
16593,sv
1125,it
24773,id
30717,it
14501,tr
12732,es
20791,it
15097,sv
28401,it
14389,tl
26302,de
11979,tl
25464,tl
4144,pt
6864,tr
8602,tr
23000,sv
6586,pt
14766,fr
11426,nl
26173,id
26650,tr
23549,sv
1753,tl
31717,id
10271,sv
7298,af
28785,pt
21347,it
7455,it
12468,nl
32219,de
10454,tr
5734,tl
18341,sv
28475,af
850,sv
23875,pt
14421,fr
32354,it
14179,en
14015,fr
16190,de
15981,de
28327,nl
22027,de
7001,pt
31695,en
12637,tl
21159,nl
12769,af
5590,en
13609,it
10289,de
20239,af
26702,de
35416,id
4790,fr
17390,id
11204,sv
12433,tl
30968,it
5455,tr
22139,nl
203,tl
16290,fr
7285,es
4701,es
30721,id
26849,en
18149,pt
33144,de
7612,id
15388,nl
35654,nl
22232,es
31598,af
23633,tr
11704,pt
8157,de
18768,es
24867,tr
26913,de
18015,sv
22744,nl
22820,es
7654,fr
27701,nl
31933,de
32324,af
30746,id
9000,sv
20949,en
3197,de
649,tr
4961,es
14535,tr
31445,fr
623,en
9198,tr
9941,pt
20805,af
23635,pt
7779,nl
18865,nl
31171,en
13927,pt
32413,pt
24054,sv
5110,fr
22341,tr
6875,fr
34078,fr
23418,pt
24866,de
2384,es
26424,id
25683,pt
419,fr
22791,tl
27313,tl
33338,sv
20205,en
15557,nl
11741,es
26604,es
10810,it
28548,fr
4511,es
6155,fr
13809,de
31570,sv
7152,en
13119,af
2549,de
5009,id
33287,id
10267,id
20256,pt
21408,tr
28531,es
7450,it
28120,sv
3318,fr
13139,id
23989,id
19929,nl
26367,fr
7314,de
16457,it
12906,fr
16292,de
35014,it
28118,it
15962,tl
21189,sv
47,af
21576,it
25202,en
7295,tl
21221,es
18183,id
1969,pt
34444,pt
803,tr
1298,es
4169,id
33059,en
6459,sv
33309,nl
21559,tr
21051,nl
4731,tr
21294,de
23697,tl
3844,fr
29587,tl
19531,de
16371,nl
29430,tr
364,en
19565,sv
18958,nl
23261,pt
23969,fr
27737,af
15,id
8456,tl
8849,tl
4707,sv
35482,id
32313,en
3011,es
25755,tl
9862,tl
8249,nl
2477,tr
19785,af
31157,de
10410,de
306,nl
3901,fr
22445,nl
1240,sv
29961,it
25744,it
9293,sv
10529,es
10039,de
34475,tl
32765,es
27738,id
1927,tr
30662,id
28584,id
29058,fr
1499,pt
21087,pt
10582,en
24487,tr
20108,nl
17379,pt
11253,sv
33514,sv
18728,id
17571,tr
26655,id
8475,sv
31282,id
34660,it
19324,sv
20582,fr
2304,fr
27014,es
3867,af
17335,af
2729,sv
5408,af
12335,es
33085,id
18548,en
811,tr
7175,en
2314,sv
2208,af
12372,tl
18185,tl
33629,pt
14556,tr
5210,tr
9821,af
207,id
15542,af
4101,en
3264,es
15847,es
20706,pt
20195,de
10260,nl
27411,af
586,id
1757,af
6189,pt
30031,af
21548,tr
6160,de
9706,af
24333,es
10238,es
30250,en
23054,fr
4717,tl
5249,af
28942,en
27472,fr
31083,de
3417,nl
13260,tl
22034,tl
34606,en
21676,es
13162,it
3043,de
6213,id
2254,af
10317,it
1327,af
31324,it
11939,fr
20444,pt
29011,it
571,tr
7770,es
19060,pt
14138,af
26187,de
25579,en
25792,de
2390,es
19485,en
12303,sv
12199,en
27769,af
17755,es
31310,de
5114,id
2716,id
19325,pt
8445,tl
28686,id
32687,tl
17894,af
26423,tr
16757,es
22089,de
12930,tl
3970,it
3579,en
23018,af
29607,tr
28978,en
15026,tr
23233,fr
26397,pt
25328,fr
33371,en
1216,it
32620,id
21671,nl
10430,de
9230,pt
4823,pt
20014,af
29982,it
4665,en
21149,sv
26376,sv
4490,nl
6769,id
12071,pt
12642,es
35162,af
30407,id
6710,id
18873,nl
31189,fr
8362,en
31831,id
706,en
19246,sv
7852,es
30603,tr
23978,id
26711,tl
11485,en
15095,af
24407,de
24477,tr
35284,sv
22580,tr
11021,tr
9724,id
21438,es
14485,id
33573,tr
2032,pt
27129,pt
7305,fr
12739,id
31711,nl
23910,nl
8690,pt
4743,fr
31497,es
9220,es
4485,sv
22418,de
6286,en
18531,de
31275,nl
12064,de
34356,es
6425,sv
16889,id
11449,pt
3136,id
23207,nl
7325,id
4626,it
29426,it
15200,en
6587,tr
10601,af
7874,en
15770,de
14791,es
5778,pt
5096,id
26525,tl
35226,fr
25947,de
1248,it
10395,it
22183,es
29517,af
34700,en
30668,it
16957,es
33950,pt
29846,sv
6424,it
2662,it
6834,it
30053,it
1380,nl
35149,en
2030,sv
12153,id
35323,af
21336,en
29706,pt
23592,tr
9933,en
11872,af
2361,fr
4262,en
6745,fr
9083,tl
29530,sv
28195,nl
131,af
16204,af
12745,pt
17004,tl
5341,nl
11749,id
16451,en
28833,tr
25785,nl
33339,it
3781,tr
10113,en
31144,id
1286,id
7448,fr
19832,nl
2942,pt
10249,nl
28880,es
24173,nl
5451,es
7671,sv
11198,it
31015,fr
27989,sv
15746,sv
8154,tl
3176,id
29078,en
31873,es
29043,it
15341,it
34839,fr
34705,it
12092,tr
23776,tr
31303,nl
17340,sv
15461,pt
9346,pt
4845,fr
11215,sv
22099,sv
9193,tl
25810,fr
22084,sv
20249,nl
762,af
15030,de
34334,de
275,pt
9006,de
12636,pt
19587,de
21521,en
14155,id
25894,af
5981,tr
13896,fr
20091,sv
28628,af
8881,tr
23167,de
16231,id
17927,de
15719,es
2182,af
35135,id
34613,it
15037,id
32076,sv
24777,tr
19280,id
25000,id
35570,es
31522,tr
34454,es
27690,af
28167,nl
3653,sv
8052,id
223,en
6237,es
30043,en
32837,af
12311,id
13600,nl
8435,de
10242,it
23255,fr
18751,tr
29422,nl
1653,en
2444,id
9786,tl
27107,en
6471,es
10152,tl
34886,tr
23378,af
22250,fr
34146,nl
1531,tl
23985,id
25292,de
4894,en
30421,it
4889,de
29521,it
27003,id
25815,af
27754,es
9984,sv
8442,es
30602,id
18933,af
22170,tl
31671,af
28804,nl
18084,sv
17059,it
26326,id
21131,nl
35179,fr
1702,tr
18679,sv
8868,pt
26573,id
11496,fr
22449,es
11596,pt
2472,nl
15032,id
10923,pt
4368,sv
11245,sv
20156,en
5154,de
31749,sv
33472,af
25668,id
848,pt
18148,it
27810,id
17823,en
6880,tl
35006,af
15544,nl
3186,de
2923,af
20388,it
4816,af
7113,sv
3228,it
1948,id
8277,pt
28889,pt
97,es
9882,tr
28901,tl
21551,sv
27105,es
27638,es
16942,it
3746,sv
4462,tl
2278,de
6200,de
6971,it
5970,pt
22460,af
32261,tl
6895,tr
5444,en
801,tl
12533,it
10017,sv
19542,en
18521,tr
25516,tl
24925,de
16694,af
24942,id
21818,fr
31279,pt
27136,id
24385,en
21723,en
18612,fr
12874,af
18880,tr
19652,de
23116,fr
29279,id
3622,sv
12689,de
31796,de
1150,tl
1251,af
33786,tl
34981,de
2575,tl
28868,sv
818,sv
3647,tr
29695,tl
16332,pt
34544,id
6211,tr
7899,fr
12555,en
23949,tr
12319,it
29359,nl
12640,tl
25134,de
16002,af
3810,tr
30183,de
30117,tl
752,nl
28781,nl
4644,nl
22700,pt
29348,id
24649,af
15405,fr
9003,nl
6390,af
27284,tr
34772,it
8930,tl
35146,de
28524,en
7395,de
13237,pt
31653,en
28314,fr
26581,nl
11276,id
3139,id
31720,es
4112,en
35551,af
31696,tr
839,pt
3978,af
13979,af
20680,pt
4577,nl
29724,es
7262,it
30748,pt
12513,it
8942,tr
19197,it
19150,en
7684,sv
11539,sv
5526,de
1544,af
12066,fr
21298,nl
20130,pt
5567,tl
19983,tr
24289,tl
8820,af
31016,es
12880,en
31874,nl
6193,es
23631,tl
34286,sv
27012,id
14825,tr
163,es
26977,tr
1750,tl
18023,fr
19798,id
31336,af
14266,tr
19784,id
8305,sv
11910,en
21616,es
27509,de
23718,en
30584,tr
3055,en
28876,tl
8280,af
24413,fr
10822,de
25192,sv
10094,fr
4774,de
4868,tr
13697,id
28212,it
11819,tr
18112,tr
34824,tl
20689,pt
13474,de
12084,tr
21945,pt
3650,nl
30240,id
29181,af
35272,en
25851,tl
28827,de
31747,pt
7328,id
11700,de
13460,de
10633,fr
4663,pt
3359,id
25632,sv
21054,fr
726,de
23892,af
1851,tl
9077,it
22257,de
13887,fr
2618,de
14399,pt
19341,en
9908,it
17821,tl
33605,tr
15924,tr
8163,id
29442,en
25088,af
22753,de
15102,de
29168,nl
25652,id
14846,af
2055,it
32507,tl
32552,en
15503,pt
13718,tr
13241,id
14456,sv
20746,it
8953,fr
17916,sv
1199,af
34856,en
21412,es
14444,sv
19431,tr
28460,it
34833,nl
26096,es
13071,en
22771,tl
4886,es
6979,es
3357,sv
12414,fr
33271,nl
9329,nl
18255,de
2697,pt
7148,fr
4311,es
8997,tl
20592,tr
23685,es
21354,nl
5008,sv
13854,es
4359,en
6595,af
31533,fr
1840,it
29678,de
33057,nl
9033,fr
2785,pt
32116,sv
32135,nl
19493,af
22808,sv
14417,pt
18772,tl
15925,sv
14935,nl
32147,nl
5321,tr
27838,en
19521,it
10682,id
19688,af
23004,nl
517,tl
19264,sv
22825,tl
31864,tr
9450,sv
30828,en
7473,sv
21245,id
1018,tl
25432,fr
19823,tl
4220,tr
28657,it
31209,nl
24914,nl
31276,de
29418,tl
2073,fr
33898,nl
14942,af
13852,it
31277,tl
33364,en
10690,pt
6197,en
34022,en
14104,sv
33366,sv
31472,nl
21719,nl
34491,sv
33077,pt
32705,tl
30423,tr
24563,fr
12599,tr
10689,fr
5498,af
13297,en
8734,id
3178,nl
17441,sv
3697,tl
26341,af
34702,es
24080,fr
20298,tr
23770,it
21021,af
24719,nl
8039,pt
2675,tr
18966,tr
17895,tr
28395,tr
23796,nl
16070,tl
10894,af
22805,it
27554,pt
27716,sv
3857,nl
26693,af
10057,af
28218,sv
33516,af
26171,tr
8523,tr
20361,es
25449,tl
6791,de
5607,pt
16843,tl
34464,tl
31786,de
7345,nl
7299,fr
1005,sv
10718,fr
5174,it
2334,en
31521,sv
22738,af
418,it
29594,pt
12279,sv
22278,af
16922,id
35263,it
8247,af
681,af
26259,nl
30829,de
26074,nl
23254,nl
1138,sv
32943,tr
28953,fr
6354,es
25693,tr
6855,tr
7675,sv
12705,sv
13735,fr
22718,tl
31027,pt
9924,tr
1712,tr
21598,nl
14523,tr
26981,de
9356,fr
6873,es
17252,en
35174,tl
14333,sv
32223,de
34926,it
15521,nl
14067,it
17100,en
19882,tr
34499,es
22442,tr
27317,tl
1631,it
1908,id
32537,pt
30156,sv
13383,tr
24930,sv
18685,it
15466,tr
30779,nl
27008,it
15812,de
4930,tr
29243,id
7320,af
31716,tr
26313,sv
9146,fr
26058,it
34520,fr
9298,tr
16139,nl
202,af
31479,af
13762,tr
24009,fr
27546,en
3764,tr
16047,id
4792,pt
8234,en
6649,af
35439,de
30372,it
27028,fr
14908,de
14074,en
19546,it
6863,it
1038,id
5801,sv
13534,af
22519,tl
21590,af
5492,es
3750,es
24875,it
7630,fr
6081,it
27513,pt
34157,it
20778,it
20897,tl
1016,de
4566,tr
24596,tr
14737,af
18615,sv
21794,tr
4409,fr
33703,fr
30685,fr
25124,tl
28705,fr
25765,sv
34241,pt
17711,sv
6098,sv
29941,es
26905,es
34324,nl
32227,af
25166,fr
26731,id
3833,de
26747,id
16326,it
9910,es
10483,pt
4999,it
32155,sv
8774,it
18754,en
5722,id
29122,en
9190,it
25169,es
2419,sv
23049,nl
1623,de
32284,en
26041,sv
2096,pt
20048,sv
1758,fr
21836,af
30181,nl
25045,tl
24241,tl
799,it
16613,af
11386,sv
3428,id
18362,de
5279,tr
18030,de
17873,de
34394,es
28421,af
12588,nl
29503,de
4559,fr
29916,af
19396,nl
5336,de
27464,en
11628,tl
18616,fr
28310,it
31764,it
720,en
9738,nl
9888,it
512,tr
123,id
1765,af
24364,pt
9734,fr
35243,es
18083,fr
18952,id
8915,sv
9956,id
16635,nl
3263,tl
31840,es
21677,af
7638,pt
907,fr
13935,it
30039,tl
16550,sv
4956,it
23259,it
28192,sv
17882,tr
24357,tl
12104,tr
24048,pt
4427,af
6105,fr
18467,en
5445,es
17279,id
21456,tl
27420,es
5339,de
33546,it
4576,tl
4702,de
33156,tl
11132,es
3540,sv
26316,de
24806,fr
33225,es
30692,es
11373,pt
2586,nl
5972,sv
22936,it
8476,tr
28612,es
19747,tr
7384,nl
14071,sv
13263,pt
29866,sv
23295,es
3826,tl
22824,es
34721,tl
7163,en
16233,id
23884,pt
13156,tr
29445,en
21876,en
34366,de
32672,fr
17655,pt
14636,sv
26592,de
24592,de
11321,es
1497,fr
12167,id
30349,en
9004,af
17357,tr
21375,nl
7900,fr
14513,en
3367,pt
29938,es
11617,af
19030,tr
25452,es
29027,en
27492,tr
15725,nl
13516,en
3827,en
24340,de
16842,fr
17960,af
17810,sv
27338,pt
15877,de
21758,de
18670,de
28987,pt
19655,id
35234,pt
11191,sv
20367,es
12079,de
15051,es
3363,en
33389,it
17023,de
3039,nl
33623,it
34762,id
6288,fr
24769,id
6452,en
28225,tr
20095,es
19665,pt
34438,af
25690,af
22392,de
1458,en
27784,pt
121,sv
16056,de
7545,af
26879,id
20314,es
28185,de
15589,sv
8483,id
11543,es
11026,de
18473,af
6748,sv
34670,nl
25024,tr
25300,en
24401,de
16549,pt
29680,pt
19642,fr
12569,en
13645,nl
33749,tr
14995,en
34235,af
5949,af
26154,tr
13388,fr
35541,de
31238,sv
7327,pt
23357,fr
10491,de
11784,de
2592,pt
14888,pt
17743,it
10003,nl
13785,it
13758,it
19819,sv
17035,fr
21379,sv
31442,sv
14654,es
25094,tl
16166,de
18217,pt
11877,id
182,tr
14778,en
5528,fr
30471,tr
27971,en
11770,tl
30154,tl
6908,tr
17068,tr
33049,sv
15666,it
11756,de
6707,sv
22210,af
1161,pt
27783,af
30066,id
7864,it
32488,pt
14130,en
16602,de
16296,es
9814,fr
33259,sv
28082,id
10487,nl
5147,sv
22625,nl
13052,pt
18774,en
18926,de
13958,tr
33165,tr
26757,en
11071,de
11798,sv
31579,en
16380,fr
20981,id
18626,nl
12600,it
2875,nl
25864,id
14331,nl
10534,de
1062,id
34300,de
35169,sv
5599,it
16654,fr
21611,tr
29184,pt
5911,fr
6205,es
24314,fr
13571,af
22664,tl
34897,nl
7636,fr
30560,af
8537,tl
23510,it
9985,es
29766,tr
6670,tl
7099,pt
28890,fr
9152,tr
14212,es
32649,fr
28823,es
10195,tl
11769,pt
34740,it
3088,es
4605,sv
35137,it
3487,en
7234,af
15781,nl
34142,sv
32523,id
1822,id
13219,en
12850,tl
8195,es
24627,de
11925,fr
26941,es
10725,en
34620,tr
3641,nl
34415,tr
15712,pt
20311,af
21411,id
27921,nl
17144,en
11559,sv
13154,sv
10458,tl
3585,en
31901,af
24210,nl
30481,tl
19786,sv
1319,pt
22497,de
6145,es
33594,fr
5230,nl
19900,nl
15276,nl
117,es
15650,sv
25802,en
26160,en
30949,fr
16243,tl
22280,tl
34336,de
25301,nl
33902,en
7574,nl
31166,pt
358,af
19041,nl
9428,fr
29535,es
3312,it
1688,es
1155,tl
22386,id
28386,nl
16133,af
27702,pt
27426,af
9751,pt
31116,sv
34461,fr
6846,tl
17965,sv
19348,en
604,af
18964,de
34941,fr
3917,tr
4508,sv
10193,it
26493,en
31136,nl
31667,sv
32253,sv
18336,id
17930,nl
20317,id
27581,fr
686,de
26242,en
32777,es
31913,af
4437,fr
32606,pt
31131,tl
35561,tr
23019,fr
26319,tl
11477,fr
17021,nl
21090,af
34220,id
209,nl
34727,it
34293,pt
1983,af
17356,af
32752,en
11933,pt
14494,pt
28821,tl
33141,it
17074,id
28753,tr
15490,tl
17300,pt
16946,de
32487,es
25194,en
23793,de
3517,af
23101,fr
9251,af
29742,tl
878,it
9832,sv
32130,sv
25704,nl
16732,fr
11637,fr
18536,nl
13582,fr
17497,tl
21495,tr
18643,nl
27517,af
13903,tr
19746,tr
8545,af
19849,pt
22904,id
3545,af
26191,es
22596,sv
32330,fr
2802,af
21892,af
24763,de
13544,id
24035,af
23449,pt
30922,tr
33945,it
18945,pt
22768,pt
8806,af
427,it
5245,en
10010,it
13694,sv
32144,it
17741,tl
23903,en
22796,sv
3869,pt
14387,nl
5309,de
28741,af
10957,af
5348,tr
813,tr
1273,de
28542,it
22228,sv
13228,sv
20140,de
12912,en
21542,en
18558,tr
17903,pt
7103,tl
11900,es
26478,pt
7403,tr
26628,sv
16156,tl
24604,es
33726,id
32674,tr
35009,nl
12322,nl
5626,es
31484,de
21049,fr
24348,pt
29732,tl
312,de
27876,pt
7726,en
33525,tr
21346,sv
27999,fr
23693,tr
34849,it
7154,id
22524,id
33044,en
31765,fr
26964,tr
8970,tl
3544,tr
21815,pt
34100,af
4679,tl
17226,nl
21579,pt
5649,pt
14893,fr
16500,af
1813,en
24946,de
13141,tr
8096,pt
9540,tr
5918,it
20198,de
17831,nl
5693,it
29297,de
13955,en
32007,sv
1252,en
368,af
5771,de
596,af
1314,tr
20584,tr
12022,fr
20496,fr
19504,tr
7894,af
19468,de
2640,sv
26023,tl
33719,af
21325,id
20441,pt
33788,sv
9629,pt
4584,nl
13259,es
2266,tr
3711,af
1614,de
15088,nl
16800,tl
28146,tr
5774,sv
4080,fr
17769,af
7180,fr
9627,nl
25854,en
11484,en
2256,tr
17641,es
6934,pt
15601,fr
30303,fr
24007,it
3308,pt
1904,it
32603,af
3606,en
15773,tr
23792,pt
17618,tl
34046,tr
7208,af
34440,de
7058,af
5672,id
12091,it
6550,sv
17531,sv
8164,sv
14521,id
34237,pt
25349,it
22912,tr
22631,sv
4239,af
17827,es
14510,pt
14572,tr
3434,it
25081,de
2118,fr
22521,fr
27053,pt
34152,id
18307,tl
28136,id
27177,tr
12032,pt
679,sv
7199,id
3868,nl
32848,it
18391,nl
14625,nl
7430,tl
8740,fr
11560,en
28592,tl
8494,id
32868,nl
29684,pt
18537,fr
22281,en
3557,nl
11562,pt
21613,sv
29364,tr
11108,en
20999,it
29705,fr
31435,tl
13992,tr
25604,tl
22733,af
34867,en
26258,nl
1352,id
35466,af
18719,es
8791,id
34638,nl
20599,sv
488,it
19162,it
22078,de
28915,nl
14630,en
30987,id
34889,pt
14310,fr
1466,it
14750,it
6746,en
14696,tl
15138,tr
2494,fr
31728,it
29897,tr
22710,es
12592,tl
18667,es
24246,sv
9135,nl
11127,fr
8045,it
23964,id
25453,pt
8821,pt
10321,it
20379,fr
15346,pt
33515,tr
9078,fr
13964,af
3452,id
17595,en
30871,sv
16036,id
28235,fr
32208,nl
24686,en
11036,sv
23267,pt
25368,id
21155,pt
27694,pt
30046,it
24710,tl
22198,it
12683,sv
13810,nl
11974,es
16543,de
12650,sv
7590,it
27766,tr
34512,it
29875,tr
24434,tr
27584,en
4244,tl
24778,it
34589,tr
23475,tl
34962,fr
15656,de
34657,en
26329,pt
21609,it
20217,it
4815,en
20421,en
9472,de
16452,pt
20902,it
20462,sv
1743,tr
28052,es
12702,it
35362,sv
6185,sv
30028,id
1718,it
2305,en
1061,en
20280,fr
22921,af
18763,nl
31593,nl
14361,fr
21314,pt
23517,sv
21748,tr
7578,sv
12724,fr
23334,sv
25807,tr
1447,tr
5786,es
34852,en
5893,af
6262,tr
5431,tl
9648,sv
5920,pt
20042,fr
7758,pt
4729,de
18018,de
5601,fr
20180,en
34855,tr
8085,fr
5138,en
34091,sv
28148,fr
2210,tl
22880,tr
30896,tr
16167,pt
32146,id
17461,id
13558,de
1171,de
22079,de
10206,tl
4051,de
3828,tr
23083,en
6551,tl
27874,de
32570,it
3889,sv
14798,sv
35472,id
12291,en
9618,af
19111,id
26218,id
4372,tr
16501,tr
20171,nl
13759,af
277,tl
11361,fr
34987,tl
13837,id
21645,af
27885,de
10977,af
20887,de
12139,pt
24044,tr
33454,pt
4413,es
29656,es
21423,id
30395,fr
31173,es
16218,de
9851,de
10576,pt
11722,fr
10246,it
31926,en
26881,de
21091,it
16470,it
13072,it
13738,af
34171,tr
1481,tr
28171,af
22646,pt
4074,de
26331,tr
4762,af
20721,fr
26005,pt
33330,fr
26071,it
5582,id
4833,de
23737,af
34387,nl
20687,es
1586,en
8886,id
21320,nl
34980,es
26974,es
12391,tl
9859,fr
27936,nl
29571,es
19484,id
31227,en
1755,tr
1794,tr
24073,nl
33048,tl
33968,nl
35102,id
26850,nl
31863,es
8591,en
11735,tr
9714,id
1833,nl
31737,en
10789,nl
13874,tr
20279,de
24059,nl
34138,nl
24516,id
32454,nl
30551,id
6150,pt
23125,fr
3631,tr
26078,sv
34621,fr
695,en
2421,id
31170,de
12509,sv
25107,af
191,tl
17640,tr
23096,pt
26947,de
7865,id
1209,es
9456,id
30598,tl
21348,id
26303,de
24069,it
21114,af
17462,tr
7831,es
24108,tl
17550,de
13424,af
33934,pt
9015,tr
8526,id
1067,fr
285,en
9913,fr
21943,sv
18722,id
7586,sv
12910,it
18351,tl
16275,af
2215,nl
34807,tl
32679,it
20996,id
24101,fr
31358,nl
2245,fr
12819,sv
5311,en
5418,fr
3536,id
8862,nl
33761,af
2736,id
13508,tr
20796,tl
24568,pt
35545,id
31433,id
34096,pt
13793,it
31639,nl
12229,nl
23946,tr
22539,af
4440,id
18469,nl
29455,pt
17284,tr
25536,pt
20611,es
7433,tr
1242,sv
4039,es
1427,de
7406,de
3332,pt
11852,es
31578,id
2008,tl
495,sv
29497,nl
11645,sv
34421,de
11625,id
21833,pt
27560,en
33301,pt
5913,sv
21725,de
18194,sv
14166,tl
7362,af
4094,de
18453,de
32630,en
20803,fr
25878,pt
12933,es
29003,de
1388,sv
1058,tl
1955,id
16597,tl
8904,de
23441,id
28458,es
24949,tl
6725,en
15547,tl
29185,tl
20165,de
35096,tr
27169,es
16517,it
12425,fr
16202,de
29029,nl
9685,sv
15952,de
7034,sv
22708,sv
18366,af
8641,pt
9375,pt
8896,id
26323,pt
8099,it
22194,tr
21116,fr
30618,it
23263,nl
928,it
12447,pt
15087,it
26818,tr
13295,id
9522,id
6868,af
19675,id
7611,tr
23097,de
14121,sv
8072,it
21716,nl
1517,it
8535,fr
8957,tl
302,nl
15211,en
16724,it
26529,it
34388,sv
1333,tr
30525,id
4203,id
5468,tr
21956,es
15022,tl
8826,it
22888,id
20830,tl
9493,it
27042,it
23165,es
15768,af
26511,en
35665,es
13787,en
9282,es
26904,fr
29780,af
30188,nl
19797,nl
4079,pt
34608,en
9914,fr
11176,pt
4738,tl
18263,sv
29049,sv
9415,id
32836,tr
17372,es
11737,af
34465,it
26777,pt
18055,id
22879,fr
30040,sv
3976,sv
35342,es
33531,tr
12169,tr
27695,de
12061,fr
8453,pt
14379,nl
18512,fr
29140,nl
12050,it
5293,af
26503,it
20039,tr
32671,sv
18094,fr
2868,af
1584,en
32993,sv
27688,de
21123,tr
1326,en
6647,pt
25852,it
16668,af
12200,en
21012,id
8586,it
1686,sv
23717,nl
20959,af
12943,tr
27153,tr
22163,it
33070,nl
6340,tl
4554,it
7300,id
4186,pt
8152,af
13342,es
31455,de
15186,id
4834,tl
21968,de
12648,fr
31349,en
9071,tl
19159,sv
20237,pt
16904,fr
3571,af
291,tl
34067,fr
22001,fr
1160,es
493,en
19512,es
32063,id
16567,de
32342,it
10779,es
23405,pt
4449,it
23646,es
34396,id
23047,en
32495,nl
30578,tr
28265,it
18151,fr
23447,fr
7237,pt
32327,tr
26147,id
21153,pt
27134,af
10686,de
18191,sv
24467,en
33947,es
25407,de
5294,sv
7598,fr
5070,it
2738,it
22212,tl
23008,fr
25170,af
18109,nl
18211,en
25304,id
18691,pt
27432,tr
8398,pt
19583,de
1698,de
9946,de
29997,es
15191,tr
20477,tr
14073,fr
32784,fr
26521,tr
23102,es
13954,fr
33280,tl
2974,nl
33152,tr
19322,af
34484,de
29612,nl
6228,af
3979,pt
6929,af
5400,de
34295,nl
20967,tl
5934,fr
14637,tl
35332,id
35648,en
30015,it
32676,en
13248,id
31679,sv
30063,fr
26876,sv
33841,de
17764,it
19644,id
20389,pt
12030,af
18005,fr
5830,tl
14487,de
18729,tr
23069,de
20594,it
31194,sv
32698,sv
11874,pt
20956,pt
15043,fr
25075,af
34413,pt
24704,fr
21429,sv
9988,pt
14489,nl
29716,nl
29510,tr
20809,tr
32031,id
5033,fr
23563,sv
8764,fr
11068,af
21914,sv
22142,nl
9812,sv
1044,pt
27747,tl
27625,pt
21619,pt
14651,pt
19442,pt
3903,de
24574,id
34808,es
34604,nl
19613,en
20050,es
30465,tr
2301,af
3929,it
6506,en
12840,tl
25135,es
24157,sv
27722,pt
9235,nl
31739,pt
9982,id
25774,es
34307,fr
10881,pt
17426,pt
9529,fr
13004,de
10899,it
14459,pt
26659,tl
12290,es
29095,id
17611,sv
24150,sv
33303,it
35310,pt
7245,tr
27995,nl
18237,en
19266,fr
15742,en
3135,sv
1386,en
11811,af
22430,nl
21262,tr
24569,pt
1489,tr
19276,nl
10785,id
19631,tr
29231,nl
8892,es
14432,af
8811,en
32072,de
30616,sv
31837,sv
2052,tr
5728,tr
26314,tl
2661,de
24231,es
3024,pt
6547,it
3050,pt
35364,es
17733,id
3366,id
16845,tl
25752,fr
3611,pt
3234,en
25490,tr
22766,af
6849,pt
30108,id
5186,tl
3511,fr
34661,af
17583,id
6943,af
587,af
11395,af
31243,nl
20670,pt
4687,fr
8564,sv
4099,fr
6370,en
13058,id
8332,it
27526,en
8012,pt
24137,pt
32447,pt
28536,pt
8905,pt
12487,de
27806,af
26288,tl
20476,nl
33880,it
30650,nl
4773,pt
10586,af
15496,en
2358,es
33258,pt
21527,tr
5388,nl
11471,tr
31245,fr
26639,nl
30604,sv
5031,tr
1829,tr
33265,en
8081,it
32202,sv
4316,en
5670,en
21599,id
18045,es
21053,tr
1487,fr
30067,en
21738,nl
28533,nl
17613,tr
13882,pt
19503,en
12458,pt
22996,id
32404,es
15884,en
15293,en
15764,tl
25130,fr
19556,pt
4108,pt
19315,af
249,id
4777,fr
2741,pt
19698,fr
2503,en
24984,tl
6136,it
11219,tr
16493,fr
2968,en
16601,it
12829,nl
18444,sv
32428,af
15384,de
11029,fr
7623,tr
24736,sv
8819,fr
35326,fr
1000,id
33664,id
13288,tl
13739,tr
25989,nl
35544,de
28405,tr
35116,tl
15775,tr
27445,de
4053,nl
32273,af
6264,es
32833,tr
22156,nl
18715,sv
25468,de
5887,de
35657,en
18576,es
14963,tl
13814,id
32157,pt
20272,nl
13883,fr
9967,pt
9425,af
3853,sv
19991,en
32084,sv
29572,id
31414,fr
11760,sv
7129,tr
7785,af
1832,af
11635,en
5743,tl
5094,af
11715,tl
4983,pt
10898,nl
35518,af
6012,sv
19130,sv
3714,af
17570,en
28744,af
21735,af
25709,tr
34049,tr
12012,tr
11180,pt
11971,id
18394,it
23228,af
13084,sv
24151,de
12238,id
18590,af
7829,it
6454,fr
1663,fr
18231,id
27112,de
8548,fr
14135,sv
2153,it
13061,af
24423,tl
26621,nl
13273,id
15413,en
22977,pt
27916,af
14129,nl
1232,it
32821,en
26214,it
15559,fr
24470,nl
18532,af
31337,de
25494,fr
27633,af
8359,id
9443,it
23767,sv
27119,de
4825,id
33336,tl
11727,sv
2969,nl
19600,it
19507,nl
20990,af
577,es
33840,es
18829,fr
17579,tr
21365,tr
1571,pt
5069,pt
12658,de
18169,sv
5948,tl
23219,pt
11981,en
32276,sv
15741,sv
27130,tl
32343,nl
34082,it
7279,tr
30470,de
27216,sv
26635,tr
29930,en
35452,id
29685,tr
5158,tr
9921,pt
7469,id
19599,fr
35259,tl
14103,sv
18584,de
16476,en
34594,en
23632,id
151,nl
32296,sv
3030,fr
233,en
15753,af
18016,tl
2651,en
11794,tr
22663,sv
5442,fr
18067,tr
17726,en
21242,it
21768,it
13233,sv
31231,tl
22891,pt
17022,en
33609,af
27351,tl
18478,nl
10842,af
9173,tr
17216,en
8990,en
9580,fr
3803,nl
1073,tr
15638,sv
18735,pt
33751,it
1346,es
18930,tl
13402,sv
4510,fr
20372,de
23480,de
15695,af
23160,af
15278,sv
21637,sv
2833,sv
17804,tl
18627,de
15460,es
9758,id
26861,tl
11530,af
14673,tr
22462,es
35523,en
1999,tl
515,es
3113,en
7060,pt
1121,de
21145,af
20357,id
17918,nl
20024,af
188,it
34188,af
15548,es
30507,de
1312,es
4424,id
19134,es
26194,pt
9746,it
26542,de
7109,de
14960,tr
17647,de
8980,en
16373,pt
12453,af
33192,pt
24678,af
30841,pt
22359,es
7856,pt
14627,id
26169,tr
10139,en
15744,fr
6173,sv
13065,es
10843,tl
25095,it
12878,tl
14053,af
31759,id
12662,af
573,tr
11571,tl
29799,af
714,en
29270,nl
2962,nl
33692,sv
1001,tl
12164,tl
32430,es
34098,de
32528,tl
30228,id
34837,es
24271,tl
23691,af
29295,tr
4362,id
8216,sv
19191,tl
4622,sv
10447,de
13173,fr
2659,fr
27350,sv
13517,sv
12784,id
26598,de
31014,en
28916,fr
13872,tl
30191,tl
2948,es
1146,fr
18892,de
25866,sv
3339,id
9983,nl
31161,af
13831,tl
31146,fr
30394,nl
15997,it
33176,tr
22211,de
31677,en
30126,tr
9547,af
17781,es
19020,sv
16556,en
1148,af
34556,sv
1690,en
31424,id
21280,af
19910,nl
6102,it
19483,de
10818,af
710,it
14117,tl
35290,sv
20474,es
22235,it
28511,pt
13439,fr
11698,it
14017,nl
1780,tl
33423,tr
33694,id
4513,tl
31481,tr
23238,tr
19407,it
17548,pt
23795,it
15183,sv
11506,de
7196,sv
37,tl
31643,tr
1884,sv
27157,es
5146,de
1026,it
11814,nl
15690,de
10488,fr
24428,it
25678,es
23438,pt
3673,pt
17206,sv
28152,sv
2110,pt
17829,fr
16679,sv
28620,tl
22595,sv
7968,en
18564,pt
24358,es
10112,tl
6910,es
23310,pt
8754,pt
30802,en
12386,tl
9569,de
28423,en
30195,pt
17049,tr
28807,es
21570,nl
6703,fr
34586,tr
15154,de
26130,af
14247,pt
12858,it
35513,de
2321,tl
14209,tr
12397,tr
26775,tr
31190,sv
17771,nl
14454,es
30789,af
3470,tr
17696,es
14332,pt
19254,id
9534,id
15769,en
4739,tl
29627,sv
23076,nl
16401,de
5044,it
13751,af
9394,tr
21872,pt
18988,pt
34911,id
6482,id
34514,pt
31768,af
35385,en
7624,en
9843,nl
28614,sv
14186,it
2514,id
13275,af
618,af
8870,af
20723,af
23805,tr
28408,fr
11381,tl
6052,id
26217,af
812,es
3637,fr
10358,es
21276,af
5195,fr
28632,pt
6914,af
11584,nl
201,de
17092,en
12898,nl
1576,pt
26686,de
31998,nl
29473,pt
2471,af
348,sv
19125,sv
7098,nl
5964,de
17826,tl
32578,af
7861,de
33685,es
2204,tr
9095,fr
14479,it
22237,tr
24328,tl
13542,af
31379,id
400,pt
11142,af
29360,sv
14973,es
23966,tl
18274,en
13309,tl
30120,id
8060,pt
26750,de
4693,nl
605,pt
9480,tr
20872,af
518,af
11318,it
15693,nl
24854,it
33630,sv
10645,tr
26430,pt
29887,de
33704,fr
18969,it
34094,fr
30101,es
35467,tr
6715,en
2932,fr
7028,it
26236,sv
28573,pt
6420,id
3075,it
7112,fr
15651,es
17396,es
1402,tr
35013,en
33261,fr
21308,tl
24194,pt
26797,es
20533,sv
9226,af
2682,de
10389,pt
13658,it
34864,tl
2134,tr
16301,af
12276,af
29097,tr
33182,it
19393,fr
15147,fr
35412,it
2408,id
15772,en
11454,it
3233,nl
22795,it
8803,tl
3222,tl
25598,it
30725,af
6208,fr
20503,nl
15687,tr
34825,sv
10269,pt
22656,tl
27800,nl
26036,es
26172,tl
2555,de
25817,it
3502,tl
9995,en
33438,tr
17081,de
20321,id
13407,af
18029,de
12883,id
17887,en
4635,af
11006,nl
4718,it
7751,af
3017,nl
14060,de
25497,de
7207,it
33076,tl
21877,es
18504,it
14538,es
24687,fr
234,en
9932,sv
26588,sv
19824,en
21331,fr
20396,af
10550,tr
18843,id
33491,de
12089,de
25076,fr
12272,es
5235,nl
18459,de
8617,tl
31633,id
4927,es
133,id
17256,pt
29249,tr
20142,pt
23043,en
32272,de
2567,id
15318,tl
23394,pt
25177,id
21497,tl
10652,sv
12558,nl
18914,sv
18396,tl
32222,tl
395,nl
24741,af
32026,sv
5707,tl
12780,nl
4003,tr
25879,fr
17994,de
10638,af
2505,it
19314,sv
13358,tl
30370,id
16262,af
20968,af
11663,nl
8147,af
4374,pt
23354,fr
19759,pt
7605,sv
19209,es
18476,af
24292,tl
34937,es
27275,id
25226,en
14144,fr
18465,de
34390,tl
1752,nl
17512,tr
2450,en
20610,de
2642,id
34066,en
2114,id
15066,sv
12953,de
22900,pt
8587,tl
3640,fr
16738,es
20405,tl
25664,id
26351,sv
25886,de
3173,sv
13373,de
21526,it
6246,pt
35037,it
16086,pt
1924,tl
30267,tr
23547,sv
9918,tr
35270,sv
11754,es
35066,nl
34201,pt
22401,tr
16456,pt
6401,en
28687,fr
31862,de
34695,id
30634,nl
800,tl
27532,af
34811,tr
21387,tl
24300,nl
35398,de
9901,af
23300,tl
17119,tr
23197,tl
8404,sv
3733,fr
14858,fr
17351,af
6038,en
29276,es
19602,de
15394,tr
6966,tl
35630,pt
19508,nl
29451,af
16382,af
17137,tl
483,pt
20878,id
33534,pt
3554,it
16174,it
16059,it
30683,af
7228,fr
31685,fr
198,tr
7783,sv
4689,de
13791,pt
27854,pt
17386,de
11216,tr
2021,tl
139,en
16412,tr
13535,fr
22667,tr
27290,en
30663,pt
9270,id
34899,nl
8355,en
4302,nl
31692,en
32754,pt
5135,it
12223,id
401,sv
29214,tl
31117,fr
11913,it
32271,pt
35354,sv
6510,af
33016,sv
4340,af
20133,it
19181,id
9371,tl
29924,tr
18184,tl
30847,fr
23060,tl
32212,de
2656,tl
1730,en
11864,fr
32583,pt
9417,de
20273,tl
24175,nl
17244,en
600,de
15699,es
2854,pt
2230,it
31945,sv
25958,tr
23602,nl
23216,nl
6973,pt
12633,fr
24701,sv
18607,es
32790,sv
19257,en
17935,id
2890,es
14685,en
22396,tl
14321,tl
11709,pt
21362,af
35376,tr
25898,de
27941,en
7501,tr
27553,id
15887,fr
22174,tl
10880,es
30518,it
22671,es
19589,nl
33566,pt
24041,fr
30418,fr
11566,it
5644,tl
18515,en
11340,pt
35242,af
9057,en
4160,nl
18496,es
35018,fr
33,tr
3642,pt
20886,nl
28918,sv
33482,tr
2863,es
24708,fr
11228,nl
11235,de
17633,af
32984,sv
13513,tl
17086,fr
20930,it
19960,en
10065,pt
24463,id
2313,tr
23371,de
20394,af
17793,tl
30433,it
902,tr
15424,af
11114,tr
30868,tr
33501,tl
27220,sv
29942,de
115,af
14034,en
1253,tl
1959,sv
21950,nl
35222,de
606,es
17995,pt
14005,id
31226,en
11304,it
12548,de
3693,en
20063,tl
35609,fr
33181,en
13482,fr
896,de
33616,fr
3784,es
2463,en
30379,fr
33455,pt
18574,es
522,tr
25291,pt
31704,en
871,id
34489,nl
17482,tl
7569,en
2977,tr
22284,es
1371,es
13541,id
26907,de
15348,tl
18080,sv
18230,pt
22286,fr
9801,en
4620,tl
18293,pt
11751,fr
975,sv
33636,en
21056,fr
2047,es
9311,de
24613,it
31265,it
9596,sv
14743,es
13708,af
678,en
3813,nl
6612,sv
10335,sv
552,es
26015,it
16391,id
21301,de
32051,af
33088,pt
28633,tr
2158,tr
5856,fr
102,id
34451,nl
6257,sv
34020,tr
32236,sv
5870,sv
18235,it
5017,af
23364,de
30003,tl
31930,nl
33542,en
10327,sv
4678,es
8078,es
3078,tr
26412,pt
12184,it
33677,tr
18603,sv
3696,fr
31108,pt
23600,tl
23898,tl
17716,tl
21634,af
13433,tl
2289,tl
5617,fr
9299,tr
1274,fr
14779,id
26771,tl
11963,en
5871,en
35184,pt
24133,tl
12709,pt
33793,de
25074,af
18038,tr
34229,af
7243,en
18828,fr
7842,af
32622,tl
20417,af
9308,sv
4022,de
24564,en
22147,pt
33204,it
31946,tl
1116,fr
32378,es
17402,es
891,sv
6951,de
23430,de
14871,sv
24420,it
16318,id
17087,it
16790,de
32780,id
22083,tl
34047,es
2495,tl
20497,sv
23302,fr
31048,en
27287,fr
29650,tl
12334,nl
21101,af
19329,en
28677,tr
33633,af
13324,nl
21477,tl
3256,it
15612,id
5751,sv
10355,af
32479,pt
28634,sv
27923,id
4711,tr
25198,pt
16893,de
24360,de
13109,fr
13796,en
23268,en
30339,nl
7546,fr
28535,pt
27344,pt
4875,id
13355,nl
3246,de
31204,id
10617,id
34780,it
30480,tr
11,it
620,en
35507,tr
22037,en
12217,en
28846,af
18282,tr
1028,tl
1349,fr
25611,pt
32091,it
33216,fr
24100,pt
22809,fr
31736,nl
23257,tr
34960,de
31137,nl
26955,it
6437,tr
34751,tl
12231,tr
4192,de
4137,tr
13836,af
34169,tl
5761,sv
14377,en
18752,de
18801,it
25344,de
18287,es
23559,id
16215,af
8348,tl
34403,fr
30353,pt
20979,fr
8226,sv
18073,de
2442,tr
5521,it
3103,nl
21111,it
12439,it
14187,en
1436,af
34069,it
10575,tl
5947,sv
35032,sv
12715,af
14552,tr
1165,de
21962,tr
28281,it
24392,id
9519,de
5227,fr
30052,de
17507,sv
22215,nl
26836,pt
32462,en
9617,pt
23957,de
356,tr
25680,pt
10341,de
16003,en
14632,sv
10296,tr
11045,pt
4911,en
12921,es
8132,de
7724,af
26346,af
2507,tr
15220,nl
26486,de
23855,af
32053,af
12430,nl
32924,id
29943,af
822,af
32715,pt
6727,de
25877,es
23636,nl
29936,es
16734,tr
6042,pt
21769,pt
33350,pt
19561,id
199,sv
9772,it
1341,id
819,it
9030,id
21383,nl
24399,de
18560,fr
4657,pt
18095,tr
24036,it
30866,es
8336,de
24615,af
12783,tl
34437,sv
9636,id
3730,fr
16859,af
4532,it
10402,af
11678,fr
19598,it
18939,it
32307,es
20976,pt
23226,de
13504,de
35195,nl
14137,en
9807,tl
10715,pt
28728,fr
8559,af
28514,en
3365,en
32143,id
34680,en
31020,nl
25042,nl
3381,tl
6413,pt
1011,af
16762,id
33334,nl
21971,nl
21924,it
20875,pt
28320,pt
17845,id
3250,nl
21124,af
32480,es
20021,it
13742,af
378,nl
34153,tl
34496,es
15437,de
8113,es
27116,af
20826,tr
18011,sv
34895,en
2090,id
14278,it
6999,nl
8986,sv
29655,sv
15146,nl
15465,sv
24236,tl
8939,en
24514,nl
15512,af
27319,sv
17449,af
25360,it
9140,fr
3932,nl
34102,es
9303,es
25129,de
33328,en
1428,fr
13875,nl
8901,id
29205,it
4826,it
31919,en
16212,tr
28473,sv
1078,es
7038,tr
12163,fr
13283,fr
24905,nl
35522,id
9900,fr
12326,tr
8370,tl
7579,tr
16802,sv
24142,en
28667,en
19703,es
34318,pt
3629,de
28954,sv
1724,it
19482,id
19985,pt
22339,af
6346,pt
10324,pt
33577,fr
20788,fr
1308,de
25366,en
31102,pt
18623,sv
30447,en
24565,en
32381,tl
35094,pt
14751,tr
20132,tr
21255,sv
11608,id
30036,tr
26873,id
8785,fr
14666,sv
29143,af
4489,en
7738,en
25601,de
8148,tl
10627,pt
13008,pt
6373,de
29744,af
10451,sv
27934,fr
14876,pt
6885,tr
19047,id
23591,id
35003,it
26704,nl
15674,it
7094,fr
30678,it
29381,fr
9739,en
34456,it
10624,af
22555,fr
17123,af
11679,fr
26594,tl
35661,es
35612,pt
10153,fr
31626,de
6869,tr
9452,id
28101,en
4713,fr
11587,sv
177,af
10541,de
27487,tr
26231,af
6798,nl
8097,af
10564,id
24451,fr
15105,en
26751,es
22759,fr
25084,de
20978,it
28690,tr
34976,id
15118,id
13980,nl
28812,it
237,tr
5023,tr
30571,de
10277,nl
35646,de
29628,de
21636,pt
16017,sv
31805,tr
6385,sv
11892,tr
17289,tl
4997,sv
16285,fr
17298,de
19999,en
10905,es
6802,pt
35126,af
4390,tl
8001,sv
17602,af
9866,es
20974,de
9767,tl
32363,it
7251,nl
11466,es
3578,de
28816,id
23537,id
32167,it
14392,sv
21842,it
25381,es
4439,tl
24043,en
9846,tl
7197,de
22443,tl
5016,id
15478,tl
9511,tl
22737,af
23439,af
471,id
12586,tr
25546,de
31261,sv
1720,sv
11117,tr
24254,nl
34079,af
17200,pt
17708,fr
27524,it
32310,en
14590,es
12451,pt
6426,tl
33505,nl
20453,id
6024,it
5155,de
22775,es
5846,es
33021,sv
15984,es
25685,fr
919,tl
30694,pt
5469,nl
22203,sv
11487,tr
12865,en
34682,af
26045,de
4650,tl
16473,sv
29597,pt
9156,pt
13032,de
23252,tr
33584,pt
11792,sv
11280,fr
10434,sv
22658,tr
11434,af
30651,af
2296,fr
19306,af
1052,en
25423,nl
19719,nl
23346,id
28805,sv
16771,fr
1449,id
4454,id
4152,fr
11882,tr
21225,de
7114,sv
11052,tl
9555,de
32415,fr
3148,id
16552,de
11511,en
21631,es
33231,it
7312,nl
7504,af
23782,tr
17774,de
21041,af
28945,fr
20447,de
15162,sv
30035,tl
28210,af
438,sv
27852,es
11987,en
703,af
7966,de
13518,en
7037,tl
9541,af
33013,de
17495,pt
5524,nl
32445,en
32978,tr
16935,tl
14754,tl
21775,en
22218,af
17494,tr
26439,es
13047,es
12493,fr
8878,es
27183,nl
27066,af
20524,tr
8973,pt
11046,it
33311,es
16397,af
13652,tr
20323,nl
34964,en
23527,de
32422,es
34332,en
23562,pt
13503,sv
22314,de
35629,nl
7217,en
3165,tr
5167,af
34158,af
7416,it
13009,it
25037,it
32481,tr
12083,tl
30795,af
32720,tr
33854,af
25979,id
18856,id
7401,nl
30163,tr
24121,it
15506,af
29344,tl
26736,es
5354,fr
19290,pt
3040,sv
32629,af
31255,pt
35181,sv
11990,sv
23075,es
6049,id
6564,tl
25859,af
24670,pt
2270,fr
7653,es
16489,es
31580,nl
10049,sv
32281,en
6055,tl
5818,en
24512,sv
1357,nl
19781,tl
10877,es
22268,fr
8708,tr
24169,tr
22947,sv
34375,de
1218,fr
23151,id
22951,sv
31060,es
34328,es
23513,id
16521,en
33183,en
19437,tl
8345,tl
6900,pt
30207,tr
33047,af
16210,tl
6254,it
1500,es
12937,id
1376,es
21622,id
24274,en
23900,nl
28057,fr
18387,pt
8872,tr
19112,es
13063,sv
12550,id
11824,af
31122,tr
18218,fr
14603,en
29542,af
14765,pt
8931,es
22812,it
30467,tr
9296,af
27006,tl
22141,es
19291,id
29700,en
20121,fr
30093,nl
28466,tr
16592,tr
21800,tr
26165,es
700,tl
3721,pt
32891,es
19145,tl
9342,es
34627,fr
28087,af
19837,sv
2954,af
25961,it
35471,de
13647,pt
8680,id
19555,fr
17638,sv
27977,id
31583,de
25582,tr
22924,pt
21658,en
30114,tl
16986,tr
35058,id
27025,fr
863,nl
35109,tr
29225,id
14146,fr
17574,af
28107,sv
25577,it
18918,af
30106,fr
11953,pt
15849,es
18146,tl
10515,sv
21468,es
5074,af
24931,de
18088,it
5082,fr
23711,af
17912,tr
18474,de
23168,id
29917,sv
35212,sv
17140,en
5283,it
15785,tl
20744,af
3885,sv
25111,it
13227,tl
4351,af
26026,sv
14826,pt
24204,nl
621,tr
10997,es
22723,de
11229,tr
14547,id
12752,es
12764,af
6338,tr
2926,en
22333,tl
9742,tr
13937,fr
23048,fr
34877,sv
31222,nl
18844,sv
26848,es
17433,pt
909,tr
26657,de
20296,id
24313,en
27710,tl
25151,af
13456,tl
33449,de
18895,en
34463,it
24647,sv
11166,en
14658,af
10339,sv
22202,sv
1404,en
20152,fr
1603,sv
21251,es
21515,es
24287,en
5212,de
35531,tr
19046,es
21249,pt
17981,de
1613,de
5026,af
33460,id
9711,pt
25430,en
7224,af
16195,es
22754,tr
2319,en
30128,es
27117,id
26279,id
18567,pt
5587,es
29666,af
24230,de
15647,sv
1175,pt
25019,es
16444,fr
33065,fr
7558,tl
17361,tr
9239,sv
16699,nl
30252,pt
31700,tl
5965,es
4040,sv
23272,fr
18848,pt
31030,es
17380,id
29848,tr
23574,fr
9718,tr
31658,it
34735,fr
26010,fr
8468,pt
32601,tl
31847,nl
6878,pt
32737,en
14715,tl
10158,nl
2102,pt
20146,id
25058,tl
13231,tl
19029,de
4435,pt
24115,nl
23651,nl
16616,sv
10475,af
32214,pt
10218,fr
7156,nl
30194,es
4724,tr
25610,af
23417,en
21906,es
598,nl
20954,nl
11569,es
17634,it
19520,nl
23765,af
11643,af
10138,af
14371,tr
8223,tr
6421,it
30086,nl
14323,pt
23369,it
4497,en
11634,nl
29954,nl
31820,af
26287,fr
15600,es
19534,af
9316,af
16563,es
34251,sv
6501,af
12206,sv
6680,tl
12277,sv
22152,de
4527,nl
1287,it
6766,pt
4715,sv
11169,es
25027,tr
9962,sv
17436,en
26392,tr
35363,sv
16104,sv
16447,nl
27877,it
17795,sv
19250,id
25710,fr
31456,tl
34637,en
2372,af
23401,af
3473,nl
11002,it
17138,id
1895,nl
4401,en
26401,sv
15569,pt
9736,it
28791,pt
15965,it
21961,sv
4358,pt
29920,tl
1409,tr
20626,nl
16482,sv
17327,pt
25477,pt
13282,fr
15303,fr
34325,es
4659,tl
17270,id
19279,es
15462,fr
31537,pt
32501,nl
1462,fr
6490,de
3800,nl
14879,pt
11255,id
20075,de
32631,tr
18286,tl
33153,pt
17253,id
10255,sv
30424,sv
18827,af
33402,pt
15823,tl
5224,en
29218,es
1772,fr
14555,it
24265,nl
35345,en
12686,af
22821,af
32417,af
16387,it
32589,de
33486,de
464,it
8409,fr
25845,nl
10457,fr
89,de
28047,es
27334,af
3561,sv
29039,it
18171,af
6164,de
31561,pt
4632,tl
5724,af
16768,id
6683,pt
7012,es
33299,fr
19538,tl
23038,af
215,de
11905,af
2998,en
17166,af
11516,es
31686,de
33154,fr
15262,es
10085,tr
33499,nl
25370,it
27510,id
34374,it
785,es
21549,de
31801,fr
11091,en
17432,id
5288,tr
30597,af
31126,af
6132,tr
22138,tl
22941,tl
16648,tr
34060,de
22696,es
905,it
8940,it
23842,de
9632,sv
11115,nl
19790,de
1041,nl
3027,tr
8326,it
10752,es
7048,es
28012,id
22273,nl
34442,tr
19225,pt
13137,tr
20222,id
16455,af
29187,nl
4399,fr
25980,it
24067,es
8917,af
28368,nl
11972,it
18978,fr
27723,af
34634,de
21093,pt
19398,it
15623,es
4312,en
458,es
16963,nl
10691,nl
31267,nl
27684,id
24065,sv
17830,nl
9419,it
34632,it
32407,id
28801,de
9031,af
2381,tr
17752,de
6465,fr
20163,fr
18571,pt
145,af
4809,nl
10040,sv
26794,pt
10702,nl
10360,sv
30820,nl
22236,nl
4669,en
22269,es
21234,tr
4084,it
328,it
31223,tl
5077,de
10526,id
34470,tr
15900,af
29729,af
4681,tl
6688,tl
24922,tl
28928,nl
4428,tl
10253,es
16418,tl
9585,nl
3443,tr
35419,id
13598,en
1446,tr
9392,pt
31313,tl
15771,id
20136,nl
33648,sv
2295,es
30010,de
13360,pt
33493,af
4282,af
9315,nl
20094,nl
32559,de
34474,tr
21825,af
34861,id
24779,tl
30566,en
33817,nl
31281,tl
15927,it
7190,nl
33037,de
18254,de
25191,id
7665,es
8058,it
27442,nl
8719,tr
34056,it
15873,sv
32319,es
30325,af
29694,sv
13370,id
18,sv
8474,pt
27749,nl
18863,af
15752,it
22298,id
33478,tr
28381,pt
28461,af
20538,pt
22068,es
2221,es
18629,fr
4888,tl
7319,sv
17032,it
14992,sv
32949,id
30440,it
32642,id
4535,es
7971,af
33886,tl
10634,tr
5729,it
86,af
21199,tr
24887,sv
9085,pt
14,af
11095,pt
17920,fr
29933,it
21940,en
16681,id
32472,tl
2882,pt
11439,af
26444,pt
14886,af
15245,tr
21410,es
12256,pt
23874,sv
6202,pt
25272,de
33497,es
25185,af
22489,de
6575,nl
18295,nl
5589,id
20276,tr
508,id
10935,id
5192,de
24506,af
16715,fr
29540,sv
14398,en
459,id
29356,it
25650,nl
11470,en
19383,es
19940,nl
3217,de
9455,fr
33713,tl
11688,nl
16100,en
15382,de
30540,fr
4224,nl
15604,it
16672,es
9034,pt
17867,en
10920,de
24053,en
25485,af
14397,tr
17471,nl
7938,pt
178,sv
28472,it
13449,de
19022,fr
3279,sv
19711,es
15134,nl
2091,en
9349,es
26222,de
15973,tl
16201,it
24042,it
20004,es
20427,en
12617,es
24557,tr
22677,af
20490,es
28975,it
27736,it
19096,it
35299,nl
35687,en
7157,fr
34224,sv
11937,es
15816,en
28425,tl
33625,nl
27545,es
35535,id
12543,tl
31971,nl
11703,es
21908,tl
5331,pt
6322,pt
24419,it
28200,nl
28131,id
18709,nl
21630,en
9369,fr
6613,en
27742,sv
29785,fr
34802,en
7933,af
27331,pt
2797,en
15330,id
9774,es
32093,pt
8251,en
19451,id
21508,it
2394,id
20985,pt
30526,it
4168,de
648,es
20720,pt
21246,fr
34043,nl
2820,id
12568,es
22146,fr
424,fr
3258,tr
28613,es
9040,de
8487,es
19146,nl
25585,af
30212,nl
4153,en
6603,pt
18534,id
12230,de
8412,pt
32114,es
23575,pt
16471,it
31745,id
30338,af
27610,sv
33017,en
20424,pt
10066,tr
16607,id
10516,af
15737,id
2232,tl
30068,fr
8082,it
6029,pt
8341,nl
33029,en
26269,pt
7877,tr
18943,es
34122,nl
7084,fr
12132,pt
19510,nl
12835,fr
25413,tr
11452,tl
14125,es
16347,de
21895,pt
14507,nl
15448,nl
15991,es
16948,af
16838,id
33269,af
30964,pt
18855,id
32110,id
24633,tl
5030,fr
5515,en
1705,en
27086,nl
650,nl
9835,fr
22989,tl
17168,it
19240,sv
3461,af
2973,id
4190,en
7142,es
24589,nl
33373,nl
11475,sv
11607,es
25531,sv
32014,nl
33539,fr
6252,tr
2227,es
30038,en
21304,id
6235,af
24484,sv
7100,tr
13188,fr
24554,fr
33139,it
2359,it
1798,af
11320,es
16084,nl
14653,en
28769,id
26385,de
5405,tl
12015,sv
9458,tl
26843,fr
23299,tr
22381,tl
25355,id
26473,en
29165,es
2626,af
20769,pt
24459,af
17719,id
35062,fr
26022,tr
25742,nl
75,pt
15845,es
25433,tr
4913,tl
30007,af
7366,tl
34176,en
12665,tl
29840,id
6349,tr
19893,tr
22113,pt
14457,de
19892,sv
26499,de
15940,sv
19645,es
19586,fr
27805,af
4638,tl
26211,tr
7399,pt
22601,es
5558,en
22781,tl
13622,es
10874,sv
35095,sv
2511,af
7562,tr
9215,en
11272,af
33698,pt
32304,tr
2448,en
17159,id
23164,id
18845,de
19935,it
13067,tl
2858,tr
22672,id
12776,sv
35357,af
30112,pt
29588,nl
6129,id
6568,pt
10041,en
31160,tr
25698,sv
10129,nl
28905,sv
3818,tl
21540,es
4943,tl
28162,af
2089,fr
17695,it
12968,fr
2777,sv
1837,en
14352,pt
23284,it
15516,id
6899,fr
18108,it
5689,tl
32226,tl
9803,af
25323,en
4476,tr
15351,it
16298,af
23484,nl
34988,id
18354,it
15176,nl
18921,tr
32640,tl
2126,pt
14394,af
13369,pt
8501,sv
16211,tl
3652,tr
27614,tl
17779,en
1353,tl
2857,sv
5050,es
5898,sv
12081,tl
26585,id
13841,af
22570,nl
10812,sv
18188,pt
26487,es
15850,it
18471,tr
30988,fr
19620,nl
18437,es
29492,id
25950,tr
1091,sv
7657,es
7912,en
2386,tr
3635,fr
32455,en
16570,af
12043,en
12338,tr
12286,de
17048,en
9347,en
31165,tr
27434,id
1863,tr
6022,es
10179,en
23827,tr
26198,nl
17878,af
10774,tr
5518,tr
4758,es
73,pt
3189,it
13123,nl
26441,tr
24288,nl
24269,af
31462,sv
8193,id
4623,tl
17515,tl
22324,nl
19356,pt
30749,es
13133,sv
10254,sv
20232,af
12195,tl
4830,es
10236,nl
17444,tl
13410,it
17599,de
5854,nl
20150,es
11103,fr
34260,tr
9332,es
34197,nl
13208,en
3104,en
26600,nl
8919,fr
26543,fr
18876,en
28298,fr
16427,it
24116,nl
35683,fr
12068,es
22247,tl
14981,de
8443,id
20041,sv
8076,de
24337,fr
26645,id
27679,nl
29802,tr
30642,tl
2249,af
18226,de
17031,de
28649,pt
23758,de
23831,fr
16561,it
15031,id
3095,en
34506,es
33562,nl
31072,af
3599,fr
31356,fr
31495,af
19428,tl
17849,de
19966,sv
979,de
13281,pt
10756,nl
30458,nl
12443,fr
29995,es
7119,de
11143,id
5890,sv
28591,nl
30889,tl
3133,fr
21975,en
10557,af
21823,tl
19463,de
436,es
3772,nl
27494,de
3913,tr
23135,es
23530,tr
35227,sv
10414,nl
34588,en
11632,fr
33626,tl
30096,de
4020,tr
33023,tr
29633,pt
35122,es
14164,tr
10592,en
29053,tr
11179,sv
29213,nl
18923,nl
3677,de
14040,es
23316,id
10945,en
33058,tl
8495,de
13771,pt
14838,sv
2023,sv
14118,sv
31772,id
5957,fr
4735,af
18399,sv
26361,de
11349,pt
30516,pt
26510,af
14561,tr
5039,pt
19945,it
11039,tr
4347,it
23400,pt
3028,id
21618,tr
13210,fr
28873,id
26576,id
352,tr
29323,id
8788,id
30482,de
22282,id
11825,nl
35,tr
32408,fr
11175,sv
17342,af
4848,nl
33922,af
9576,nl
369,tr
24070,nl
14100,id
2,it
19014,de
10200,nl
14883,en
19871,nl
32907,pt
32767,de
26315,pt
34445,en
28685,en
6429,tr
28080,tl
24232,de
19623,sv
15376,nl
20802,af
32814,en
11040,nl
31978,af
29735,tl
1164,af
4217,af
30532,tr
17526,en
29482,af
26720,en
30733,id
3185,sv
22495,pt
14382,af
29116,tr
13716,sv
12680,sv
3963,es
16569,tl
34763,es
24479,nl
13859,id
3235,it
31471,id
15974,id
6752,it
21126,tr
35420,it
13270,tr
3388,fr
28742,es
26994,nl
14199,sv
1159,tr
6743,tl
18376,it
4166,de
25439,it
4204,af
2543,pt
15386,de
8714,sv
21274,de
445,it
6066,pt
6393,de
9634,fr
7583,en
2967,id
8222,fr
22816,en
27381,en
17061,pt
32334,es
18409,id
24066,tr
14740,en
31470,pt
11297,fr
29911,en
13932,tr
17657,tr
24802,tr
33255,tr
34017,tr
33404,tr
4581,sv
5370,en
3111,fr
20927,af
13729,nl
32543,pt
1456,id
20743,es
28556,pt
16184,es
16083,pt
6449,en
34823,nl
15340,de
5024,af
1582,id
4246,de
9752,it
22929,it
15370,tl
20026,tl
24583,de
28424,it
30969,tl
30378,it
18944,en
8378,nl
26061,tr
1657,es
34550,pt
33087,tl
13017,en
3097,af
21449,tr
7289,af
15155,nl
18153,pt
34645,it
13585,nl
25649,pt
6891,en
19003,fr
32292,nl
16189,af
7754,id
24671,it
30132,sv
1050,id
20114,pt
11954,tl
22383,pt
19543,fr
28903,pt
6406,de
15921,id
1051,it
5117,tr
32256,tl
34744,es
8935,es
9770,fr
15126,es
21470,en
13740,it
33488,es
17869,af
9022,sv
3205,sv
31967,tr
7797,nl
4106,tr
12797,en
2235,tr
23361,af
22676,it
18452,es
22914,es
16627,nl
20885,id
19205,sv
31785,es
11552,af
22145,sv
33552,de
9528,sv
12207,it
16472,it
26042,it
3106,af
33828,fr
8033,es
14400,it
28024,nl
32175,pt
8194,de
17832,fr
10953,pt
13755,fr
26414,id
34557,fr
8575,tl
26213,pt
1087,de
34860,es
22782,en
17186,af
4781,pt
21036,af
28083,af
2767,sv
24807,pt
1961,id
14305,id
14294,sv
26654,id
1872,pt
28488,tr
15834,en
14917,it
1340,tr
15459,tl
31355,nl
14013,fr
10466,sv
5383,nl
15023,sv
17038,pt
24145,fr
843,es
12838,tr
9568,fr
26730,it
1281,pt
29094,id
34731,id
6485,tl
11862,pt
17421,fr
15237,tr
2844,tr
18516,id
3846,en
8854,it
2174,nl
5113,af
12722,en
26318,en
26232,es
14607,pt
28026,pt
5664,de
27714,tr
27538,tl
7838,es
26208,tl
15758,tl
19070,pt
11878,it
24146,af
24297,tr
34175,nl
22970,fr
19368,en
24909,it
14567,fr
1515,sv
13214,id
29821,pt
27247,de
30269,tl
3073,tl
21015,sv
28653,pt
11090,de
23779,fr
33387,de
17582,es
14335,es
18648,tr
4095,it
26918,tr
4263,fr
29400,fr
34813,af
27590,tr
27082,en
13686,pt
26571,de
15332,de
25623,fr
27277,sv
567,tl
18904,es
18535,sv
29150,id
11542,af
3313,es
16150,af
14697,sv
22550,id
20921,tl
27770,es
26664,id
17189,pt
5994,tl
5621,tr
840,en
7806,it
7693,tr
32132,tr
21529,nl
16688,sv
32819,id
35547,id
20790,tl
14322,fr
20943,af
29135,af
16818,tl
15127,sv
15615,pt
33970,es
6163,nl
337,nl
15720,tl
3334,af
11350,af
23707,tr
15248,pt
34283,sv
13640,nl
25761,af
32228,tr
13356,af
13132,nl
11003,id
23727,tr
7088,fr
31818,sv
13073,af
15246,es
8003,tl
4199,fr
27412,tr
7286,de
22919,pt
16619,pt
29533,tl
6918,tr
18441,en
20774,sv
5207,tr
30819,es
22201,tl
33061,it
26340,fr
731,de
11025,fr
32215,tr
28534,tr
3445,tr
25348,tl
4647,de
11467,sv
33558,en
18317,fr
10656,nl
7681,tl
32568,en
15236,nl
28790,pt
29623,de
10883,tl
20458,fr
2947,sv
32184,id
3046,nl
2672,tr
31368,pt
24201,fr
6328,pt
2041,de
340,es
17018,sv
11440,fr
26921,nl
17373,tl
1751,pt
14427,sv
22865,id
28344,id
27931,nl
27613,de
28784,de
21710,fr
31823,it
2963,pt
25270,fr
31181,af
17730,tl
5551,it
29574,it
34420,sv
21784,id
28837,it
32669,id
28417,tl
31218,tr
918,tl
32245,id
31260,fr
29091,af
18857,it
32029,fr
33553,af
9202,tr
23474,nl
13698,de
3972,nl
35666,nl
9762,tl
16253,tr
6383,es
19445,fr
12809,id
10089,de
24591,pt
30703,nl
19793,sv
18384,en
5375,tr
34607,af
20598,af
15289,de
25661,it
9715,tr
13906,sv
14698,fr
7752,sv
11310,it
31119,sv
14299,sv
23264,de
2866,pt
7535,tl
7909,tr
10366,es
30593,fr
27198,pt
6706,af
3243,id
23921,tl
20531,nl
34771,af
560,sv
34972,tr
29385,it
13345,af
33205,fr
4771,pt
29057,nl
15524,it
398,es
4205,nl
21227,de
28220,tl
30415,af
17668,fr
13113,nl
7600,it
17954,sv
547,es
9333,tl
22433,tr
24706,de
22073,fr
12814,de
7808,tl
4521,it
11130,es
31563,es
11202,en
33915,pt
26007,pt
28098,pt
15596,sv
5960,es
29282,tr
34097,id
21844,it
18917,nl
27756,pt
32162,tl
30564,tr
28599,sv
15702,en
3199,it
9670,it
21319,fr
25474,sv
24425,af
25987,fr
26449,pt
16044,es
34177,id
14188,id
10708,tr
19754,af
9089,tl
33641,en
17759,id
30017,es
4073,en
14771,pt
31619,sv
3859,fr
33586,de
12811,id
6965,nl
218,id
2125,pt
14268,pt
16947,tl
22274,pt
25751,nl
33776,nl
640,es
13459,es
19210,sv
20839,tr
21341,it
16821,fr
26426,it
8131,en
6783,sv
1111,tr
29516,es
33359,nl
29771,nl
25038,sv
25309,sv
17841,af
24766,fr
35164,sv
14223,nl
19881,tr
21503,tr
8290,de
32429,fr
5059,id
7914,en
8713,nl
34712,nl
724,it
17951,tl
11744,sv
13054,es
30562,sv
2150,fr
28329,fr
15493,es
7885,tr
13138,es
20184,tr
22690,id
14508,tl
6622,sv
34292,es
19021,nl
29567,es
7477,es
32265,es
9404,sv
15867,sv
6747,sv
3364,af
25998,en
19296,it
8646,tl
1787,tr
6821,pt
25832,id
20639,nl
24047,tr
17026,nl
9217,tl
27861,nl
32421,tr
5260,tl
11352,pt
31841,sv
22770,fr
23491,nl
33345,id
2496,af
29096,en
16333,de
33528,tl
4277,tl
23923,tl
18838,es
23732,it
4603,en
24938,nl
2523,it
2016,tl
33707,en
16970,tl
28138,af
24540,id
1543,sv
29334,it
33706,fr
3674,en
11789,pt
19103,de
13915,fr
16832,nl
20847,it
29609,id
33935,de
582,pt
31113,it
11831,tr
16915,tl
18783,de
33275,nl
9274,es
14286,en
17222,es
4323,fr
12190,id
2038,tl
19059,pt
3791,tr
7326,id
32684,es
34641,sv
3804,tl
27365,pt
16636,sv
1398,nl
3056,id
27228,es
7465,fr
21602,tl
20640,es
380,en
16525,sv
11043,de
9139,nl
19082,it
34571,de
26930,en
23885,pt
13556,tl
5879,pt
19311,nl
3798,es
10668,fr
10096,tl
12500,pt
20294,id
5813,tr
18449,pt
30972,pt
8173,id
32585,it
4185,es
8712,sv
24034,af
770,fr
25595,it
34673,id
26629,pt
13442,en
26937,id
20667,af
12855,it
29932,tr
18130,tr
7646,id
1528,id
24581,sv
31668,nl
33814,en
21228,tr
24533,fr
6681,es
21287,id
13190,tr
8219,fr
7489,en
19394,fr
14760,de
7247,de
32405,fr
12845,es
30002,tr
12872,fr
8644,af
30305,af
17937,en
23260,fr
24794,tl
13511,tr
33416,id
4290,id
2574,tr
12708,fr
33465,en
19441,it
22123,nl
15787,fr
13145,id
4288,af
2243,fr
6776,fr
3897,pt
34698,tr
7839,sv
12892,en
28468,af
11669,sv
33068,pt
19997,es
6720,fr
17906,sv
15400,pt
18588,de
28539,it
18189,sv
4436,sv
26123,id
21402,af
868,pt
18486,pt
8816,es
21875,it
4503,pt
13028,nl
6630,es
7123,tl
25141,af
30995,tr
13438,it
16932,en
25314,fr
20494,de
1437,fr
35474,it
10569,nl
16445,en
23868,fr
17684,tr
6146,sv
27903,tl
19551,tr
21207,fr
24544,tr
5191,tr
30554,de
31177,en
23598,es
28122,id
17685,nl
24648,tr
33897,pt
18903,id
22398,it
17371,it
8240,fr
33875,tr
30524,sv
27837,it
34254,sv
24156,en
31254,en
6000,af
29439,tl
29379,fr
22728,nl
13502,tl
4540,fr
20255,pt
33799,id
17411,tr
27753,nl
26961,id
29221,en
10936,sv
27309,en
34528,nl
12485,de
382,en
25533,pt
19375,en
6569,sv
1811,nl
9947,af
1374,es
30763,pt
35400,en
8627,en
31512,sv
17184,af
6291,fr
14140,pt
33091,es
7846,es
15364,sv
5631,it
6036,sv
21730,pt
23279,sv
20301,tr
31367,tr
30190,id
33541,tl
28499,tr
29820,tr
7999,tl
21560,tl
3300,af
10459,id
15272,tr
29935,nl
25501,pt
23148,af
15729,tl
6336,de
18862,en
34703,sv
4425,it
7476,tl
17499,de
29714,af
16425,es
9625,tr
31845,en
11626,af
31315,sv
32367,de
26824,af
15926,it
26983,en
34668,de
13303,de
21893,tl
21668,nl
29250,pt
8025,es
12176,af
23139,tr
21829,fr
30982,af
6904,id
17913,af
9688,es
25721,en
27746,en
3142,tr
24818,af
19612,id
20922,id
16106,nl
5757,de
22682,it
7686,af
5544,tr
1793,it
11642,es
24195,tl
23982,fr
22367,fr
526,it
30975,af
12026,en
3400,pt
33150,tr
29561,de
152,tl
457,af
7821,tr
19622,en
34378,de
30346,pt
10777,it
11827,tl
24153,es
26586,fr
16847,nl
5905,tl
16817,sv
23232,es
15614,id
12350,es
7126,tl
2095,en
13245,sv
20569,id
1335,es
24641,es
20820,pt
10670,de
13619,pt
34531,nl
9076,af
18370,en
4512,it
31908,it
31167,nl
17453,af
30268,id
25550,sv
30729,sv
1971,nl
25165,af
19363,de
1809,en
10225,es
13983,tr
9275,de
350,it
33734,pt
8569,de
31559,de
19917,nl
5738,id
14066,tr
11463,id
25264,pt
33429,de
25234,sv
19093,tr
30587,es
17690,es
7952,id
35574,nl
16982,sv
18435,es
30928,it
9608,en
12685,de
35103,de
8814,sv
28902,af
26795,id
16491,af
16270,es
12489,tr
13016,af
33375,tr
11295,it
17800,af
14597,tl
32627,pt
18762,en
28980,it
15907,en
32703,af
4025,id
6605,sv
239,pt
25676,sv
12994,en
15508,fr
11654,nl
14773,de
4861,tl
4858,nl
1804,en
24799,fr
5953,de
20705,de
1795,fr
2582,fr
12765,tr
4989,it
19756,pt
23142,nl
16789,af
4396,nl
25696,en
11631,af
32881,id
18114,fr
4484,af
19769,de
16714,en
6091,pt
19331,en
17866,es
3916,id
10203,af
17738,en
7990,tr
14051,tl
30311,nl
33607,sv
19535,fr
14746,id
7794,fr
26965,nl
4285,pt
29661,en
8874,en
6521,nl
4973,it
31689,it
17463,tl
18497,af
11380,de
24605,sv
24995,id
31830,sv
8061,it
18040,es
2059,it
16132,de
8062,nl
8507,sv
9961,fr
19024,tr
8923,es
11949,it
29524,pt
15595,tl
29357,es
29347,es
34619,fr
11983,en
33913,pt
22477,tl
8758,id
33755,tl
2645,it
7367,sv
27387,pt
18268,fr
34992,sv
15822,es
5822,af
31059,id
11473,af
17203,tl
6285,sv
8812,af
34517,fr
8544,sv
20883,tr
8179,pt
2825,pt
34647,tl
1604,af
26075,fr
22116,fr
15476,fr
20616,pt
4165,it
34289,es
28493,de
11772,id
23276,nl
35543,de
19526,af
10161,nl
3451,nl
33722,id
20763,en
30959,tr
8053,tr
14690,nl
1104,es
30991,id
26902,tl
12684,sv
6731,tl
35384,en
35571,sv
17815,fr
12539,de
18550,sv
17384,fr
30980,sv
17509,pt
20818,sv
7801,tr
26798,es
11494,es
19402,id
6588,es
15189,tr
25982,es
6546,de
19427,pt
27907,de
7661,de
22863,tr
33409,nl
3211,es
13653,es
27478,de
92,de
32770,id
19049,tl
31733,es
1356,it
6028,fr
6161,en
19509,tr
25061,fr
13271,id
29065,pt
666,en
30786,fr
25855,it
34822,nl
28934,af
11501,af
9979,sv
9658,en
33112,sv
25756,nl
31412,sv
5481,de
670,de
18078,nl
34026,tr
32303,tr
9413,sv
10264,id
22960,nl
11615,tr
26663,id
16658,it
1246,sv
11314,id
645,es
9546,id
1933,sv
1703,nl
21565,fr
5324,es
1250,fr
20333,de
23893,pt
19358,nl
28154,it
7723,de
34058,nl
13936,tl
33418,it
21737,pt
19690,en
11145,af
19453,es
24523,en
21273,id
6013,en
21649,id
22735,id
25367,sv
1520,en
33163,es
22746,af
32181,af
26570,tl
12924,fr
31621,pt
31366,tr
14254,es
29138,af
15995,en
15803,tl
3295,en
17148,af
11004,tl
19433,en
10467,fr
24192,en
13213,en
13573,sv
32469,it
18051,tr
14989,id
11078,id
29128,tr
16148,af
3702,pt
21084,af
1483,en
11718,nl
8111,pt
22837,pt
14429,id
28337,es
22239,nl
19247,nl
32867,id
19369,tl
9950,nl
7077,fr
25210,nl
35455,pt
32386,af
11187,af
8677,tl
11283,tr
18365,es
18332,sv
4557,fr
16641,fr
31018,tr
32463,af
24490,nl
2339,tr
12788,sv
5548,nl
13098,id
8473,de
20131,tr
15170,es
15840,de
14491,sv
13907,af
21055,nl
5241,de
9436,fr
13864,it
28249,pt
8556,en
6015,fr
17476,af
11158,es
34130,sv
27335,nl
11845,es
20234,id
1399,fr
20641,es
16136,pt
5937,sv
2136,pt
18655,nl
34900,tl
790,pt
15727,fr
11225,es
13825,pt
30492,en
34359,nl
4556,tl
16959,fr
25382,fr
4033,id
8742,pt
19164,es
6756,tr
18205,sv
23042,en
10739,af
28615,pt
30742,tl
21171,tr
27868,nl
2414,de
14903,fr
26429,it
7515,tl
26148,af
33396,id
14692,it
26284,en
19087,es
30275,fr
9259,en
35051,de
32352,fr
10769,af
17437,en
8496,sv
17786,af
32337,en
17215,es
31742,tr
15708,nl
9615,it
30426,en
18657,fr
18867,nl
18853,en
12688,nl
5051,de
35163,tl
32873,sv
28586,nl
10393,tr
8116,sv
25284,af
14424,tr
14208,en
28114,de
25843,nl
25924,nl
34575,en
5758,es
17818,sv
5797,fr
3469,nl
30658,tr
17999,es
30094,de
22518,tl
26488,nl
12570,fr
18830,af
11554,nl
631,it
24362,fr
4835,id
34842,tl
5495,en
14577,tr
29841,nl
26099,sv
27307,es
16050,af
10960,id
27483,id
1575,es
33920,sv
19285,id
32350,af
6858,it
32123,id
18197,pt
33867,en
28638,it
13095,pt
20652,tr
7472,fr
6050,tl
26402,de
28888,nl
2487,sv
17346,pt
12018,af
29988,af
5514,de
14004,es
14069,es
2344,es
26144,tr
750,sv
31652,nl
10853,af
243,nl
33104,es
26087,sv
35582,pt
3933,fr
24965,it
26534,en
35198,it
26464,tl
26368,fr
2276,tl
3566,sv
3910,tr
22199,tr
18951,de
19857,nl
23807,pt
4722,af
29651,en
27537,id
23720,es
1302,de
15402,es
19609,tl
20018,af
24754,pt
1781,fr
1006,tr
69,es
9263,id
20544,de
20466,en
16255,en
23835,id
3881,af
17047,nl
24694,tr
5542,sv
24103,it
10662,de
20754,pt
22545,pt
31575,tr
31156,it
31783,af
22015,id
24789,sv
28803,sv
28908,id
22959,nl
7906,fr
22853,nl
22342,tl
24734,en
5447,fr
29423,id
8478,tl
13341,es
21712,pt
21797,af
12150,en
9805,fr
1211,pt
26237,pt
2025,sv
30810,nl
29333,fr
27652,en
10278,tl
31981,de
6537,fr
16280,id
7454,en
25287,fr
6095,pt
35499,id
3432,it
34132,id
30681,tr
22082,tl
4209,de
17688,en
34340,it
6540,it
2695,id
13895,es
29036,id
3208,nl
5122,fr
9066,en
181,sv
19670,es
6186,pt
10090,tl
1127,it
7467,nl
15657,fr
22992,es
15879,tr
1742,tr
18375,tl
31871,es
15558,tr
4655,es
22055,af
17749,es
20397,en
14569,af
8199,es
14414,nl
32335,tr
12881,es
32939,tr
31305,it
21742,es
27166,fr
31861,id
28053,nl
30673,de
5673,tr
29192,fr
29513,id
6857,sv
6182,pt
32042,sv
32196,tl
31411,en
33317,en
28437,it
4355,en
15584,nl
4189,tr
3309,fr
5362,pt
3129,it
14260,tr
15993,tl
21904,nl
6565,es
15685,de
32917,es
8632,fr
31691,pt
245,pt
15468,es
5150,id
166,fr
22394,it
14718,it
7291,sv
1132,id
30754,tl
25215,tl
18940,en
10892,tl
34500,es
27985,en
34261,tr
13863,sv
34653,sv
27530,fr
10151,sv
3644,es
24975,tl
2711,tr
12407,en
25401,en
30150,en
15419,it
20250,id
565,nl
28065,es
3971,en
24878,en
21928,pt
6222,it
15762,sv
17670,sv
21311,sv
5560,sv
14150,tr
13963,sv
34252,tr
30459,tr
29723,fr
1716,es
24404,fr
4733,de
32824,de
18413,de
19092,pt
25211,it
8761,nl
25824,pt
24617,nl
30569,nl
35572,it
13625,fr
27459,tl
30248,tl
10596,af
24165,it
34285,pt
28017,nl
31431,id
4760,tl
27863,pt
6317,id
1732,tr
21394,id
10111,tr
31806,sv
13349,es
3439,fr
29124,af
10075,tr
7786,sv
3779,nl
28068,nl
15827,nl
17069,nl
18161,af
13514,tl
3394,de
19301,en
5928,id
28396,nl
33740,fr
1214,it
15678,it
8293,id
11343,af
12672,fr
11393,en
12045,nl
982,af
28648,de
25096,pt
9379,it
13118,tr
20074,sv
13616,en
15667,af
13629,de
8864,nl
7676,it
11865,tr
25116,de
31770,es
26721,tr
18279,tr
23218,tr
13840,af
15533,en
7179,fr
13607,id
29664,it
21077,af
14368,id
27891,tl
29001,tl
21140,tr
22727,de
25149,tl
14232,tr
16186,fr
16622,de
2534,nl
17514,id
34663,es
24760,de
34581,tl
29131,nl
10166,af
9782,pt
3292,es
10027,nl
31554,af
14553,es
21810,nl
5849,tl
23455,sv
3276,tl
28605,nl
32608,id
3607,de
4742,it
2354,tr
343,nl
11234,id
28740,de
21088,af
4704,de
15564,es
32616,en
12756,es
26822,de
8613,de
31735,sv
877,tr
21675,tr
25083,fr
23852,sv
1937,tl
24614,it
17383,af
29352,it
20425,de
4736,de
4085,es
26373,pt
5712,sv
34301,es
4207,fr
24519,af
1687,it
35327,tl
31865,tr
4202,af
17053,it
29253,af
25828,sv
28150,id
13714,sv
5265,it
32546,tl
32133,tr
29553,id
6110,es
5126,sv
24308,tr
19834,de
14711,tl
1774,fr
28964,id
18475,es
24840,it
2569,sv
4615,sv
21161,nl
24128,pt
16192,tl
35027,it
9355,en
12863,af
29196,tl
35556,tr
31956,nl
30223,nl
19015,it
4036,af
33555,id
4139,af
4241,tr
12404,fr
247,af
4656,sv
27827,en
18727,sv
27318,fr
16908,en
1366,nl
26254,tr
10513,pt
19876,es
13079,it
23239,sv
2405,af
21073,tr
17976,tl
25937,de
12355,de
5328,tr
9176,sv
33905,sv
24726,tl
4505,sv
14116,en
15541,en
9899,tl
3796,tr
416,fr
24871,nl
22097,tr
19239,pt
989,tl
32788,it
34263,tl
20044,en
32743,af
12731,af
8028,pt
27431,tl
15890,id
26584,pt
24087,en
2801,tl
32793,es
27005,it
20463,id
19809,es
25208,it
30012,af
15549,es
9548,de
21107,af
32869,sv
1831,af
14219,nl
26355,nl
18248,it
32384,af
9949,pt
19953,id
11099,en
11378,es
14396,de
15635,en
34166,en
17338,tr
5665,tl
23804,id
30534,nl
23692,nl
20187,es
33461,fr
11363,af
26761,de
3526,pt
16430,tr
22457,de
456,en
25853,fr
6947,es
35473,tl
3200,id
34270,tr
32798,id
30333,pt
21130,sv
13479,af
14589,de
30607,fr
9056,af
8588,nl
28123,it
16603,sv
11418,tr
32908,es
20225,tr
8856,tr
2269,id
10744,af
33825,it
24471,pt
22403,sv
16236,tr
31208,de
9449,en
25153,tr
33792,fr
17848,it
19400,es
12818,id
17013,pt
4376,nl
3301,fr
31826,sv
30119,tl
26350,nl
11360,tr
8155,pt
27881,fr
8848,tr
20392,fr
6573,es
31191,sv
3989,fr
17986,pt
10974,es
21796,en
32496,de
7282,it
4695,de
8401,en
2927,sv
13006,fr
4221,it
10409,pt
33313,tl
25110,fr
18289,af
32618,pt
15817,id
19000,de
24134,af
4135,af
24562,en
11448,sv
20724,de
11416,it
9242,de
6757,tr
21687,en
33367,sv
27257,af
16370,fr
2635,es
31041,id
30253,es
26204,nl
20371,en
14364,tr
21271,es
27734,sv
10009,nl
16313,fr
15173,fr
1324,sv
34298,en
21509,sv
3863,en
13040,tl
18458,fr
32243,sv
21696,sv
9883,es
19223,es
18219,en
4914,en
1744,it
22854,af
23031,nl
21211,en
33314,fr
26893,tl
16557,id
27468,en
31485,id
17133,id
3782,tl
29939,es
9400,es
966,it
35459,fr
26255,de
6157,tr
14119,id
22910,de
9600,id
7386,de
10766,tr
29394,nl
23488,nl
1133,es
4065,nl
30300,sv
23454,de
4873,es
14148,tl
14923,nl
23520,af
21324,en
16548,it
29878,es
18875,it
31903,tr
11691,pt
31453,nl
25880,id
5611,nl
10532,de
6700,sv
15929,de
1533,de
35553,nl
13430,sv
22628,id
22126,sv
5892,id
34002,tr
31560,de
2677,en
10181,pt
35257,sv
8238,af
25216,af
5443,nl
33536,nl
34422,nl
20469,sv
29870,af
26601,id
19761,pt
14309,af
18022,de
7255,af
26046,fr
28955,en
3497,fr
7987,it
21446,de
24570,nl
6562,de
25580,it
3059,fr
7840,tl
13005,tr
16939,nl
17924,nl
737,sv
21949,es
7972,de
19097,tl
32325,de
11893,fr
8521,af
10855,es
16555,tl
27966,tl
17345,de
1379,af
5763,es
8752,nl
28523,fr
26779,es
33426,af
25617,id
18734,af
11270,tr
30769,af
32006,it
2228,fr
25769,pt
28510,en
13300,sv
21180,it
25731,pt
9385,tr
5873,tr
5,en
25528,es
5942,id
28748,en
35098,af
14686,af
13949,tr
23594,es
11701,it
18961,af
33487,id
19202,af
31843,en
33096,de
26308,pt
33614,en
467,tr
4662,fr
25266,tl
20228,de
16533,es
13630,id
30628,pt
22973,es
18053,de
6627,sv
872,es
12345,de
1633,es
29956,sv
22192,sv
4367,af
22788,tr
19944,de
28863,tl
22171,tr
23146,tl
23931,fr
12974,fr
11605,af
29377,pt
10280,it
29485,en
5616,en
21817,es
16925,tr
8681,id
183,es
11761,it
11178,tr
802,nl
10712,nl
20035,tl
26491,id
26638,es
26409,tr
1010,id
19077,tr
18432,id
7198,af
24309,fr
5643,af
15916,de
26328,id
27340,id
22451,id
7978,it
29977,nl
29264,it
31017,nl
16813,en
16759,af
20007,tl
16831,id
16640,sv
21009,nl
399,id
11326,de
753,en
33901,en
30070,it
30137,af
22026,pt
14805,nl
23059,pt
25520,sv
8818,es
1390,en
2380,de
14534,af
34136,tl
18262,nl
1112,es
7639,pt
29296,sv
22983,tr
14911,af
19289,id
30782,tr
9491,de
3069,de
1397,de
5776,es
30781,nl
9656,es
28125,tr
11149,af
7919,nl
16692,id
26383,nl
21885,de
21561,tl
21100,tl
19104,it
14027,pt
8725,es
5242,en
31762,tl
17337,it
14759,af
23211,id
10762,pt
28490,tl
1601,nl
34345,sv
107,nl
35565,tr
18825,de
9354,it
7333,nl
31530,en
28484,af
34598,de
34468,es
26508,id
2603,tr
20220,de
33093,en
9527,af
29957,de
19938,pt
30542,de
28796,nl
29137,tr
21901,fr
26476,id
12773,tr
26516,nl
16782,id
7176,af
6784,it
10950,tr
12424,en
15721,de
30579,sv
9894,nl
22712,de
830,it
4265,id
35520,de
33763,it
3466,de
35091,nl
11674,fr
22889,nl
22428,pt
33903,en
1411,af
7428,en
17621,de
29813,af
17422,nl
28264,pt
21930,fr
15625,en
31069,tl
25358,de
28824,tr
5489,es
20345,af
10472,fr
23013,pt
18736,nl
9055,de
6968,it
12101,id
5853,es
5725,fr
35509,nl
18066,it
30713,tr
8775,it
4935,it
16098,en
33365,pt
27312,tr
8084,sv
17329,fr
1118,pt
32168,it
35368,af
19053,sv
2113,en
32841,id
34786,pt
8500,fr
31589,af
1691,id
124,en
29494,nl
8867,id
5598,de
12134,nl
30626,it
32512,de
15185,af
23683,tl
7533,tl
8514,it
22903,af
34365,tr
28105,af
23497,it
25930,sv
6851,sv
3515,pt
20509,pt
2721,sv
7936,id
10622,id
20727,es
30180,pt
24481,fr
14056,de
33598,nl
24518,tl
9669,pt
20261,tl
19701,nl
7834,de
30977,es
14598,tr
18891,tl
20994,tl
22968,en
17326,tl
33871,tl
8933,en
35421,tr
17240,fr
13397,tl
24155,en
16702,id
12537,id
32425,en
21364,it
28971,sv
21305,tl
20755,id
3249,tr
11210,af
3147,id
18578,fr
2877,en
22607,tl
33193,it
24546,id
1439,tl
32275,tr
6460,id
19228,fr
35435,es
10279,en
5067,nl
30142,af
27557,de
5619,af
3333,id
3742,id
1777,nl
21923,de
20147,es
33347,id
20351,fr
22997,af
20646,pt
6263,id
34718,nl
713,tl
2881,en
16716,es
29676,nl
2727,es
9118,de
28884,pt
22425,pt
26781,nl
7055,sv
2320,tr
5961,af
6356,fr
9508,id
28848,es
35607,fr
12790,nl
250,nl
1102,tl
7508,de
14932,fr
32976,af
28644,es
19066,pt
14458,en
23684,es
28016,sv
12038,sv
28143,es
19878,de
20944,nl
21011,de
8612,tr
2121,af
31649,af
29790,en
28251,tr
23886,fr
21835,pt
28587,af
4212,id
7973,fr
17851,it
26760,tl
3753,es
27049,tl
10602,tr
10002,tl
4937,tl
30435,sv
2307,sv
29283,es
28442,de
5406,de
13256,id
9207,tl
1773,sv
6698,id
32878,pt
22647,de
23503,de
10834,de
16013,de
18010,it
31754,tr
10468,pt
31974,pt
15472,es
3943,fr
22806,it
24645,tr
30800,it
20113,en
8746,af
18463,it
22385,de
14492,af
8664,de
28039,es
13377,id
15639,af
23026,it
18819,sv
6847,id
29007,en
18687,it
2488,it
28316,fr
10678,pt
19221,tl
15013,it
29397,tl
19641,sv
19269,nl
2612,tl
24676,de
5163,tr
31542,en
33638,es
11246,es
12895,it
8873,tr
22260,en
22307,tr
16496,pt
11657,af
3538,fr
48,it
2188,tr
11897,af
2333,fr
33565,tr
12224,sv
23108,de
2083,tr
34872,tl
21071,id
21048,de
31943,fr
24352,it
23074,fr
19444,es
4720,id
33771,af
3698,pt
10194,nl
11303,tl
24393,tl
9747,fr
8995,af
1673,af
33034,de
28577,id
27326,tr
3789,tl
17320,sv
18652,af
25857,fr
17991,de
33319,nl
16119,sv
22238,en
5453,af
30351,de
12382,fr
7616,af
32385,es
4589,nl
17904,de
33918,tr
24618,fr
35503,fr
26595,pt
4174,en
11903,it
23258,en
17511,en
29709,de
31280,tl
7170,af
15139,tl
29728,de
16852,it
25971,de
13928,tr
27602,tr
3346,sv
29774,pt
2783,it
28627,es
29080,es
3266,tl
19313,tr
22494,nl
7513,nl
34936,id
15868,sv
3390,en
30784,fr
6502,tr
6321,de
24240,de
19840,af
13634,id
20010,de
14151,de
8436,en
29603,es
5302,tr
3765,af
13216,it
17679,en
1473,fr
20799,it
13615,tr
31723,af
20325,sv
25881,es
26405,en
35639,it
8515,af
290,pt
21574,en
1441,en
34070,fr
18403,de
34099,tr
31009,it
2843,it
25114,af
12515,es
1580,id
20537,af
6104,nl
12856,es
21482,tl
21569,de
21816,es
28921,pt
34083,it
20478,en
27958,tl
31237,nl
8795,it
23772,fr
10309,fr
18429,af
7380,tl
17205,tr
15732,sv
26924,tl
20665,af
22311,fr
16513,de
1290,tr
8841,en
13183,af
