id,lang
4375,es
5225,af
3077,id
2983,it
14658,nl
9408,tl
12957,tr
1803,en
11563,tl
3193,tr
8100,af
4132,de
16559,de
8085,de
13064,tl
14933,pt
10712,nl
17075,nl
4554,id
2962,en
7151,en
281,pt
178,tl
5557,en
412,es
14038,es
1400,it
4183,it
14417,it
4058,es
15815,tl
8058,fr
10718,pt
6417,fr
3539,it
5996,tr
4955,pt
9363,de
7889,tl
3276,id
4152,id
14919,sv
3306,tl
7500,de
2225,fr
7596,es
8302,sv
9979,id
15880,tl
13181,pt
13197,de
16799,en
17135,sv
13521,nl
10825,tr
5037,it
2812,tr
7122,nl
8044,fr
7847,nl
7768,sv
14071,fr
8939,en
964,de
15948,es
14342,de
3222,en
3127,nl
2840,fr
468,nl
8975,it
16995,en
12536,pt
3631,id
13984,nl
6533,de
16320,es
13762,id
11164,en
3338,nl
2903,id
11417,de
14356,af
16356,fr
9940,fr
6964,de
13858,it
7774,pt
3762,de
15155,tl
14074,af
3717,tr
3127,nl
3276,en
4377,id
9591,es
2386,nl
3960,en
5917,fr
6645,tr
5050,tr
2679,tr
3378,en
1617,id
1745,tr
14705,af
14742,en
6726,fr
219,fr
3980,de
2206,es
4174,it
15794,pt
11733,en
12233,tr
6073,nl
12409,es
12629,es
1180,it
13099,es
10107,id
12717,pt
7292,nl
3702,en
3031,es
7851,en
8241,es
8559,fr
3762,nl
16781,pt
9619,es
15592,tr
5871,nl
17081,nl
16717,af
9103,pt
15610,pt
3864,af
14074,id
12553,it
8642,en
14356,fr
11665,pt
11860,id
9962,it
8043,it
13982,tr
1579,en
14189,af
10523,fr
8618,id
10335,tl
2030,de
16320,sv
6967,id
1090,sv
14304,it
16987,it
16535,en
13115,es
10808,id
5411,fr
12377,tl
3576,tl
8853,sv
11366,de
468,es
1831,tr
6221,id
6550,fr
9408,sv
13693,es
12932,es
3329,nl
13927,id
3605,sv
4618,en
9327,tr
10317,it
16506,fr
3967,af
1093,sv
5378,tr
9524,de
15553,pt
4917,pt
15127,sv
4001,af
11075,id
8119,pt
15982,id
10493,tr
15655,tl
6737,tr
9187,tr
4232,de
13636,nl
11345,tl
15777,nl
11705,it
5683,en
8241,pt
2438,fr
2387,tl
14622,it
10957,id
5439,de
6433,tl
1995,fr
360,it
9114,tl
4319,nl
12212,en
6672,en
3361,af
1121,sv
837,nl
80,pt
279,af
12999,fr
12634,fr
4803,tl
9506,es
2288,tr
13172,it
6243,sv
4486,af
7194,nl
4887,it
10684,tr
7762,nl
0,tl
6623,de
4186,pt
12548,nl
12452,tl
12838,af
15214,af
16924,sv
9408,pt
15987,tl
17095,fr
10319,af
10538,tl
5411,fr
12874,pt
16914,it
13473,nl
15904,it
2296,sv
4712,en
8116,tr
14315,tr
9881,es
6623,it
15409,en
14757,af
17090,tl
9994,fr
6241,it
1352,pt
5823,tr
6926,id
10667,fr
1449,tl
7559,id
15399,it
11858,es
12908,en
12306,af
2962,tl
16162,id
17051,tr
2527,de
5615,es
14912,pt
12235,de
3503,sv
6557,id
3762,fr
16662,af
15275,pt
16698,de
13926,nl
12866,id
5165,id
3785,tl
7570,es
12469,it
13312,nl
2311,it
14994,fr
11133,en
8322,de
3543,it
11861,tr
15785,id
7014,nl
15056,tl
4463,fr
5917,nl
13370,af
4299,nl
9317,sv
4017,es
2965,nl
17113,tl
13630,de
8846,tr
16148,id
10226,tl
8436,nl
411,af
7664,id
14437,it
14526,id
10640,es
2265,en
12689,nl
12354,pt
6162,nl
1123,tr
1452,it
473,en
1042,fr
15987,de
7971,af
15763,pt
8269,af
6267,fr
13140,en
7767,en
15721,pt
6557,es
11954,tr
11467,fr
1123,fr
7294,es
15995,fr
11270,af
2056,sv
1750,de
7680,es
4183,tl
11107,sv
4268,en
8449,fr
12814,pt
11442,en
15413,id
7569,fr
4178,it
6725,it
14040,it
1744,id
15756,tr
6039,id
15618,af
11384,en
16765,it
17148,en
15413,af
9103,pt
11867,af
13031,nl
7026,de
5328,tl
15348,fr
6600,de
8822,fr
8116,id
15511,sv
16872,id
10868,nl
3161,es
16165,af
15970,it
2914,de
5062,sv
16002,it
6901,tl
13741,tr
14323,tl
16733,af
9457,de
3306,id
369,af
11124,it
10523,fr
14526,tr
13688,fr
279,id
12233,it
13908,af
8585,fr
16591,pt
11075,af
4319,it
5840,sv
3829,af
17144,pt
8853,af
13297,tl
6172,nl
7978,tl
4767,pt
14620,nl
12511,fr
10016,fr
16221,fr
7287,fr
5176,tr
8001,de
10956,tl
5871,pt
10990,af
13895,tl
5010,pt
3486,fr
15402,nl
6672,en
1794,af
16038,sv
13974,it
14437,sv
14029,es
1030,id
9617,pt
16888,de
9878,es
12883,id
9269,de
6411,tl
13255,de
8642,de
3570,sv
5378,it
12851,sv
9812,pt
11267,nl
46,de
10276,id
1072,af
9754,nl
3207,es
17113,en
17148,tl
4241,pt
6517,pt
17119,tr
1807,es
4232,it
2708,it
6694,pt
4090,fr
13546,tr
14442,it
7161,fr
10893,sv
6744,es
14126,tr
7836,af
6559,tl
47,nl
5118,tl
158,it
6101,af
16297,it
13896,tr
16911,id
14653,nl
8494,de
6059,sv
16662,nl
9732,it
3264,tl
14306,nl
4216,af
59,sv
4334,es
8766,tr
15794,id
15703,en
15732,pt
11306,en
4309,id
9155,af
1059,es
8413,tr
8653,en
15229,id
15095,nl
14874,af
10381,pt
15155,es
197,id
10757,sv
3486,en
16461,tl
6041,es
4240,tr
85,en
2264,en
15208,it
11437,fr
14437,id
12553,fr
7916,de
158,af
2165,en
13494,it
12339,fr
15592,it
702,nl
8667,en
3321,tl
1374,id
17087,it
15518,en
11705,tl
14040,pt
2540,id
9137,id
13473,es
14884,pt
8116,tl
15957,nl
16401,tr
2887,it
6694,es
1205,fr
4955,es
9043,sv
9103,tl
10100,tl
10352,de
2573,nl
8029,en
2283,id
10982,de
12127,de
16146,pt
5812,it
10216,es
12951,id
9009,tr
15280,tl
6850,tl
15249,en
16677,fr
3734,nl
5414,fr
11685,it
4026,id
10061,fr
14083,fr
16791,pt
783,fr
8977,tl
5204,id
2316,nl
16630,sv
10772,en
4189,sv
7057,fr
9137,tl
16151,nl
11969,tl
9250,id
2016,af
12717,fr
15721,pt
17098,es
13467,fr
4502,af
6448,es
1276,fr
14481,en
10590,tl
9902,af
15472,sv
9857,fr
13361,pt
14585,pt
3784,fr
6376,fr
9317,tl
12289,tl
4174,nl
1098,it
12824,tr
14163,fr
7170,fr
3774,af
14116,es
6438,nl
3674,af
15587,nl
3886,fr
8436,nl
12802,en
9408,tr
12240,de
12553,pt
10472,en
16248,id
2588,es
2594,en
11920,nl
6575,es
1537,fr
7966,de
13685,fr
12532,es
8771,fr
16622,af
11460,es
2647,de
790,en
826,es
4212,tr
11418,fr
13288,tl
14354,pt
2777,tr
5578,en
4982,tr
11554,es
3654,id
7287,de
6918,en
1300,sv
12442,it
8868,es
7262,nl
15708,tr
6594,de
6994,sv
14044,it
6064,en
9014,es
8674,tl
4090,af
1121,en
16754,de
6909,pt
7912,fr
8107,pt
2908,tr
6093,fr
920,tl
13186,pt
13439,it
16427,es
7556,it
4653,es
15208,id
1124,it
4137,af
11628,id
13101,nl
1547,nl
7189,tr
12244,nl
1176,fr
11180,af
11744,es
590,af
11335,id
8730,tr
9204,de
5578,es
16038,de
14939,tl
389,id
16096,fr
16911,es
15511,nl
8460,fr
10568,it
3212,sv
14820,es
17148,af
16024,tl
11915,tl
12212,sv
1454,it
5584,af
14214,fr
5396,en
16874,id
9237,id
2432,it
862,pt
11460,nl
12818,pt
11563,it
14406,it
11125,tl
15185,es
8415,fr
16273,fr
2163,nl
4217,fr
16170,sv
8474,tl
3631,it
7194,id
7891,de
8414,af
2057,sv
8824,sv
6683,pt
13591,nl
999,pt
11733,af
16273,tr
13181,tr
9895,tr
11250,fr
10534,tl
11186,es
2438,pt
5758,tr
10563,es
12972,pt
4813,de
13459,tr
8553,tr
10909,id
3702,en
14063,nl
5131,fr
13591,fr
3761,es
3060,es
11916,de
2334,nl
14169,de
1160,fr
11953,fr
1176,tr
201,tr
8782,nl
4764,it
8043,nl
13464,tl
7655,nl
14033,de
10640,es
6372,it
15592,tl
10936,af
5481,pt
4088,en
8914,en
3146,de
16446,de
4309,af
8116,es
13738,pt
10858,it
14879,es
5411,id
5062,sv
16100,tl
16666,en
3426,sv
11665,nl
7912,tl
11085,de
5330,sv
201,tl
6195,tr
8276,es
7971,af
7380,de
8653,sv
6485,en
4258,de
1874,fr
15133,sv
14857,en
680,es
5333,id
5134,tl
1870,fr
397,it
11146,af
3986,tl
8004,it
4463,tl
16222,tr
2351,af
625,it
14981,en
2850,fr
14549,de
17138,en
8300,af
826,sv
9912,es
17113,af
6937,tr
10352,nl
4909,id
13023,es
1483,en
7113,de
13546,sv
10150,nl
7686,nl
8960,fr
8013,pt
4258,en
7889,tr
15703,es
11582,en
9669,de
4550,sv
5615,pt
5955,es
15333,en
8904,id
1371,en
6378,tl
1454,fr
6959,tr
16642,tr
11438,it
767,af
16438,tl
765,id
1452,af
5465,af
14354,tl
15364,es
4247,nl
14498,de
8290,nl
3967,tr
10868,af
3435,fr
2647,de
7073,nl
13986,pt
15994,es
299,af
16589,id
6194,tr
1336,af
1533,es
16401,it
9726,fr
15216,es
15444,tl
8496,af
8618,pt
13346,sv
3532,de
2647,de
12308,it
16158,fr
10996,de
11067,pt
6801,en
11665,de
4186,tr
6371,id
11366,pt
8204,tl
11664,af
11455,id
6670,de
6159,de
10979,tl
2134,es
12367,af
15849,fr
6201,en
843,af
12366,en
14170,es
3671,fr
15933,af
13044,it
11215,fr
16467,es
9732,id
10743,id
8300,id
7539,pt
2237,pt
11273,fr
9844,af
8766,en
13330,pt
9198,sv
5570,sv
6708,en
3532,af
12846,tl
13391,it
668,it
4799,es
11349,tl
4667,af
4994,sv
15448,sv
3096,fr
12160,de
4799,pt
5524,tr
5258,en
686,es
16846,id
10247,es
4081,id
1639,en
10843,de
16399,it
407,de
3011,id
651,en
11773,sv
6997,tr
17098,pt
5406,pt
10956,id
14763,nl
3124,es
13459,tr
14879,de
3175,tl
12707,id
11424,en
6516,tr
7209,tr
8085,tl
14567,de
897,it
9074,nl
2255,sv
10339,af
7013,de
5688,es
2651,tr
9542,sv
292,tr
12866,pt
2438,id
2208,fr
2588,es
8681,tl
6093,nl
16758,fr
12818,de
9353,es
4486,sv
5414,it
14508,es
14354,es
16880,sv
6618,fr
7843,it
9216,af
590,es
8410,pt
2168,nl
16275,fr
16280,tr
9233,es
61,es
15205,fr
1294,en
7563,it
10760,tr
1807,id
10078,de
8520,pt
5198,it
11343,af
9961,es
12376,tl
1065,it
6289,pt
12409,pt
10760,tl
7808,id
4803,af
2801,fr
2205,it
12951,fr
10570,af
9594,tl
16890,tr
16263,af
9545,tr
2824,af
16356,tl
11418,de
8856,it
219,nl
11685,id
6166,es
10061,id
7224,tl
4236,es
14395,id
8868,de
15548,es
15203,en
15280,id
9761,sv
5481,fr
12532,it
17144,de
484,id
2542,pt
4449,de
6322,de
2082,fr
16225,fr
13744,fr
7061,nl
11157,tr
14605,pt
5627,en
12987,es
12818,de
13823,fr
12874,nl
10915,de
261,es
3434,en
14567,de
15732,af
11633,en
12182,fr
13206,it
3426,it
5433,tr
3398,de
2309,en
15592,it
8642,fr
13758,id
8129,id
8781,nl
9897,tl
5328,fr
16749,fr
16038,pt
944,sv
4913,pt
170,tl
9352,fr
8284,af
13908,tl
6789,de
11154,id
11146,it
6542,de
1372,tl
10960,tr
11677,pt
16891,fr
8058,en
13283,en
385,sv
12835,it
15841,de
16668,nl
5552,af
189,fr
10868,nl
2704,fr
13177,id
7680,es
13666,en
2164,de
2237,pt
10565,nl
5623,tl
9630,id
8430,es
1655,sv
15399,en
783,de
14505,id
16563,tl
5026,es
14859,es
5917,nl
15359,tr
5627,af
1042,sv
6708,sv
588,it
8165,en
15511,id
4799,es
14555,es
7087,en
15857,fr
14071,nl
2917,id
3907,nl
5414,sv
4449,en
15364,af
397,fr
16163,af
3864,it
9236,en
6967,tl
862,fr
16045,pt
7908,id
6382,pt
9062,nl
5524,es
2160,en
1360,nl
9694,af
4606,en
11270,es
14370,it
16801,sv
6174,de
761,en
8058,en
4073,nl
12291,fr
8674,de
3298,it
12736,pt
7520,de
779,sv
8791,es
14668,af
4710,af
11990,tr
2255,it
6477,tl
13575,pt
14461,de
9062,de
1489,pt
10853,de
2959,de
9980,nl
15829,tr
2957,en
15199,it
6201,tr
17005,fr
8280,it
12261,sv
13777,en
3298,af
7902,it
14241,id
10858,en
14150,nl
3060,af
3586,fr
10339,id
11515,it
7879,af
15849,tr
456,nl
7289,pt
10770,es
13888,fr
14268,tl
3513,nl
7140,nl
10451,nl
14272,tr
8079,fr
7697,es
3337,es
13340,de
11476,af
12159,pt
6774,fr
6617,id
2108,nl
1336,af
1511,pt
15225,id
9875,pt
11505,tr
1266,pt
10636,nl
862,pt
13900,af
8387,it
1115,de
1238,it
1452,sv
13451,nl
16838,pt
14653,sv
6322,de
4917,id
16987,fr
5062,fr
16717,pt
9321,id
6652,af
15225,fr
8762,es
2957,pt
1449,id
16437,nl
11770,tl
14190,sv
1318,nl
13604,id
4313,tr
10828,en
11339,it
12693,tl
1144,af
7295,af
8498,es
4227,tr
4266,pt
2384,it
11081,tl
8150,fr
17042,pt
4994,pt
10816,tl
939,es
9931,it
8498,en
7946,tl
16248,de
12999,sv
16703,af
9971,tl
17108,pt
5578,de
11409,sv
5652,pt
15635,nl
16148,tr
13411,tl
14884,de
1440,sv
6376,tl
6539,tl
3784,nl
12437,sv
5727,es
5016,de
6024,id
9524,de
5570,pt
6600,fr
4921,tr
12716,fr
10895,it
16780,af
11536,de
399,af
16166,de
1120,es
14150,nl
6489,sv
366,en
11841,sv
13863,tl
10503,es
1413,es
5635,af
13372,es
7767,en
2679,it
11539,it
2647,id
8390,it
15796,fr
13799,sv
2434,en
9942,sv
1960,sv
10353,pt
3912,en
14490,en
12392,fr
7565,sv
1913,es
6755,af
19,en
3819,sv
2965,pt
920,tr
7025,sv
10679,en
14354,pt
14029,tr
5912,en
9700,en
3543,nl
7185,de
14701,nl
13863,de
7181,de
4524,es
16733,tr
3683,en
2412,id
6295,tl
8005,nl
2298,en
7502,en
11922,tr
10895,pt
13341,es
7170,nl
10288,tl
6294,fr
7836,af
7496,tl
16730,tr
11418,tl
4998,fr
6495,it
9254,nl
11257,tr
12716,sv
8670,nl
7120,tl
6550,it
10016,tl
3386,it
7730,af
10887,en
861,de
962,tl
6325,de
13181,tl
5051,it
14147,de
5330,de
9768,id
13546,tr
10679,id
63,de
16947,af
1684,tr
2432,tr
7151,es
11677,af
150,af
13223,nl
10038,tl
14481,en
7718,af
10887,id
7762,tl
2564,fr
2564,en
9316,af
1205,af
7711,fr
8948,af
3321,id
1191,tl
14526,nl
2263,en
7216,it
13464,it
11322,tl
7181,tr
11802,es
4031,sv
1510,es
9795,en
14939,en
5732,it
11844,tr
7287,af
9541,sv
14418,tr
5707,it
16873,es
16944,tr
7463,en
16766,nl
14481,pt
9857,fr
9632,tr
4589,sv
2230,tl
7664,sv
5953,sv
13101,es
3175,es
86,it
15987,fr
14505,de
8653,it
17157,en
16437,de
16992,en
11331,it
6376,tl
7100,es
12066,nl
8579,id
292,af
1458,de
15849,fr
8343,fr
11467,fr
9930,fr
14475,tl
4784,af
4798,sv
10302,de
1148,af
1962,it
13625,tr
16859,it
9059,tr
11607,es
16961,en
5996,id
6432,tl
9009,sv
13342,tr
3568,it
16992,de
11409,de
10226,es
2447,en
11903,de
9707,es
4412,sv
16627,de
14090,tr
2801,tl
7666,de
7295,pt
11420,it
7181,pt
9878,id
10433,af
13115,es
15402,fr
2545,sv
13473,pt
12511,pt
5196,it
6366,id
5840,sv
1760,id
16280,af
2721,es
9875,it
4477,af
4813,sv
6937,nl
16772,pt
7087,tr
10427,es
2134,tr
14044,en
12453,it
178,en
14601,tr
4361,id
17142,pt
4116,fr
13177,en
13154,de
2610,tr
2564,es
5812,sv
4854,tr
7878,es
9528,pt
3741,fr
16098,en
4702,fr
11954,sv
16158,nl
12212,en
15828,fr
11455,it
11525,es
11261,it
10430,pt
16888,id
13363,tr
16320,af
5912,tr
16777,fr
2403,af
7257,de
4953,id
3441,en
2615,en
13744,tr
16535,it
11189,sv
3077,de
16461,tl
9620,fr
8404,de
10346,id
10712,nl
12813,af
13547,sv
4550,es
11505,de
7168,de
15906,fr
3784,it
9924,it
884,tr
2085,id
10828,de
712,tl
1372,en
16888,de
2868,tl
1264,nl
8907,de
13297,tr
1904,nl
8148,tl
10898,fr
3513,tr
16703,pt
9568,tr
14116,tr
2205,fr
15815,tr
16891,tr
27,tr
10757,tr
7209,pt
2903,it
2512,af
5410,tr
11157,tl
2163,pt
3835,af
14154,en
2322,it
10743,nl
6789,de
10260,it
5465,tl
7293,fr
13683,tr
13705,id
10832,de
2026,af
7768,en
10600,tr
3276,de
11426,en
16052,id
17069,pt
13303,id
10927,it
17108,en
16459,fr
15348,de
9149,fr
10645,af
11634,pt
974,af
1831,de
14567,af
16501,fr
14163,af
8795,it
3077,pt
15756,it
16228,it
1452,de
2898,id
16801,es
8888,nl
16938,id
14461,fr
1308,id
8795,nl
3400,tl
1786,af
11238,es
1547,fr
9380,de
7980,af
4673,en
7209,de
525,af
9979,tl
8939,tl
15557,es
1065,tl
3838,nl
2717,pt
1575,tr
1511,tl
14382,sv
15039,it
5886,de
122,pt
3586,nl
585,es
2447,en
14705,pt
16183,it
10804,tr
8431,it
508,fr
8985,id
4361,af
14933,nl
506,tr
8426,id
491,tr
16710,sv
5678,fr
3253,tl
15747,af
13881,it
8110,fr
5043,es
16693,af
430,it
12957,tr
15345,nl
322,es
8539,fr
12623,tl
7455,nl
9630,tr
7844,nl
6923,it
6615,nl
6069,de
14545,tr
10080,it
10684,es
3002,en
5578,it
3091,tr
1427,tr
6370,af
437,es
5128,sv
13242,en
5758,sv
4955,en
6594,pt
9827,fr
11341,tl
8992,de
6295,id
14449,de
1076,en
1960,id
11177,fr
12685,nl
13074,it
11451,de
8280,id
16780,fr
12548,tl
10855,es
4081,fr
1703,tr
4240,sv
4913,de
2917,tl
16791,tl
16280,nl
12838,sv
11250,en
2258,af
5481,pt
4439,it
6201,fr
15963,it
11286,id
2560,en
11259,nl
7956,fr
1722,pt
14591,pt
10321,it
870,en
12251,tr
1352,nl
9746,de
6431,es
12844,af
3812,en
11341,tl
10090,id
2639,tl
13340,tl
13330,sv
15094,af
10048,sv
3060,tr
15825,fr
15296,en
6722,it
2639,fr
14622,sv
473,nl
3213,sv
11720,fr
7293,tr
12689,pt
9827,tr
2498,af
13780,af
16072,tr
16989,it
14179,es
5958,tl
2512,sv
5996,en
10494,af
12289,it
9193,sv
14668,sv
13310,en
1671,nl
5688,id
1640,sv
5341,id
14367,tr
14000,es
16974,af
10288,af
6147,it
5611,de
16930,id
10985,fr
5307,de
14130,sv
16354,af
4960,it
783,nl
9678,sv
1784,fr
4449,af
10471,es
5577,tl
2255,fr
14025,it
15280,de
11409,pt
1401,en
11376,id
1115,fr
10399,id
189,tl
11969,tl
71,af
5722,af
7080,af
27,en
15966,en
15593,nl
13616,it
11376,en
5176,af
7287,id
3330,sv
16419,nl
8771,af
14857,es
13172,tl
10455,pt
12987,nl
3492,de
15271,en
12618,nl
16158,af
2870,es
11141,tr
12008,en
13222,es
3654,de
14150,sv
8453,af
4653,en
9955,it
9875,af
6103,id
17043,pt
12675,it
16672,es
2255,sv
3741,nl
10226,pt
3138,sv
16995,tl
17144,pt
4436,pt
16694,fr
506,tl
14787,tl
6539,sv
8336,it
385,id
6352,pt
9394,af
14395,af
17015,fr
3,it
6980,it
13192,nl
16754,fr
6074,en
9187,en
14228,pt
2075,pt
14033,id
5328,tl
12814,nl
6517,es
10915,tr
12104,de
10055,es
4491,es
15732,de
5103,it
3114,nl
16518,pt
10171,pt
15933,de
8343,es
2917,it
10982,tl
15133,pt
7194,es
13705,fr
10292,sv
3306,es
2704,af
2296,tl
6515,af
3542,tl
10366,tl
6650,nl
6561,it
3337,pt
13069,af
3671,tr
11470,it
1866,de
14591,en
15113,es
832,it
13666,tr
1982,de
8992,it
10565,pt
9720,fr
7741,de
4132,es
4186,tl
15109,tl
3614,tl
4346,fr
6559,it
15756,en
5016,de
14925,pt
9994,fr
9700,nl
13188,tl
8925,sv
10171,de
11098,it
7981,tl
424,tr
8968,tr
15723,it
5297,tr
6937,af
14838,en
13681,af
12409,en
7057,fr
3859,tl
2983,sv
1156,tl
7216,tr
8525,sv
12634,fr
11706,it
7113,af
15731,pt
9460,pt
1360,en
1249,it
9175,nl
7196,id
14928,it
6385,tl
13524,it
11172,es
2174,pt
15197,en
5970,it
13078,de
10072,nl
16052,es
5623,pt
10427,pt
16814,de
9971,en
7908,es
5966,en
7291,de
14038,de
8029,es
10674,de
13762,tr
15010,es
3116,tr
6434,nl
16677,nl
5292,tl
2351,es
9524,es
10738,fr
9233,af
12618,pt
10352,nl
11265,es
7693,en
9815,id
6378,tl
5221,de
10743,it
6819,pt
3213,nl
8782,fr
16151,de
6221,fr
8358,it
13997,tr
11770,pt
9924,sv
7894,id
1940,sv
4601,sv
6596,nl
6385,id
6850,nl
182,tl
3460,af
3407,tl
15137,fr
13199,id
7463,it
3029,de
16873,af
14449,fr
12159,it
407,de
15457,en
14025,pt
2914,de
11875,id
13099,tr
9669,pt
3714,af
14498,fr
344,en
10317,de
13625,id
16765,nl
4305,sv
7820,tl
1796,sv
6572,fr
10743,es
13460,de
16694,de
12874,tl
5118,fr
7122,fr
7353,id
16838,af
13907,it
1042,nl
13383,it
16518,sv
13855,id
6973,pt
6708,pt
11681,tl
3361,de
15904,de
9689,fr
12245,nl
17023,tl
13172,en
8290,af
14481,de
4871,nl
4319,tr
7542,pt
1745,it
10338,en
6371,id
6385,es
14117,fr
1862,fr
1870,de
14705,pt
11442,it
4355,it
11773,es
6194,af
6469,it
8001,tr
3408,es
14526,de
3387,fr
10072,tl
16677,nl
10213,tr
10673,fr
2255,it
15707,af
9270,tl
2594,de
14038,id
7774,pt
5358,tl
5671,tl
16145,it
14406,tr
10815,de
2255,tl
8182,es
16183,en
15839,pt
6710,tr
3099,id
5401,en
5198,id
7528,af
4601,sv
3034,fr
11427,id
1527,fr
13867,sv
5966,fr
1745,fr
2917,af
16777,sv
6431,pt
5333,it
3980,af
7778,id
1156,de
9706,it
12623,de
14701,tr
5370,tl
10570,nl
8640,en
9855,id
11424,en
6103,fr
8967,es
10853,it
1266,af
7194,tl
8449,fr
17020,en
13738,id
4799,tr
3654,sv
17005,en
11174,tr
5465,pt
10525,nl
2203,id
3214,nl
16072,it
14169,en
12846,en
10349,sv
11825,pt
8436,sv
16749,es
16148,id
16916,tl
12437,nl
15055,sv
9569,tl
10451,tl
5727,fr
3323,id
7851,pt
13016,de
14700,tr
7531,it
6305,en
46,fr
1377,es
9561,af
2962,it
5650,tl
3742,it
10166,it
9554,tl
4764,en
5026,id
16146,pt
16061,sv
2016,en
14011,af
3116,tr
17135,af
16148,fr
9364,id
11705,es
12608,tr
2704,fr
15809,fr
13359,tr
765,fr
7767,es
2527,pt
8766,fr
3228,tr
3326,fr
14622,pt
1007,en
9330,de
3864,en
12526,nl
7609,pt
4560,sv
14508,nl
2840,id
726,pt
9212,en
10353,fr
9363,sv
6319,it
8358,en
4362,es
4973,fr
14417,nl
13172,de
5127,tr
6177,es
525,pt
4443,tr
16413,tr
59,id
2336,nl
8868,tl
13853,nl
14700,fr
8414,pt
4017,es
6694,af
16535,en
3099,sv
6064,en
412,fr
2163,af
5988,af
5688,nl
16178,it
4567,nl
14118,fr
16096,af
9966,en
4249,id
9114,af
5707,pt
9352,tl
6023,de
11125,tr
11341,en
16668,es
2548,fr
7918,pt
11133,en
16314,it
9237,en
17135,tl
2309,nl
11107,de
9270,id
14308,af
4073,af
2975,af
4171,de
14268,fr
9305,af
4048,es
702,fr
250,it
2957,tr
761,id
4442,af
10824,de
6118,tl
2373,es
4084,id
7762,id
11903,fr
12932,en
7524,af
9103,nl
14317,fr
10455,it
3835,fr
14787,nl
7606,pt
4659,nl
4400,af
16406,es
1059,id
3883,af
5886,af
14417,id
10512,it
11922,fr
7316,en
17090,pt
10072,nl
5886,af
7596,af
7449,af
11802,de
7606,fr
9941,sv
6388,pt
8762,tl
9871,es
3474,es
7287,es
11029,en
11343,af
4985,af
12987,id
7219,nl
16698,it
525,tr
1777,pt
5911,fr
6159,fr
8230,tl
3631,tr
14746,tl
1994,fr
290,tr
14757,it
8005,it
13580,de
7970,en
4171,tr
344,de
4391,af
13043,es
17023,fr
6959,it
2850,it
5149,nl
15661,pt
7353,af
473,tr
16662,tl
14272,tl
12722,pt
730,it
16402,sv
10868,it
8553,es
6103,en
11546,fr
1452,tl
4477,tl
12800,de
3280,pt
397,nl
5970,en
10696,sv
4240,en
494,pt
11802,en
9471,pt
17143,af
7100,pt
1300,id
10150,id
14347,tl
5611,it
4391,en
7216,en
3329,es
475,id
1427,en
10956,tr
13340,es
11904,af
12851,fr
16624,de
15020,nl
5152,en
5152,es
8248,es
7843,sv
15983,es
5525,it
14342,nl
5611,it
9964,nl
13288,nl
10097,id
14025,af
9284,de
3581,it
8204,de
6495,nl
11366,es
9881,de
16987,nl
10812,sv
4216,sv
15765,fr
7549,id
4136,en
974,nl
9233,es
3581,de
16814,af
9030,tl
15213,af
10462,it
10335,es
4871,es
7455,nl
12098,pt
11610,en
389,nl
7100,pt
16886,tr
7293,af
3771,nl
1551,sv
9361,sv
8322,en
279,id
7098,it
3761,id
9107,en
13199,tl
11636,af
11483,pt
5481,tr
14033,de
16532,tr
4201,es
13986,af
3936,de
9380,af
7890,id
525,it
16103,it
10570,it
4887,tr
9353,fr
1750,en
730,fr
16168,sv
9940,tr
12856,id
4130,af
1722,fr
3700,de
14648,sv
16170,es
17081,fr
15655,tl
7774,nl
17148,id
4443,nl
3546,id
3993,pt
12724,tl
13464,sv
13888,de
8694,pt
11353,tr
7567,tl
2679,id
7774,it
14995,fr
3566,de
4680,pt
7567,pt
8033,nl
10927,nl
5152,af
2062,es
1636,es
15337,id
17095,pt
9225,nl
13101,tr
14605,tl
10166,fr
804,sv
3912,en
14792,it
5578,af
8977,it
999,it
1671,pt
14151,sv
1124,fr
12869,af
14453,tl
13312,tl
2906,nl
41,de
12240,pt
5529,tr
9976,fr
16158,es
9924,sv
11328,fr
9204,pt
1811,pt
10990,pt
3447,fr
10792,pt
355,de
15348,es
8904,pt
6241,id
12281,fr
13547,es
14683,id
9855,nl
3161,de
8322,tl
2336,nl
7808,es
6643,en
8461,fr
6878,de
2220,tr
14770,en
11744,nl
171,id
16974,id
8900,it
11024,sv
8559,tr
13330,de
10590,tr
15756,af
9857,es
9955,sv
3196,tl
14317,de
10285,de
5006,tl
15862,af
10868,nl
348,es
428,tr
13077,de
13926,tl
4845,de
15553,tl
10757,id
9592,fr
10855,sv
11166,it
1551,es
12419,de
6850,it
13154,id
16780,sv
10296,es
4968,af
5225,de
11839,es
296,es
5040,af
5996,tr
15857,en
13067,pt
9940,sv
5358,sv
8856,en
6402,id
17116,af
7953,af
2796,tl
5593,tl
16082,af
16165,de
5307,af
4266,af
14189,es
8204,pt
6974,tl
12759,sv
12469,id
4909,fr
1300,es
11331,es
15503,fr
12293,fr
2709,pt
3096,it
12581,id
8107,sv
13460,it
2512,sv
8345,tr
4953,en
5955,it
7292,nl
15983,pt
2026,af
4001,tl
8013,pt
7655,id
2560,en
15731,af
10588,tl
10563,nl
1993,en
14746,id
17054,nl
6962,it
9943,tl
1874,es
2690,pt
11947,it
2591,af
1294,tr
5813,af
17081,sv
10673,af
10673,fr
14761,fr
6645,en
10756,de
9233,nl
7397,fr
430,en
15138,af
11384,es
1425,tr
1933,sv
5038,tr
7463,en
8402,it
9009,id
5014,fr
726,en
12972,af
15676,id
6725,it
15075,de
5103,tl
8182,it
14504,en
10868,es
7774,en
6593,it
10355,nl
13363,tl
1778,tr
17148,id
2085,de
5966,pt
16974,es
15841,tl
8402,nl
9507,tr
4253,nl
16229,it
8496,sv
12986,nl
9254,af
3447,id
1630,af
5406,fr
15661,id
15454,es
15732,af
4375,es
4496,tl
12213,es
1351,fr
10999,af
3614,es
9284,en
10214,en
9353,it
5691,en
15661,de
6909,it
12526,en
4249,pt
391,pt
5330,tr
8916,de
8260,es
6550,fr
13855,it
17042,nl
15829,pt
16317,tr
6195,it
14994,sv
2801,id
10915,tr
1904,es
15454,fr
13575,id
1474,nl
7606,fr
16609,sv
4236,fr
15214,tr
16375,sv
7556,en
14912,fr
14567,tr
11916,tr
4809,tl
6500,es
4232,id
12294,nl
8302,de
1425,it
6926,sv
2959,tr
3398,id
15890,pt
7151,sv
3264,fr
14545,it
16995,af
3444,de
10048,pt
8795,es
7450,pt
3364,tr
9853,tl
10956,fr
10990,af
4909,pt
8084,fr
13547,de
15532,es
7262,es
14115,nl
1007,af
8535,en
16983,en
7258,pt
8912,es
12150,tr
9545,tr
5823,it
9986,es
6295,en
1581,pt
9114,nl
1710,de
9851,tl
10640,id
14339,tr
15708,fr
2057,sv
355,id
16410,en
1043,af
14601,nl
964,id
6446,tl
4672,it
16907,af
4145,it
9471,af
12818,pt
1379,it
16766,fr
7397,id
10790,en
6878,af
16814,id
3841,es
16630,sv
8415,en
3859,tl
4104,af
4491,en
3694,de
6897,pt
17075,es
16609,de
89,it
768,tr
11607,af
6371,nl
8058,pt
7662,pt
16398,es
9961,sv
864,es
7502,sv
11502,tr
10263,tr
15587,de
13215,id
12291,tr
11259,id
6055,id
4442,pt
9541,it
15333,sv
1449,pt
1941,tr
12707,en
7120,tl
16032,es
2146,tr
279,af
13607,it
11914,de
8388,sv
13166,en
2512,af
16151,tl
1581,id
3002,es
16813,fr
790,nl
16276,it
2168,af
13166,de
27,en
6410,tl
9569,fr
4692,id
15348,de
2914,fr
914,tr
1760,af
3077,tr
8308,en
17113,tr
7278,tr
8188,pt
16944,sv
4155,tl
2265,en
12511,fr
3734,en
5365,de
6517,tr
14544,en
7199,sv
6856,id
6109,es
2906,pt
16749,af
15467,en
12883,fr
6431,af
2128,es
5016,tr
7196,tl
9275,sv
506,de
5365,it
10855,tl
15618,it
4502,nl
7878,tr
7100,pt
7258,af
1308,pt
9528,nl
16711,sv
12070,es
16872,af
3406,sv
3600,de
4355,fr
9918,pt
13035,pt
14490,de
13855,en
5525,pt
15216,it
322,nl
5116,tl
1778,en
15197,tl
8570,nl
9197,tl
4116,af
7181,tl
4168,it
15358,es
12779,pt
6617,es
3725,de
16605,id
8766,fr
14096,af
12675,fr
3550,en
6243,id
5678,fr
1774,af
13693,it
3723,nl
9617,sv
11999,pt
13346,af
6014,fr
1594,nl
2497,sv
1666,af
14063,fr
11911,id
17156,pt
3570,tl
15561,nl
11341,nl
555,de
16459,fr
13684,en
16698,sv
3837,en
7531,nl
4671,pt
15113,fr
16050,pt
10577,id
4502,pt
6761,de
11867,id
10335,nl
7718,en
2551,id
9902,nl
11812,sv
4848,id
6732,it
4299,de
6382,tl
8413,tl
1804,af
254,nl
4951,it
16280,sv
13487,tr
13858,af
4780,tr
9197,nl
13717,en
1084,es
9471,en
15138,id
6227,it
6118,sv
8907,fr
1904,id
790,fr
4186,en
11744,pt
13043,it
2496,it
16146,nl
10268,pt
15849,id
10276,tl
10858,es
13690,sv
15225,tr
14449,pt
8251,it
13986,tr
7730,de
782,fr
1516,es
4178,en
4136,id
9568,nl
5026,fr
4119,pt
16165,sv
7232,tr
8642,en
15177,id
13524,af
14706,tr
1874,id
7919,sv
6503,en
2638,id
17151,sv
15208,fr
10590,it
1059,nl
14889,tl
8978,en
4554,id
4436,tr
5953,nl
8978,tr
761,tl
5584,tl
10600,de
5196,id
1719,it
19,en
9053,tl
13473,it
178,fr
6093,nl
427,es
7751,tr
11476,nl
1542,id
8968,es
4671,sv
8110,id
8320,es
8449,pt
6997,en
11023,pt
3886,pt
2605,pt
7890,de
16669,tl
9402,sv
14620,pt
6172,pt
15127,id
15448,it
4809,sv
1467,fr
6174,it
281,de
12986,en
5568,tr
12073,en
7061,id
11303,es
1014,en
14315,pt
10503,tr
3915,de
10805,id
11353,de
16627,it
11328,de
8906,de
15413,es
12724,af
6806,tl
6073,it
4973,es
14498,de
3306,id
4780,pt
13754,it
13984,nl
7918,nl
5523,it
6151,en
10636,fr
4951,de
13694,af
5554,pt
14418,nl
11026,it
11270,id
9155,fr
12536,nl
12159,tr
3741,nl
13639,sv
6850,es
15402,de
2167,it
14378,tr
2890,pt
13255,tl
4799,tl
11954,sv
16930,sv
10940,de
11798,en
15957,pt
11529,id
11349,nl
8107,sv
4833,it
1658,id
5554,tr
1191,pt
8598,it
16162,it
5038,es
2824,fr
4152,sv
16859,pt
11812,de
12212,tr
16048,id
3361,nl
9844,it
7098,fr
6980,id
400,id
13636,tr
13297,tr
1123,es
2315,nl
13863,it
12366,tr
10513,en
7266,af
5619,de
1675,tr
7767,es
6616,nl
4090,it
16799,pt
14767,tr
3554,tr
15459,tr
5688,en
3894,fr
884,af
3481,it
4680,de
14504,es
9426,es
16038,sv
1581,sv
4909,pt
7055,sv
10406,es
6967,nl
3742,it
3138,fr
14083,id
17157,en
13404,tl
8939,de
6746,fr
7113,es
5774,it
12930,it
13064,id
16506,it
3435,af
3193,nl
1379,tr
11166,tr
4882,af
1454,pt
3228,en
13630,es
5016,id
6973,af
6722,id
13178,id
124,de
2094,es
3774,sv
14444,tl
3444,af
11460,de
15275,nl
11451,it
15020,es
5820,en
4249,tr
3306,af
4567,nl
16146,pt
16589,tr
4145,pt
5118,it
14661,pt
1371,fr
5040,nl
9019,de
16229,de
10216,de
8100,fr
10296,it
2717,nl
3742,fr
13221,af
15634,fr
12453,pt
7768,en
2962,tl
783,pt
8781,it
2795,en
14,af
4077,sv
7542,fr
13934,en
61,tl
258,pt
7836,af
4031,nl
7889,id
7892,tl
3702,es
16225,de
12851,fr
8245,it
3623,en
17069,id
4248,es
9506,sv
14306,tr
11361,en
14228,af
5152,tl
3734,nl
4336,tr
7316,af
14315,es
7278,pt
2030,en
5856,nl
12723,id
2016,af
14599,it
2423,pt
3819,de
13318,af
7216,sv
5157,de
7181,sv
10353,en
10442,pt
10956,es
9691,af
2400,sv
4040,pt
11650,de
16532,es
5911,de
2591,es
15321,tl
4166,it
8402,tr
4689,es
8618,sv
15815,id
5600,fr
10072,en
3912,pt
3581,id
7971,af
8150,pt
10078,es
13548,de
8907,sv
1440,tr
4362,nl
15957,es
6289,en
15225,tl
8013,pt
15982,en
8116,nl
321,it
2263,af
11650,en
7808,sv
4689,pt
4982,pt
5524,es
442,id
14342,tl
13186,tr
2296,tr
13796,id
12381,en
3566,sv
11773,de
3859,tr
6402,it
6061,pt
5010,sv
3911,it
5974,en
12693,en
2093,it
14891,pt
12813,af
1336,de
1872,de
15626,pt
16944,fr
11990,en
11607,nl
1093,it
9362,de
5165,pt
15518,en
9943,it
11947,it
486,es
751,de
11915,it
13575,de
9269,af
12437,fr
11612,es
7314,id
12299,id
5774,de
5439,de
12244,de
2903,nl
3486,pt
10292,af
10093,de
2386,af
9269,it
7563,en
10216,tl
14673,pt
3434,de
2906,id
2560,tr
5475,af
5413,en
8949,en
6909,fr
2801,tr
9694,sv
11172,nl
13221,nl
1692,sv
6159,tr
779,sv
2639,pt
9406,de
8679,af
11650,pt
411,pt
13997,fr
16589,tr
512,es
16049,nl
16318,nl
7892,id
6562,fr
4654,af
15982,tl
16276,it
333,en
16419,id
16024,nl
17087,it
10999,tl
4620,id
6178,fr
14001,pt
151,en
10182,de
8767,nl
5955,tl
8958,id
5578,en
102,fr
7919,pt
5158,nl
10508,nl
11339,it
16974,tr
12468,sv
16163,de
2512,tr
13166,id
7767,fr
11685,af
651,en
15845,tl
10132,fr
10081,id
10016,sv
14053,tr
2085,it
8631,tl
8029,pt
9994,tr
11546,de
13974,tr
16987,pt
9651,pt
16096,af
2075,af
10898,pt
10709,en
9062,es
9554,es
7120,tl
8900,id
12244,tr
10709,fr
5159,af
12537,nl
5614,fr
4383,it
9519,es
8985,nl
3337,tr
12724,it
3228,id
15970,tr
2108,tl
15359,de
14683,es
6897,tl
625,nl
2163,tr
3361,sv
9112,de
2432,tr
10349,nl
5198,it
9524,pt
783,en
7549,id
100,pt
15508,fr
6370,en
5082,nl
5037,pt
15829,af
14418,sv
14592,tl
15318,de
8559,tr
11250,fr
11186,pt
7879,tr
8269,fr
13983,tl
6617,pt
6616,tl
16583,es
12629,nl
334,fr
7257,pt
3669,sv
13896,pt
3207,tl
16263,en
400,en
7975,en
2207,en
11764,de
2850,sv
16002,sv
9194,nl
7559,tr
14592,fr
1639,nl
16470,id
10077,id
8960,af
17087,nl
12453,es
3196,tr
10125,en
12473,tl
11459,tl
15487,nl
11154,nl
9263,sv
2859,de
8035,tl
15289,tl
6725,fr
1072,sv
1301,sv
16100,de
14239,fr
12800,fr
9107,pt
5243,af
9054,nl
4973,es
6682,en
12789,de
4798,nl
6045,pt
12066,tr
6282,en
11302,tl
12020,tl
494,en
15647,fr
6901,es
5652,id
651,id
15304,it
7111,tl
15532,id
10887,tr
1778,en
5278,id
12716,id
6561,tr
9341,fr
10365,it
321,en
8882,fr
15546,es
8415,it
15995,it
12437,de
3605,tl
13192,fr
6305,fr
8975,it
10308,it
16627,fr
14229,sv
15296,tr
7680,pt
2414,id
11860,es
17020,it
15849,tl
8302,pt
9193,tl
1675,en
533,es
7762,tl
5614,tl
13717,id
9457,tl
560,en
8912,es
12281,tr
220,de
5813,it
6974,es
10016,tl
6891,es
2334,de
3175,fr
8206,id
4982,de
1007,en
12797,tl
1551,fr
13140,sv
15216,af
12392,id
7080,fr
6293,it
6172,pt
9015,pt
12252,pt
11612,fr
3413,fr
13888,de
17075,tl
8,nl
12607,de
16975,id
12473,es
5307,tr
8129,sv
1639,en
16297,es
16266,sv
16361,fr
9384,it
11296,sv
1808,es
10399,de
6195,pt
6045,pt
7955,id
16082,de
5658,af
16672,de
4487,fr
7918,de
7912,de
12873,de
10451,pt
5550,de
15445,pt
11026,it
197,de
10440,id
11867,af
5339,sv
426,fr
9358,af
4136,it
7563,es
16874,tl
6446,af
16385,pt
8882,fr
12685,de
512,id
7120,en
9594,en
2146,sv
12797,fr
8241,es
3441,id
779,fr
7295,af
451,de
2322,tr
7891,es
59,es
10105,fr
9591,fr
4524,tr
15199,af
16797,fr
14011,af
11915,id
329,af
15488,sv
2903,tr
931,de
5837,sv
6116,en
7293,fr
5501,pt
397,tr
7055,es
15216,de
13966,pt
10080,fr
5997,en
9620,id
2164,sv
14406,af
12693,es
442,en
10357,sv
5615,tl
13780,id
9384,sv
8990,af
6582,de
13135,it
15304,sv
9651,id
10827,id
16376,es
5552,pt
11458,tr
13043,af
10577,sv
6331,it
3586,it
7876,sv
9617,nl
3614,es
1474,pt
13706,de
10023,tl
220,it
16717,pt
13798,en
14395,nl
3207,de
4881,fr
12604,de
1511,de
6293,id
6201,fr
4487,pt
5196,it
964,en
13683,sv
16052,pt
16245,pt
5574,tl
5410,af
6172,it
8410,de
14509,af
10938,fr
4461,fr
6737,de
660,tr
16375,tr
11286,tl
9619,pt
14509,af
2338,id
14904,tl
11459,af
7140,sv
3727,fr
13896,id
1551,es
7808,de
3098,id
10508,nl
16975,af
6166,en
15651,tr
12722,af
5201,af
10645,tr
7073,fr
1756,sv
12256,de
5652,fr
11423,es
14272,fr
5481,id
7971,tl
1640,en
6980,id
13067,af
12800,tr
12294,tr
3030,id
15187,de
13178,es
14444,id
15318,en
15274,tl
11585,es
6550,fr
10898,tl
1703,tl
11634,nl
17115,de
8496,pt
826,af
12299,fr
16669,de
7808,nl
399,fr
8079,en
15032,en
11458,en
16049,af
4154,af
13412,pt
15841,es
3326,it
7767,af
12413,id
2178,fr
11306,id
5996,id
15906,es
15652,tr
14475,fr
13459,id
8795,tr
8260,tr
14444,fr
13580,fr
9014,id
10105,nl
3835,pt
13516,fr
14684,sv
10433,it
14414,it
11947,en
9305,tr
7152,it
9326,pt
14973,en
11539,en
14475,en
6542,pt
9962,it
15862,tr
4201,pt
10105,fr
13175,tl
4205,tl
10462,af
1636,tl
12264,en
15280,id
3543,en
9197,nl
16874,tr
1180,it
2975,af
4272,id
4241,en
16605,tl
14585,af
1071,de
16501,pt
11505,pt
5321,es
11706,tl
4104,nl
4048,af
16758,de
9601,sv
14879,tr
13521,sv
16749,it
4201,sv
10776,es
13548,pt
5722,id
6229,it
14701,en
15229,id
14214,nl
14995,fr
1071,sv
13740,de
5160,id
6227,fr
296,af
7570,tl
827,es
5930,sv
7181,it
3020,tl
1933,en
4240,tr
16045,fr
2351,tr
13616,id
10931,fr
17115,pt
16532,en
484,pt
2168,sv
12957,en
11773,nl
4826,nl
9352,sv
14648,fr
3785,af
8165,id
15732,id
6737,es
2770,tl
5988,af
12606,pt
1318,es
4767,es
14126,af
16317,es
6382,de
9088,af
11427,pt
11125,af
7978,nl
2573,af
261,en
16275,af
8824,nl
14544,tr
8948,nl
15113,tl
13124,pt
15546,fr
1832,it
16273,fr
5204,es
6469,af
15703,tl
15756,tl
13997,fr
7922,id
15707,nl
8907,tl
6213,id
16245,id
920,sv
13513,tl
6633,es
6093,af
11681,sv
4145,sv
5047,sv
1760,en
13685,en
2965,sv
14429,it
11286,es
13896,it
3586,it
8856,pt
6439,pt
3784,sv
4024,pt
3859,tr
4618,tl
9942,it
15553,pt
635,pt
11610,id
11053,af
5721,en
4186,tl
10895,nl
6382,fr
4618,id
411,it
50,it
15326,de
12866,fr
2824,sv
11539,id
7111,de
11764,sv
3034,sv
10743,de
8975,id
11259,en
7293,it
13867,tl
5014,es
16880,nl
8336,it
15828,pt
5888,en
3654,pt
11322,es
8390,es
13722,id
3614,it
16056,it
6448,sv
2315,id
13035,en
7768,id
15318,nl
5523,tr
2965,sv
11024,pt
13908,en
9568,it
10107,pt
12608,tl
10812,id
7209,nl
15205,tr
14564,pt
4673,it
6517,de
15387,tl
14653,pt
85,nl
3993,en
491,fr
16049,es
14591,af
4183,id
4043,en
15472,en
14151,pt
11467,sv
7981,fr
1124,pt
631,it
16801,tl
14354,de
11483,it
4953,de
9233,tr
3298,nl
14592,sv
2711,es
8949,en
10403,nl
2365,id
5085,en
11125,id
12930,tr
15456,es
2931,de
13359,de
11764,af
9700,pt
8541,it
7000,tl
5038,id
17136,fr
6325,tl
13927,es
14690,it
11773,it
16890,en
3516,id
1059,it
9918,tr
15055,pt
6039,id
2255,fr
9962,it
10493,en
8107,en
16772,pt
4826,fr
5062,af
3050,id
13491,en
6477,nl
1646,sv
3915,tl
3581,fr
6014,nl
3631,fr
6304,es
6865,tl
15635,it
6974,sv
8276,tr
1413,af
11172,sv
12367,de
2496,id
3581,id
10107,fr
8771,sv
13618,nl
1581,de
13983,tr
4189,fr
1425,es
4928,tl
428,en
2315,tr
6928,pt
7455,tr
11141,af
14356,tr
2898,pt
12537,id
8520,pt
10577,tl
1176,pt
9054,id
11174,en
128,sv
14995,es
16703,fr
4305,it
13777,nl
16603,af
7966,it
10427,en
1527,tl
15456,it
8539,af
14553,nl
14646,es
11585,es
15137,en
6539,en
13303,sv
1803,es
14118,tr
13780,de
5930,tl
16605,tr
16098,id
1554,nl
17005,it
10451,id
7450,en
17170,tr
9815,en
286,pt
7502,nl
7199,tr
7876,pt
10150,tl
16560,tr
4436,tr
6926,en
1554,nl
10260,de
8562,nl
11279,it
14553,sv
7978,fr
8469,pt
5131,id
6371,af
2451,nl
9212,de
12252,es
3700,de
4048,nl
3702,af
9528,fr
6388,af
13591,tl
5640,af
1294,sv
2412,nl
5014,sv
6050,it
8916,de
14115,id
15849,sv
1510,fr
16559,de
2777,tl
3127,de
9460,id
3674,it
8579,tr
3727,es
16589,tr
2271,fr
14767,it
16648,de
10177,it
9457,nl
14838,tl
13099,tl
8033,id
9438,id
726,tl
3305,tl
5378,id
15216,tr
7224,sv
3834,id
8570,nl
13639,fr
2203,fr
1874,pt
8598,tr
12383,af
5014,sv
14253,es
3306,pt
6039,tl
4273,de
9236,tr
1962,af
6174,de
2578,fr
1160,en
7161,tl
16711,es
17005,it
8188,de
8289,en
13464,de
5321,fr
15933,es
17138,nl
10048,af
13177,it
3822,fr
197,nl
1760,en
6248,tr
13206,en
6325,id
6646,nl
13516,sv
12182,nl
8525,af
5245,de
3884,pt
16162,tr
14597,af
3213,id
13867,id
8056,nl
3550,sv
12248,af
17144,af
10097,af
7712,pt
8732,tl
11827,nl
16072,tr
9855,de
2354,es
14304,pt
668,sv
10045,es
2414,de
8409,tr
5198,it
5258,tl
6946,id
9738,es
4992,it
1238,en
15216,nl
5640,es
4463,de
11681,nl
4951,id
4383,it
12436,af
16890,sv
7463,it
1374,es
12070,es
6713,pt
15546,es
6112,fr
5501,it
3570,fr
10828,en
15454,nl
2007,nl
9062,af
3812,it
9212,en
8336,en
5797,es
14053,af
16320,af
15610,af
2733,nl
16166,sv
6489,fr
7004,en
6926,en
6248,es
7879,af
4809,af
491,tr
1423,tr
6034,nl
14917,id
9940,es
4174,de
9630,af
15970,id
7499,es
17119,fr
16907,es
15345,tl
14151,af
5985,de
428,af
13869,fr
7450,fr
1924,nl
4187,nl
8414,en
7314,fr
71,nl
14347,nl
443,fr
8414,sv
11302,af
6928,fr
12310,tr
8343,af
15304,it
10350,tl
15508,it
16455,tl
6061,af
3338,es
14820,en
9198,tl
11490,id
12468,en
8409,it
13734,it
13714,tl
11845,tl
11598,sv
4201,it
16100,tr
13102,pt
5156,tl
4240,es
2773,es
861,nl
1872,id
322,nl
11140,tl
4580,id
7294,it
4112,it
1794,de
250,sv
14001,nl
16892,it
15994,id
5727,es
9408,id
10687,en
10743,es
12468,tr
366,tr
4449,de
17135,sv
5296,en
5465,tl
12413,de
9341,id
13473,pt
7291,tl
2517,es
2271,tr
10352,fr
14355,id
7520,fr
12264,en
12553,de
12293,es
15113,it
15987,af
4994,fr
27,id
7569,it
5554,af
8822,nl
5103,it
17020,it
4334,it
11665,tl
13895,tl
10851,id
8245,it
11845,nl
15055,de
177,tl
12256,nl
4672,tl
1108,pt
15706,de
1120,pt
1247,en
7569,es
9153,nl
14367,fr
3408,es
6533,nl
4145,fr
13907,sv
14973,es
11186,pt
3686,en
12558,id
14877,sv
11261,tr
1803,nl
8856,fr
10076,pt
6713,tl
3780,af
11554,id
10674,id
2472,nl
5116,sv
16221,nl
13494,af
10678,en
5570,tr
41,en
5691,it
3734,tr
8880,en
3982,fr
17179,de
4601,tr
14378,fr
5201,de
10444,de
11778,pt
5955,de
6376,fr
4171,tr
12442,tl
5958,fr
6041,it
9254,id
13166,id
2384,es
12930,af
14761,es
914,it
14767,tl
12759,sv
5475,fr
5722,af
2798,fr
10119,es
6701,pt
16873,es
16446,it
11265,pt
2962,af
16627,pt
665,it
11265,sv
8466,es
2588,tr
12844,de
14138,it
11539,es
11438,fr
2517,de
9754,nl
14904,tr
16320,pt
12008,id
9149,de
61,tr
11932,it
10851,nl
100,tl
10887,id
16711,de
11286,sv
6055,tl
2594,tr
2594,tl
1774,pt
665,it
6313,it
10940,it
14473,tr
9591,sv
15185,de
6174,nl
1812,it
1413,nl
2057,de
5678,es
11451,nl
10523,pt
10954,en
9353,es
1308,de
11460,af
2959,en
15809,fr
4258,tl
15409,sv
6127,tl
8461,id
10563,id
9545,sv
5103,id
5678,tr
12446,nl
13690,es
15166,tl
16719,fr
7141,es
1059,de
2540,fr
17113,en
4346,tr
3060,de
8882,tl
11339,sv
9931,pt
2007,nl
9674,es
8958,es
8651,nl
7291,it
14063,es
5413,sv
169,af
6720,id
5707,id
16630,it
10406,es
14044,es
12189,af
10678,de
7397,es
2816,de
8525,id
14444,id
2531,it
319,de
16693,af
6403,es
15942,es
13283,it
16886,it
15094,fr
14465,pt
14461,fr
14995,en
15155,tr
261,tr
11839,sv
2441,tr
11459,es
2225,tr
2651,id
10451,tr
15280,tr
14417,sv
10756,id
12987,tr
11303,sv
6663,id
5911,de
5010,tr
5050,es
8867,tr
12473,it
7111,fr
10349,id
7319,de
3779,de
2638,nl
12634,fr
1759,it
14440,pt
3841,en
16496,tl
3841,tr
7185,pt
11345,id
13694,en
10759,tr
6489,en
3320,sv
5554,tr
17087,sv
250,de
4436,pt
6385,it
5225,pt
9689,tl
1379,id
9718,pt
11470,it
7970,tr
13460,af
10247,pt
220,pt
13734,tr
7660,af
15413,nl
10296,sv
8042,sv
7718,tl
6489,fr
17090,pt
9637,tr
8056,sv
3702,fr
4258,en
10045,it
9674,fr
16591,es
3174,pt
14453,af
16652,tl
2496,tr
16375,it
6515,af
14926,es
6710,fr
3196,en
1401,tr
13740,fr
14029,de
8388,es
7718,af
9426,sv
7808,it
2085,tl
9706,af
3098,id
13547,sv
7891,es
16296,af
1904,it
6785,af
8990,nl
5427,it
5365,de
6432,af
3761,tl
7970,pt
5324,af
16851,fr
4662,de
6918,de
13165,it
10182,es
2082,it
6593,tr
16983,af
15794,tl
3870,tr
10812,nl
10979,en
8741,de
3029,fr
297,nl
3725,sv
9640,es
8150,de
10346,sv
2451,af
4283,af
11999,es
8461,de
16471,en
15075,es
4909,nl
9930,af
4362,tr
10600,sv
14933,fr
6127,es
16096,en
6618,pt
15635,tl
3096,af
2220,sv
11343,fr
13411,es
10097,pt
494,pt
2708,sv
3986,pt
4186,nl
11844,tr
400,en
11442,es
15703,pt
5370,pt
16711,en
250,nl
14706,tr
15205,en
12413,it
11459,fr
16992,sv
14481,id
16048,af
14449,es
14661,en
14967,id
12473,es
9966,pt
1675,af
10381,it
4187,pt
8013,en
8618,sv
13473,fr
4171,pt
12442,nl
4921,pt
10678,af
13359,fr
12723,id
12789,en
4299,es
3184,tr
3096,tl
11427,es
4334,fr
10288,it
15127,af
1808,en
5958,af
3683,nl
16987,fr
14592,en
4487,pt
12473,af
6060,tl
7168,sv
6402,sv
16361,de
16914,nl
2703,pt
668,tl
1554,pt
16609,nl
2007,af
6282,de
14437,es
6650,de
5703,id
13997,nl
4026,af
6974,id
1065,fr
1722,es
6650,fr
8260,id
3702,fr
3586,id
6221,sv
13592,pt
14608,tr
14958,af
11453,nl
9384,de
8126,de
16005,nl
1379,tl
3418,it
15554,af
16471,tl
5627,nl
6819,fr
5584,nl
7876,fr
1249,sv
6785,es
11875,af
1804,tl
9112,fr
15503,es
12329,nl
4125,en
13684,tr
13186,fr
3982,it
5270,it
5661,it
5050,fr
16766,it
6331,it
14457,sv
5301,de
8110,tr
1774,nl
13524,id
11426,sv
7557,de
15155,tl
16989,sv
14605,it
11610,en
12020,nl
7596,pt
10790,es
15796,it
10100,pt
15647,tl
6722,id
13580,nl
9155,nl
2775,it
2164,de
16266,es
5886,de
4173,it
11546,id
3546,fr
10996,it
16398,id
8516,en
7199,tl
13341,fr
10513,sv
12392,en
5465,nl
14963,tl
6403,fr
13796,tl
12289,fr
10731,it
2134,tl
6112,id
6789,nl
6093,fr
10655,sv
7820,id
13069,pt
10712,es
3386,tl
6596,de
2573,id
576,en
13067,af
11455,nl
5917,es
5481,tl
13741,pt
1940,de
11162,nl
7662,tl
1551,pt
8694,af
10263,id
14348,en
8140,en
14063,it
11922,de
16455,id
12908,tl
9460,pt
11802,de
15948,en
292,id
2298,es
15587,af
2770,it
10679,nl
15181,id
17142,es
11286,fr
11525,af
13592,af
3774,es
1156,it
15275,en
2517,sv
9767,tr
7477,nl
7266,pt
2400,tl
9943,de
11570,nl
7098,nl
4177,fr
10828,es
9940,de
4305,tr
4492,fr
999,pt
16165,es
7863,tl
12452,de
14330,es
14223,de
6434,tr
12308,nl
16005,fr
13738,tl
9011,es
6865,de
11529,nl
2283,sv
3116,af
9494,nl
2906,en
8431,id
6496,tr
13983,it
16028,pt
5406,nl
13391,id
10790,sv
411,tr
14241,fr
7025,id
15829,fr
1400,af
16944,af
16924,de
5009,af
12759,en
5658,es
5149,fr
14,es
6059,it
2373,tr
15994,id
1533,pt
17023,af
9019,de
3779,de
4031,sv
12908,en
13521,tl
7397,de
2887,nl
967,fr
3725,sv
9881,id
6127,es
428,tr
2564,tl
4084,sv
7892,id
14246,af
2026,af
11546,tr
15647,nl
12548,de
3581,tl
7927,es
12245,sv
14151,sv
9394,pt
1076,tl
10985,it
14526,es
16273,af
7266,nl
4178,af
11098,tr
9795,en
10503,sv
17147,es
1202,en
13175,af
11361,de
5134,tr
13040,it
5297,it
15906,nl
11376,en
17098,tl
11845,tr
11340,id
14879,sv
13067,fr
3576,de
11085,de
13847,es
8110,nl
6670,pt
7918,tr
5157,fr
2816,tr
8906,de
15655,nl
16642,es
10909,tl
12098,sv
2578,tr
15809,nl
46,pt
12951,pt
1993,nl
765,pt
11335,nl
16666,tr
8825,fr
5623,es
8415,it
4383,pt
9438,sv
10045,tr
11954,sv
12254,id
10156,es
14553,de
13591,en
6672,es
782,it
3204,es
10433,nl
4960,en
10019,es
16648,de
9330,nl
11990,es
11677,de
13761,es
10645,pt
13223,en
4346,tr
4851,sv
6405,pt
11796,pt
7524,tr
16890,tr
14395,tr
5722,af
8795,tr
3326,de
5966,en
3196,tl
6683,es
13855,it
7918,sv
12532,nl
6713,pt
16276,af
5615,tr
2594,nl
15199,af
4482,id
3936,sv
14033,de
4692,nl
16131,sv
4023,sv
3481,fr
8977,pt
281,it
171,af
12293,en
6633,id
6050,af
8035,fr
5529,nl
16146,af
4244,tr
10323,de
9909,es
2777,de
13516,sv
15094,de
6417,de
8766,af
14490,fr
12291,fr
17151,it
6162,tr
16377,es
4400,fr
3117,es
8294,pt
299,it
13758,tr
11700,sv
1427,de
8907,tr
13359,af
14116,tr
1300,sv
3631,sv
5427,fr
12343,en
16168,pt
2026,pt
2201,en
4173,en
14526,id
13616,pt
9305,fr
9726,de
7039,de
15271,pt
2870,sv
11437,nl
5014,tl
12235,es
2016,sv
11162,tr
1579,nl
1176,tl
6426,nl
8035,it
9561,id
5160,sv
10321,de
6178,es
14342,sv
5640,id
8431,en
11942,tr
7565,tr
14418,id
17111,fr
3982,tl
14822,es
11554,sv
2094,pt
11932,de
4547,pt
5006,de
5475,af
8269,es
13102,it
442,pt
8679,de
10687,tl
6410,tr
8598,nl
16703,tr
102,tl
12873,tr
6973,fr
4402,tl
14608,nl
15904,id
4309,af
1247,es
6289,af
3020,de
4155,tl
4017,pt
5635,fr
3386,tr
1872,tr
9326,es
2258,pt
14417,pt
16851,af
8925,de
15055,de
13741,en
13186,en
12866,pt
12392,nl
16992,id
13487,es
9233,id
8119,af
7500,de
702,pt
400,tr
11023,pt
4428,af
4154,fr
12254,en
9254,it
11259,tl
11168,id
9875,pt
13297,id
10353,tr
10674,tr
31,de
5579,de
3812,af
16056,es
10164,tl
6737,de
5902,de
3002,nl
16799,nl
4482,de
9426,en
3883,id
4492,sv
3603,it
5468,fr
11563,nl
2801,en
8939,en
9182,sv
491,sv
5307,tl
12256,fr
11345,it
14268,af
3725,af
8056,id
12402,nl
14490,tl
12354,id
6282,sv
7224,pt
7712,pt
6594,id
8640,es
5623,id
9630,pt
10981,sv
12254,af
15200,es
1043,id
11455,en
4040,en
4112,sv
3522,id
9562,fr
178,nl
11871,af
6959,nl
14605,it
3546,it
10985,en
16814,af
263,pt
1551,tr
11839,sv
8882,tl
4913,fr
10125,tr
12716,pt
11536,nl
12961,af
4086,tr
17087,de
8494,es
389,nl
7559,fr
4838,pt
3568,tl
1158,es
14706,de
442,pt
10038,es
14053,tl
50,id
939,sv
10981,sv
14700,tr
15672,tr
16613,nl
5797,de
9494,nl
11987,pt
9323,tl
1778,id
9545,tr
1658,de
3812,pt
4838,de
5974,de
16470,pt
3127,af
13135,sv
588,id
12869,tl
11107,tr
12629,sv
7170,sv
12883,pt
3717,de
3539,sv
11867,de
962,tr
14673,fr
10338,fr
15109,pt
442,sv
9358,af
3516,tr
6815,de
11180,es
5501,nl
1276,it
13738,es
7606,en
9856,it
3080,id
3138,pt
1256,sv
13391,id
15554,de
8791,en
4217,af
15963,en
7556,it
7025,sv
8453,tl
7141,en
14117,fr
4145,nl
1483,tr
3516,tl
939,af
8535,it
2498,nl
3091,pt
4826,sv
7046,tr
16883,it
15503,tl
8388,tr
14658,tl
1811,it
7289,tl
10323,de
8043,nl
7808,it
1047,sv
3694,sv
10430,en
5082,id
11903,tl
2704,de
5318,pt
1745,nl
10317,tl
13078,fr
13099,it
11174,pt
5970,sv
9019,it
9651,es
15828,sv
2315,tr
8520,en
6116,tl
13639,de
13823,sv
10288,sv
4201,nl
16320,it
11664,tr
10105,de
4917,es
1360,pt
16228,tr
8055,tr
2386,it
11841,nl
765,nl
11424,nl
14994,de
712,de
9857,en
13486,tr
1640,sv
102,af
936,it
6575,af
362,en
2447,id
13451,es
1372,fr
15676,it
6319,sv
9694,nl
11024,it
1607,pt
10816,af
14339,tl
4112,nl
5579,en
1160,pt
7353,pt
3228,nl
12779,pt
16467,af
1266,pt
5250,tr
9676,es
2237,id
12873,nl
5574,af
1238,tl
6856,id
2288,sv
11417,tr
13819,nl
3775,tl
4874,pt
3785,sv
2365,pt
1121,it
13907,tr
3980,nl
12299,es
6623,id
10792,es
11954,en
132,fr
9011,fr
16648,nl
10132,fr
2165,sv
3077,nl
17042,nl
6059,pt
11458,tr
15556,it
299,nl
14317,it
6174,de
9327,tl
16455,tr
12233,sv
14553,fr
2540,pt
8666,fr
17136,tl
4560,fr
9528,af
1575,it
12162,pt
12469,id
4554,it
7680,de
4073,de
4452,nl
16947,sv
10760,tr
4482,fr
13310,af
11634,en
2781,fr
13206,nl
12289,fr
6101,de
8585,sv
7980,tl
11166,it
11470,it
15845,es
12838,tr
15467,it
3546,pt
12723,id
9061,fr
3907,en
10426,sv
5082,fr
1933,tl
4848,it
3103,tl
4502,de
6568,pt
8732,it
5158,it
6720,en
832,sv
8126,es
8345,es
11426,tr
80,de
11474,it
1516,en
10931,sv
1546,it
11349,tl
7467,tr
3406,id
12182,id
3021,tl
3162,es
7890,sv
3349,fr
9630,tl
1575,en
8585,pt
9250,de
5697,nl
9955,de
914,id
6582,tr
15337,de
9520,nl
9035,id
11862,nl
4125,fr
6469,id
4587,tl
3124,sv
15137,pt
11844,de
6618,pt
2230,nl
10525,id
7654,id
2113,it
13694,id
12883,af
10990,pt
4212,it
11306,fr
14440,es
3568,af
12548,nl
2781,es
15970,sv
4136,tr
6726,pt
10848,pt
2330,nl
15197,id
14838,fr
10308,sv
16438,nl
5118,es
12526,tr
4377,es
3915,id
8985,es
12745,tr
8140,sv
11272,it
7319,tr
2960,it
15634,id
2921,af
8100,it
7981,de
16780,tl
4809,nl
11969,de
5902,nl
16049,fr
14919,pt
15511,en
10696,de
7168,en
17095,tr
7013,nl
14859,es
13754,it
14646,en
12558,fr
16273,en
6147,tl
1427,es
14490,de
14917,pt
11451,de
6101,it
6652,id
9980,fr
1127,de
5074,it
4486,es
9263,es
7690,en
12182,sv
11681,fr
11133,tr
12054,es
11157,pt
914,de
4119,it
4130,id
5279,de
13342,de
1516,de
11085,it
4966,pt
100,de
4554,tl
7044,it
11331,en
10679,pt
4258,nl
9457,id
5433,it
8402,pt
8347,es
8345,pt
12963,fr
16437,id
15970,id
3503,en
11845,fr
9402,nl
3780,it
7503,tl
9014,id
6064,nl
5370,de
3912,id
7902,sv
5812,it
12004,id
9364,de
2030,de
751,en
1489,af
14653,nl
7890,de
6337,tr
635,nl
8635,fr
13221,nl
7122,en
6268,af
14690,nl
6683,es
14622,nl
2812,tl
4653,af
16624,id
9202,nl
14241,af
11844,it
9402,af
14592,pt
16361,nl
7000,id
2678,sv
15208,en
16583,tr
12299,af
6411,nl
10588,tr
6578,pt
2098,pt
15203,de
2322,pt
16005,af
15092,af
47,nl
11273,nl
1933,es
12066,es
1509,pt
9250,id
12293,it
400,nl
10355,it
10893,fr
3114,it
13188,af
16758,de
14040,en
16163,nl
1301,tr
6506,tl
10957,es
15971,de
7711,fr
8769,id
3167,nl
9669,de
8888,af
11026,en
6923,it
11905,fr
9520,it
6229,nl
315,sv
14661,it
4601,tr
17138,sv
9494,fr
7606,id
3361,fr
6923,nl
7878,de
13799,sv
2816,tr
4854,nl
15995,it
8666,id
14608,sv
4896,it
0,nl
11916,nl
8868,nl
15326,af
7542,tr
12824,en
12608,nl
15274,nl
10263,es
9931,es
6059,pt
6663,tl
14622,es
16166,en
14757,fr
12392,nl
16459,pt
14414,fr
14342,tl
13412,af
13738,it
7598,en
8766,tl
11990,en
10365,de
8245,sv
7189,sv
6313,tl
16701,tr
6220,nl
430,es
4957,es
5297,es
16814,de
13439,pt
1090,en
5813,en
14370,de
10590,af
2113,fr
12419,af
12004,id
16591,de
17135,id
2724,id
13460,it
297,nl
5250,af
9918,tr
2258,de
8914,es
5481,tl
13411,af
11296,en
7061,it
3911,it
1537,pt
12160,sv
13774,fr
14151,en
2160,es
12469,tr
13619,fr
7057,es
1156,en
7889,id
11502,tr
12724,nl
14794,fr
6726,pt
13974,tr
15610,de
8732,en
17123,fr
5568,id
12291,id
2703,sv
13359,pt
13888,it
6891,sv
2960,tr
11916,sv
8284,sv
14001,tr
10825,id
170,it
14169,id
7449,fr
6023,en
15777,tr
1760,af
16899,es
3011,de
17115,it
437,pt
5118,es
6214,nl
17138,en
6980,fr
15413,nl
7980,id
14151,tr
31,en
7844,fr
11871,af
13639,pt
13688,pt
10895,sv
10957,tr
8366,it
3669,id
4848,en
16698,af
8769,nl
15387,id
5627,af
15225,af
5886,sv
4653,fr
14163,es
5370,en
11353,de
6410,de
9940,de
1202,nl
8585,de
11303,en
560,tl
3406,tl
11384,nl
15626,sv
3298,en
13762,es
5051,af
15032,de
11368,es
11322,af
936,nl
6227,de
14705,en
13536,tl
6701,fr
4155,tl
15970,tl
15358,en
9402,af
12675,es
15911,fr
5165,nl
1833,af
11953,af
12281,tl
14101,it
3029,en
10156,fr
16377,fr
5497,it
4443,fr
8781,fr
2165,es
14342,af
15794,it
5568,de
4116,fr
7922,it
533,pt
10804,sv
3631,en
11266,es
2400,id
13252,pt
13242,pt
10107,fr
4442,tl
3624,id
16353,nl
8466,af
15271,nl
16780,tr
13871,de
10957,de
11107,es
16222,pt
6015,it
0,id
10023,id
9761,tr
8042,nl
4854,tl
7055,en
10936,id
46,fr
8949,de
1962,sv
8568,de
355,tr
4058,fr
8119,af
7565,id
10055,id
3503,pt
5524,id
6594,tr
15946,nl
635,id
6732,af
2320,fr
14,id
15676,it
9236,sv
8035,af
3441,sv
1400,it
6761,sv
5600,es
5201,pt
5488,nl
12608,tr
1589,af
1148,it
16061,fr
5433,sv
8413,af
5590,de
10260,es
4930,id
11451,es
6726,af
9620,es
16652,fr
16846,en
8148,it
10321,af
10426,tr
14414,it
6701,id
9941,tl
1537,it
13312,tr
13303,fr
10308,it
13592,es
16410,fr
9961,nl
12340,en
6268,tr
12377,nl
10687,nl
3623,en
10365,fr
9565,sv
16131,fr
1666,it
576,es
15994,nl
6289,pt
9601,af
2777,sv
11525,en
9620,sv
322,tl
14368,tl
10858,es
14933,id
14817,tr
3570,en
12905,tl
4183,pt
11536,it
5427,id
10996,en
6438,es
3568,pt
12623,en
14190,tr
4710,de
13705,tl
3039,af
8182,af
6850,es
15513,en
16924,en
12402,de
6159,nl
4930,id
13383,id
407,pt
5912,fr
16467,sv
3481,pt
15593,de
2647,de
5406,fr
13966,sv
8666,es
2564,sv
11257,id
16061,pt
10296,af
5886,es
14444,en
3167,es
2026,it
6220,tl
6013,en
1675,af
14701,id
10979,en
6172,fr
10333,es
6041,pt
13035,tl
16529,pt
11585,tl
15166,tr
16930,id
397,de
13740,pt
9225,en
4799,de
4871,af
11162,de
14794,sv
13819,de
16563,tl
15304,nl
3671,tr
16377,nl
5279,es
14787,en
2651,tl
4178,de
15448,en
15350,af
920,pt
10931,tr
1510,af
10247,tr
16891,pt
10339,sv
3507,tr
1440,pt
10600,id
5953,sv
1744,tr
5797,it
1551,af
15464,tr
16754,id
14323,fr
5152,it
3742,fr
9856,sv
4767,nl
4560,tr
10538,tr
5196,af
12299,af
14879,de
14958,tr
1617,sv
2496,tl
13666,it
3486,pt
12800,nl
5584,nl
4955,fr
13689,tr
12264,de
12019,de
10990,en
4487,fr
16245,fr
3264,tr
10508,es
59,sv
3995,id
2174,en
12526,id
12212,nl
1554,de
13513,fr
10045,en
4587,tl
12251,id
560,it
10292,es
16880,id
1072,sv
7946,sv
9680,nl
6633,af
7956,it
12532,it
8666,tr
16873,sv
11733,tl
3838,pt
3030,pt
12710,en
8116,en
4240,it
13341,it
3605,de
16880,tl
9656,af
7817,sv
5378,pt
12982,de
10756,fr
8767,tr
11442,en
13854,fr
4809,af
12256,sv
412,sv
4589,nl
5414,de
16772,af
3600,sv
1510,id
11643,en
13192,it
13040,it
2898,pt
6997,pt
9426,it
7993,es
680,fr
9284,nl
9812,en
6426,de
11610,en
10960,id
14838,es
1807,it
11075,es
2355,sv
5856,tr
13404,de
5650,sv
2207,af
4491,it
5797,tr
8762,es
11782,it
4618,en
7293,tr
7046,es
11563,tr
15763,pt
8672,fr
426,tr
15138,tr
9577,tl
14354,it
379,tl
3785,pt
448,sv
15563,id
5996,nl
6785,sv
13552,de
8672,fr
512,it
782,af
9592,tl
16983,de
13122,it
2264,de
3117,sv
6282,pt
15205,de
7664,tr
1808,id
8261,en
6958,sv
2167,de
3050,it
3695,fr
4073,tl
15124,af
10027,de
8559,tl
10206,fr
9043,nl
8925,pt
13546,en
14023,id
14673,tr
11764,es
10426,id
10080,af
10119,tr
16357,pt
15970,id
10927,en
2566,af
14023,af
11273,nl
9601,nl
2265,tr
11376,sv
174,de
16402,it
9275,sv
9956,nl
2816,tr
2551,es
10288,en
10055,tl
16103,pt
6937,fr
14395,it
8653,es
1994,id
9362,af
6928,de
4177,en
12430,nl
1993,tl
3886,en
15593,en
13206,pt
15532,en
10667,it
8880,es
11844,tr
9630,fr
8694,id
11490,de
10828,id
12813,en
10645,sv
631,af
12986,pt
6670,sv
14339,af
16911,tl
10349,pt
7836,it
3762,fr
14419,fr
3568,de
9746,tr
16375,tl
15785,it
16859,sv
5557,es
6962,pt
3099,sv
13135,id
3029,es
3349,pt
9930,fr
4452,es
1830,fr
6958,nl
10339,tl
2647,pt
13361,id
14038,it
12838,tl
9895,fr
9088,sv
15557,es
7295,tr
1264,pt
4174,fr
3562,nl
1683,tr
6615,pt
9962,fr
6744,en
12261,tl
14223,pt
12844,tr
11643,sv
11286,it
16320,af
10288,sv
11345,en
11272,af
6073,pt
15092,pt
13340,tl
14015,tr
11265,de
8466,sv
4772,tl
389,id
3320,de
2480,tl
3503,tr
10960,nl
14147,id
4375,pt
1449,it
11384,id
15055,es
1593,de
832,id
13459,it
11706,es
15563,es
10808,id
2795,fr
9187,nl
8535,es
1933,tl
4084,fr
16029,nl
11483,tl
1646,pt
1300,pt
13206,en
5584,de
15305,id
185,tl
9812,id
6964,tr
6370,id
3723,tr
7919,fr
1160,tr
4428,en
11911,es
8442,nl
13927,id
15693,tr
3911,de
9542,tr
5026,sv
12442,pt
5427,id
5952,de
10678,sv
14414,tl
9669,nl
6025,tl
4290,af
11554,es
12869,es
5229,sv
9738,pt
3546,it
6909,id
2412,sv
12166,tl
14440,id
448,de
15298,nl
1427,it
13223,nl
1071,tl
16496,tl
5593,sv
16146,tr
1719,en
5118,nl
14033,it
10055,it
7583,tl
8960,pt
4951,pt
16470,es
2396,id
16165,fr
10444,nl
329,tl
6618,nl
6550,tl
16406,sv
7843,nl
9562,tl
475,af
12020,id
3779,nl
3400,tr
8781,tr
11607,id
6515,en
6747,tl
7257,id
5481,de
10853,sv
10430,es
16221,en
2721,id
3205,fr
668,es
3674,sv
7768,nl
7851,pt
7718,id
1249,nl
4680,fr
319,nl
3222,sv
6248,tl
3686,af
8939,nl
12797,en
6710,af
11607,tl
6147,nl
14011,nl
5414,af
2163,en
14418,pt
2128,pt
11302,en
13140,en
6500,tl
6593,pt
9617,de
4336,sv
15839,af
7660,fr
13411,de
11802,es
5038,sv
15721,sv
6746,tr
10565,en
10792,en
13391,nl
151,tr
15847,id
17051,en
8409,es
182,af
10125,de
6652,es
4375,tr
13175,es
89,nl
12618,es
11904,pt
5270,pt
5358,es
5930,tl
11172,tr
6353,id
4013,tr
2206,es
13513,fr
3522,es
8004,es
10164,fr
2545,pt
7680,it
2108,de
5758,en
1759,tl
13974,en
6013,tr
5017,tr
4913,af
10256,es
11536,nl
10357,af
12908,nl
9059,sv
14939,it
4391,af
608,sv
4618,tr
16613,en
2208,tr
12070,id
4784,nl
2985,tr
16532,sv
15276,nl
9153,tl
15200,sv
451,es
5529,nl
8415,tr
8535,id
864,es
13966,sv
10107,es
5952,tl
3118,sv
13221,sv
9361,id
7046,nl
13154,de
5198,sv
11085,en
10276,sv
14549,it
6623,pt
15994,it
14967,sv
944,en
3595,de
12248,es
4336,af
13404,af
16410,tr
1832,es
2903,tl
3447,it
443,fr
9568,sv
15487,de
9815,es
5318,de
13908,id
8204,en
14444,id
14117,en
3576,id
843,sv
2423,es
4913,it
12724,fr
6177,de
1831,af
9198,de
12716,it
14620,tl
14241,af
12245,tr
9815,fr
14963,nl
14306,de
13348,en
182,af
13044,de
11322,sv
4024,nl
15271,es
13974,pt
13192,nl
9053,nl
8058,af
6645,fr
9175,en
4966,nl
2798,tr
15789,tr
9321,es
7894,es
16733,sv
3320,en
1703,it
15703,fr
10406,en
8387,af
348,fr
9124,tr
8769,it
1513,id
3099,fr
11322,id
3037,id
10527,fr
6477,tl
2906,sv
768,it
16523,es
1777,id
7655,de
4312,it
5122,af
16947,pt
13487,tl
614,tl
12835,nl
7542,id
6968,de
8856,fr
4776,af
11607,pt
796,de
17170,nl
6646,pt
14071,fr
16002,it
11318,en
7098,tr
4247,id
13777,pt
11174,sv
16892,pt
14356,fr
1400,en
14223,af
8343,en
6112,tl
15326,fr
16437,tl
9969,tr
11600,tl
8079,tr
10570,af
7613,pt
10718,fr
16501,tl
16799,en
7219,de
10077,es
4890,nl
16523,nl
2908,tr
1151,af
1202,it
13298,it
13714,nl
7196,it
16467,sv
17015,en
6172,sv
13738,de
5568,es
13391,en
2908,fr
1833,tr
14567,tl
12252,nl
5116,id
9380,es
6127,tr
9918,es
9088,af
12066,tr
17151,tr
7718,tl
15672,tl
15177,sv
625,tr
2774,af
12054,tl
11529,it
1774,tr
15456,af
7314,tr
2330,es
297,id
13383,en
8126,tr
250,tr
12963,nl
6227,af
8730,de
10105,it
9121,af
9204,nl
14429,es
11695,nl
5958,tr
4809,en
9426,de
6897,es
12473,nl
1960,af
10286,de
6892,tl
12213,it
1684,de
16899,es
8579,sv
4283,af
14317,nl
12987,pt
2914,id
7194,de
3,af
1483,id
9966,id
4216,af
322,es
1511,tl
4247,tl
6539,sv
5658,en
1684,fr
13907,sv
2334,nl
2914,sv
13486,it
11483,nl
15454,af
5198,sv
11343,nl
11361,es
6023,tl
3762,tl
3213,id
3741,de
3912,en
12582,tr
765,tl
4244,de
14115,nl
10538,it
7463,tr
10440,de
290,en
8345,id
15708,sv
12817,sv
9637,de
13318,af
1449,af
13693,de
3338,pt
8679,en
964,sv
9875,de
3598,de
16356,pt
3936,de
9969,nl
7847,fr
16763,es
1554,en
12104,id
9601,en
15557,en
4205,fr
317,fr
17115,af
7520,af
13487,en
15707,af
12104,tr
443,tl
11376,de
14243,pt
8967,de
5573,af
16698,en
7902,it
8358,nl
16470,es
14917,pt
5948,tr
2315,tl
3400,en
9700,de
5250,en
13984,it
2610,pt
2412,tr
9352,de
14355,tr
5176,de
15652,nl
7971,it
2887,en
9019,tr
15094,sv
5118,fr
8188,fr
15249,de
16701,es
15187,es
13722,pt
10687,fr
13694,de
1121,tl
15457,nl
7844,nl
12606,de
6850,es
5635,nl
5974,en
10027,af
608,pt
8073,id
9114,nl
1830,es
15661,pt
12310,tl
10462,tr
5165,nl
5017,es
5026,fr
16413,sv
4058,tl
4985,pt
3819,nl
16100,it
15187,fr
8880,sv
10072,pt
2965,it
11328,id
5619,es
9669,fr
1804,id
9291,af
16028,es
443,nl
16711,tr
14142,tr
14981,es
475,nl
10355,pt
11796,sv
16049,es
19,id
6992,de
12607,pt
14599,fr
6992,pt
15946,pt
7111,id
437,es
11296,tl
7981,it
1156,af
3582,af
8466,de
15127,es
6024,en
11861,tr
4125,tl
16791,en
3020,es
11384,af
13297,pt
13206,pt
14154,pt
1803,it
3295,tr
11238,af
9923,it
13705,en
7161,tr
15651,tr
2770,tl
5176,tr
13341,de
7257,nl
4347,id
6850,de
560,id
12874,nl
9707,nl
5888,nl
2085,pt
16402,pt
2898,de
8925,en
3101,es
1866,en
10786,fr
17115,af
4376,es
2225,de
6701,nl
8413,pt
11189,af
1404,it
14564,en
4606,de
8320,pt
11862,sv
4662,tr
8906,id
16749,de
4772,id
15911,it
7836,pt
4086,sv
9303,id
768,tl
5886,nl
4710,es
80,fr
3995,it
14958,nl
4982,de
9977,it
10855,id
6485,fr
14304,id
6439,af
11570,af
14115,tl
15231,es
17113,es
16729,en
9942,sv
16221,sv
6313,fr
6069,fr
11764,pt
5577,it
10333,nl
9902,fr
9156,it
1449,tr
1516,pt
3101,af
13083,it
2917,en
15703,fr
10927,tr
7956,tr
1148,af
5919,it
5009,it
8449,af
13934,pt
3605,de
4913,af
11767,es
5497,en
5840,nl
2414,pt
6083,pt
1404,es
6448,en
5427,de
9059,de
6701,en
6293,tl
4985,af
6282,nl
3936,de
4412,tl
14508,en
8426,af
2721,pt
12051,af
5997,en
4798,tr
14967,pt
15561,nl
1483,pt
5544,de
11023,nl
13548,id
6388,tr
891,af
7918,tr
5043,sv
17142,es
14038,en
14539,tr
5678,fr
1796,fr
6761,en
4998,fr
9204,en
11563,fr
9116,tl
1084,pt
16749,id
5410,sv
16048,de
8856,it
3784,nl
6077,id
14283,de
4928,tr
3864,it
2093,nl
1176,af
12779,es
14592,sv
635,en
197,tr
4173,de
15565,nl
6974,it
6305,nl
14564,es
3295,nl
967,es
9270,af
5619,es
9896,pt
297,id
5635,es
15305,de
6713,es
16780,es
5229,en
9270,de
3398,tr
1238,de
10350,af
16354,de
2591,de
13592,es
1703,en
15199,it
3980,tl
9952,it
3116,nl
4799,de
13178,it
8598,tl
182,en
10353,fr
8949,af
12442,fr
5557,en
9507,it
16296,tl
4547,it
4673,es
12289,pt
4145,de
15723,de
3361,en
6539,nl
5578,af
5531,id
10792,pt
16523,id
6575,fr
11467,fr
1547,pt
3029,de
4086,pt
9182,fr
5600,de
16911,fr
16851,en
8409,de
4442,it
6959,pt
837,af
7455,es
15271,af
7397,it
4798,en
9019,de
16712,tl
14757,tr
10177,id
10224,it
8769,id
4205,tr
1191,de
6578,id
2824,id
1148,tl
10038,nl
15056,en
8846,de
15229,it
4702,en
4024,tr
5574,tr
11751,nl
3683,it
9918,de
2711,fr
486,pt
625,pt
6722,es
4186,de
14117,af
1308,nl
12581,tl
10132,en
6337,sv
8320,es
6013,es
9541,tl
16168,af
13685,af
5038,sv
14096,es
8308,en
10016,id
16995,id
14214,it
15095,de
8129,en
1425,id
16470,sv
15721,en
5590,pt
9694,sv
6417,id
15401,fr
169,id
11515,it
13451,tl
843,id
15747,nl
15721,tl
6713,sv
10786,id
14767,fr
484,sv
8079,nl
16763,de
9980,tl
13604,tl
9095,en
14306,nl
393,nl
8666,sv
13487,en
15092,it
10608,de
4882,fr
4026,af
7908,it
16467,tl
10471,af
16446,pt
12736,es
5623,id
4998,id
2717,tl
9878,tr
9966,id
16791,en
2320,it
3103,tr
5301,tr
14053,id
9362,nl
6305,it
4224,sv
9137,it
2824,pt
2338,es
16609,pt
16605,fr
4516,en
12797,tr
6448,pt
3386,af
10999,tl
1658,id
8642,id
1127,en
15321,sv
12402,en
8562,en
4104,nl
5010,en
7655,af
10565,es
11505,es
6059,tr
5341,en
2156,sv
10263,af
9103,de
10217,id
2205,af
3329,pt
14308,pt
15809,tr
286,id
11920,sv
13744,sv
5439,de
4253,nl
11081,tr
7319,tr
15181,fr
11862,nl
12839,tl
12932,fr
4671,en
10843,de
4017,fr
14700,tl
2812,fr
9074,en
2113,de
12866,it
9116,es
3590,de
9137,id
2798,tr
6568,nl
1756,en
4361,es
631,es
8230,tr
3214,en
9545,de
10776,sv
5349,nl
122,af
10214,id
10846,id
5047,tl
4347,tr
15413,es
3936,en
14356,es
13524,id
11279,en
12189,es
2850,es
4077,fr
9011,pt
12453,en
9212,af
4486,it
6928,de
8520,nl
11514,pt
12189,sv
292,tr
17020,tr
2164,en
560,fr
86,tl
1715,id
5328,nl
14268,tl
13625,de
12054,id
14820,it
8520,tl
16225,en
11238,en
5488,en
6958,it
14620,en
14138,en
15839,de
4266,sv
6672,af
9678,es
13554,es
13679,en
3822,id
4667,id
974,tl
10825,it
13679,tl
1217,en
10288,sv
6177,fr
6072,es
2690,af
13175,fr
9011,it
13016,sv
5475,fr
3562,tl
16376,pt
1467,fr
9767,it
5529,en
15155,pt
8774,fr
9962,de
5103,id
2709,af
13404,nl
14746,af
2975,tr
11959,es
11141,fr
14096,es
9909,id
16975,af
4361,nl
16772,pt
914,de
12306,id
15706,nl
14926,id
12235,id
9216,nl
8460,it
13083,af
1115,nl
10031,fr
9897,fr
11841,it
9043,en
6174,id
7463,tl
16275,it
16719,de
13592,af
2498,it
9881,fr
13863,af
12310,tl
8912,pt
14015,es
6353,id
7565,sv
5529,sv
4227,de
5888,en
17011,fr
13929,nl
16754,id
14939,id
1546,nl
12717,tr
4516,tl
2265,fr
12189,tl
3586,sv
17011,nl
1593,tr
13223,tr
11529,id
5318,fr
15686,fr
12982,tl
6860,it
366,id
4516,en
1675,de
9962,en
14223,af
17081,af
6582,sv
8388,fr
4031,nl
16560,fr
7975,tl
9966,af
3103,pt
9844,nl
8559,sv
17113,pt
3030,tl
4375,af
8765,pt
5297,en
10031,id
11903,id
12874,sv
9971,de
11812,id
13766,sv
9035,fr
9855,fr
5196,en
3474,tr
15318,es
8013,id
635,pt
16781,af
15862,af
3212,sv
14877,id
7628,tr
10357,pt
7955,sv
3829,nl
16559,it
16100,tr
16766,nl
11678,tr
6014,tl
6923,de
13552,id
1745,fr
12710,de
47,tl
891,id
451,it
15792,tr
5160,nl
13521,fr
1960,tl
317,sv
6301,pt
11259,fr
9460,nl
10357,it
11582,id
12905,es
9976,pt
12608,en
4121,af
6221,nl
14355,id
15983,de
100,de
951,tr
2611,de
14189,it
9940,tr
1804,af
12213,id
9187,tl
7531,de
14272,es
5837,pt
13636,sv
11546,af
4966,nl
13567,de
7120,tr
12051,nl
4174,nl
11423,af
3037,id
13252,sv
5678,it
2753,de
2167,tr
13997,pt
3162,id
13618,nl
11272,de
4058,tl
15610,fr
8073,pt
1084,tr
14592,en
13688,nl
14071,nl
14354,de
15815,tr
11650,id
16930,id
3993,it
4086,sv
2497,af
3099,en
6517,en
10957,pt
10263,es
9426,id
9323,id
738,de
4966,af
3,it
16523,en
11476,sv
12150,tl
14074,af
10790,sv
15942,sv
10970,it
4606,en
14608,en
16075,de
2796,pt
6434,de
6083,tr
3742,fr
7870,sv
261,nl
2548,tl
1589,es
10216,pt
1593,it
14090,de
6729,en
8206,de
85,en
15181,sv
751,af
4502,fr
8765,en
6615,fr
14038,en
2605,de
5286,pt
1832,fr
14608,pt
3205,sv
14592,sv
7598,nl
9676,sv
427,tr
4882,tr
3330,fr
6050,es
6617,es
103,nl
4334,sv
9942,es
17090,nl
11546,es
782,it
730,fr
7528,es
6600,pt
12511,fr
7955,sv
6506,it
13714,id
3779,it
3295,en
14981,tr
17043,af
10319,it
6506,es
13255,af
15857,tr
8651,de
8073,af
1252,en
15946,tl
2542,de
5165,de
8308,tr
1509,tl
508,nl
171,de
12797,id
7000,af
1671,es
5037,tr
8289,pt
9853,es
6337,tr
5292,tl
7981,nl
16356,en
407,nl
5427,en
13451,fr
4461,de
726,sv
8129,af
9326,id
9746,fr
11650,tl
4845,af
6473,af
10099,nl
12004,tr
9565,en
11700,tr
10753,it
7889,de
379,af
2995,id
8978,fr
914,id
14406,de
1144,sv
7916,it
8618,en
14304,id
5970,nl
8914,tr
5131,sv
16873,tl
12707,af
7768,id
614,tr
10667,tr
7993,af
16591,tl
13487,tl
296,af
5531,nl
5573,sv
12354,tr
3295,it
11650,de
5919,sv
10462,en
11186,fr
11075,id
5948,sv
6268,nl
16624,de
428,pt
8670,nl
6973,tr
8248,tr
5270,sv
1276,sv
16851,pt
5219,pt
10214,it
11162,tr
944,af
8044,it
14348,tl
124,es
11903,es
4784,nl
10957,es
10286,tr
3912,sv
13513,it
7455,nl
8828,es
5159,fr
15208,de
11612,id
3576,en
2774,af
15075,af
6575,fr
5823,pt
14928,af
7718,it
3433,pt
4587,pt
3582,af
7609,id
6672,tr
3207,de
14063,nl
14316,fr
16801,af
3321,it
8653,nl
6174,es
9561,nl
6701,sv
473,fr
12839,es
612,pt
13330,it
8904,de
9197,tl
6116,es
11650,sv
4452,pt
15706,de
6992,sv
14239,af
12986,sv
3750,de
10156,it
5525,tl
16703,id
11261,sv
3554,it
430,id
2315,tl
7876,id
11302,en
7294,fr
8466,af
12818,it
16593,af
1191,sv
10472,id
14544,fr
4784,es
9754,es
4216,de
7808,en
3489,fr
12908,es
15995,sv
9112,pt
6909,tr
5554,sv
10350,tr
3595,tr
168,af
10164,sv
15785,pt
11862,nl
13459,it
16201,sv
15094,tr
31,tr
1489,tr
2868,sv
2298,af
12340,es
997,tl
9138,it
12070,sv
1994,de
13363,en
9124,af
10513,id
16797,id
9263,fr
3323,id
16911,it
4896,tr
261,it
5727,tl
4587,es
2035,nl
15546,id
7185,es
6997,sv
6013,af
2396,af
16603,tr
2903,tr
6643,id
7257,tr
9651,fr
10471,fr
5157,en
8553,af
14442,fr
7496,fr
15137,en
15075,tl
9912,fr
6015,de
3809,tr
11554,fr
2774,nl
8005,nl
10333,sv
5149,fr
10534,fr
9700,es
12604,en
10571,pt
3809,id
8598,tl
1423,tl
3581,en
2351,it
333,de
14170,sv
3546,fr
3295,tl
3407,en
4187,de
16354,nl
14323,nl
14283,nl
10494,af
2128,es
10887,en
6722,fr
17144,fr
2386,es
15503,de
1377,sv
1264,tl
3819,pt
4254,en
1276,id
1404,en
13982,es
2234,fr
508,de
15880,tl
12511,sv
13683,sv
12672,it
8426,fr
3702,nl
11546,tl
7583,tl
10828,pt
310,tr
9680,de
10645,nl
7975,es
9923,af
14179,af
17011,it
9812,es
9994,sv
6064,es
10296,en
2545,it
10990,de
6304,sv
15933,en
3809,de
8449,tl
16624,tr
9019,de
1513,sv
13400,pt
13684,tr
11612,nl
12675,it
8150,fr
10256,nl
6352,es
15199,it
13223,es
16170,tl
2704,it
10462,id
1684,af
15809,pt
10366,tl
15137,fr
8276,id
4461,af
12281,en
3562,it
3624,tl
13102,nl
11265,es
2283,id
7057,it
10960,es
6411,pt
2531,tl
17144,sv
1630,id
9565,id
13580,sv
7609,en
2156,tl
7463,pt
10150,pt
8562,tr
14142,es
8774,it
2917,pt
14555,id
17042,sv
2651,id
9561,de
13165,tr
5411,tr
8782,it
8559,it
12098,fr
12629,tr
7098,nl
10366,de
7975,id
14001,it
4772,tr
3695,it
7209,pt
9506,tl
407,tl
9577,af
6701,tr
4973,sv
10493,de
8119,pt
1546,es
2551,pt
16038,it
2840,tr
10678,tr
13689,sv
2330,es
12381,id
9896,tr
6968,fr
15032,nl
7583,en
11681,pt
2315,sv
2709,tl
7817,nl
4400,pt
1249,fr
4121,en
4463,sv
10107,nl
4673,en
13318,nl
6093,de
16430,tl
2548,en
576,en
14367,tr
5358,es
3694,en
14239,id
6417,tr
15518,fr
7993,it
6319,id
16183,en
5199,en
16248,it
4048,fr
13342,it
8269,es
102,id
9977,tl
3568,tl
5413,de
5278,af
8343,tr
3433,id
9269,en
16648,fr
9732,id
315,af
12846,af
12263,es
9030,tr
13871,id
12707,nl
5243,af
4183,it
4216,fr
12800,sv
6761,sv
344,it
13016,af
9110,pt
11266,pt
1862,it
189,fr
651,pt
10399,de
10898,af
5009,pt
15618,it
11502,fr
914,pt
9871,de
17087,en
16535,fr
1351,it
9676,it
7046,sv
2497,id
7609,tr
3099,tr
10979,pt
8666,de
3695,it
13552,af
9706,sv
16672,tl
6109,sv
15700,id
319,id
3447,en
15703,es
6485,tr
16838,tl
1007,id
11681,sv
13223,it
15942,nl
5219,fr
8188,af
7768,tr
1513,it
8345,af
5952,it
13223,af
9394,af
6220,af
8822,id
10197,en
15181,id
14673,sv
16276,af
13486,fr
9680,es
16406,fr
5332,tr
9545,sv
8125,pt
1671,id
12987,tl
128,af
13900,id
10023,pt
15747,tr
2056,it
11189,af
15062,it
15039,tr
10150,it
2030,id
10268,sv
13451,de
11349,sv
8681,af
9601,es
12160,en
10081,sv
15318,en
4112,sv
2082,es
3184,fr
10621,tr
15532,en
15561,es
442,it
5856,it
5658,id
17023,id
8251,tl
2334,de
10931,de
9881,sv
11705,sv
7014,tl
1962,sv
10981,it
13926,de
8741,pt
13681,tl
2263,sv
4013,it
1047,af
4667,en
15511,fr
7531,af
17042,en
6559,sv
8907,tl
11505,af
6295,it
9545,af
3986,tr
16669,pt
15095,af
16892,nl
16402,nl
14791,tl
15661,de
16780,id
4001,af
2355,id
5703,fr
12951,pt
16075,tr
12759,fr
9216,nl
6593,en
13900,de
6382,id
16229,en
15890,sv
2288,es
11999,tl
366,id
7660,it
832,it
8949,af
3320,id
4544,es
1115,nl
10166,en
14440,fr
8251,es
13798,pt
7847,tr
3434,tr
13023,tl
8771,tr
10709,de
5757,es
7257,id
6860,pt
15488,it
7980,de
8084,sv
6600,tr
2098,fr
13411,pt
11107,af
1127,fr
13178,id
5614,tl
6432,es
2288,pt
128,id
6500,pt
2859,sv
4376,af
5529,fr
10430,tr
15214,tl
7122,nl
8731,tl
4154,it
10171,sv
6682,fr
14323,it
3568,tr
3550,es
8055,nl
564,sv
7549,id
2373,es
8474,nl
14919,tr
4909,af
8774,it
1256,tr
5488,fr
11266,es
2113,it
10247,pt
11267,nl
2082,tl
9030,es
2983,fr
13040,tr
41,en
12813,it
10679,en
4347,fr
14330,de
4136,sv
5278,tr
16883,tl
2220,it
15249,af
10565,sv
4780,tr
4671,tl
15796,tr
2898,de
1413,sv
47,it
2351,tr
5570,it
3566,nl
14917,it
15906,tr
9015,af
0,de
17170,de
8651,de
6457,es
4998,sv
13341,nl
15845,sv
680,tl
5531,af
122,es
16710,es
9236,af
5396,tr
1148,fr
11678,en
14706,es
13869,es
61,en
6593,tl
13135,de
1509,it
6457,id
14770,tr
10455,sv
7569,sv
3146,fr
7596,es
13064,fr
14356,af
16886,it
10366,pt
170,id
16045,sv
6134,es
2338,id
4486,sv
665,it
1360,it
15847,tr
8824,af
15626,es
1158,en
7046,id
1266,tl
1807,nl
8853,nl
10268,id
6109,tr
6432,sv
6072,es
6371,tl
11267,it
16519,af
2098,tl
3532,es
8431,sv
12629,tr
4874,id
5040,pt
3809,es
2336,de
17111,af
2408,fr
13206,tr
576,tr
4833,tr
4305,id
3413,en
2673,sv
4168,tr
10016,es
5579,es
9768,tl
13908,en
9175,af
16583,en
13863,de
6815,sv
5727,de
11733,id
5707,tl
5952,sv
10776,sv
7598,it
15454,es
10078,de
10177,fr
3213,af
16461,fr
1300,af
8084,sv
3600,af
11915,nl
10534,de
16178,id
5016,es
11296,sv
15445,id
10501,pt
16317,pt
8520,fr
5955,sv
8618,de
7598,tr
3614,id
7777,sv
2870,nl
4659,tl
9760,id
7000,es
3433,nl
12689,id
6352,af
14283,af
9980,es
4248,tr
8585,fr
8414,it
16669,id
5465,tl
4587,es
16583,it
2351,id
10538,de
10339,tl
4313,nl
4502,de
9362,nl
12745,en
9175,af
3775,es
15983,id
1151,tl
16297,fr
3349,de
8579,nl
8182,nl
11286,pt
7966,af
2320,de
2914,sv
14933,af
15459,it
13457,fr
6701,es
16401,es
15957,nl
12019,de
16131,it
13460,en
4887,pt
10125,en
8853,tl
4957,it
8631,tl
10527,it
5258,de
12182,pt
15963,sv
1639,en
6045,id
9212,fr
16361,tl
3077,es
4689,es
3447,it
3326,en
12127,tl
14549,tl
10019,af
4241,tr
6865,es
14118,en
168,tr
13929,pt
9875,en
3595,es
7450,es
7609,tr
7141,de
1804,de
4402,en
3039,fr
4689,it
8978,it
9457,en
5006,de
12675,tl
8466,it
9694,de
16318,sv
14658,it
6806,af
5996,nl
585,fr
1913,pt
8925,de
7355,id
6448,af
3837,fr
2387,en
12104,es
6645,en
2542,id
16496,en
15841,tr
2311,it
6118,af
1533,tl
2673,id
9592,en
4982,en
6663,es
967,de
11296,af
1467,pt
16763,nl
4376,de
15508,tr
1115,sv
13283,af
14063,nl
13774,id
1247,tr
15796,nl
9305,nl
3864,af
506,nl
9330,nl
13966,id
15647,tl
6147,en
8037,it
14083,de
16354,tl
2542,it
3401,nl
10260,fr
2733,nl
6027,pt
456,en
17147,fr
124,nl
15459,nl
7892,fr
11075,pt
7013,en
4375,es
4377,id
16089,af
9966,es
13303,tl
14130,tr
13124,tr
7080,en
3543,en
14154,es
16318,tr
1995,es
4439,tr
14644,es
7971,tl
16995,pt
473,es
47,tl
2354,tr
14817,af
4772,af
16947,fr
1371,tl
4798,tr
5688,fr
16131,en
6134,en
4205,id
931,en
4712,tl
14189,es
8358,en
15457,tr
14889,en
6059,nl
10938,sv
12020,af
1778,pt
1607,pt
6539,af
712,it
11839,es
14817,fr
16314,nl
2094,af
6798,en
3175,fr
10985,sv
9187,en
11665,sv
2113,pt
5040,af
8390,it
14023,it
6836,it
6542,es
3812,es
5813,de
4544,nl
3522,id
15401,sv
10696,tl
6025,tl
1425,tr
16763,fr
5156,nl
12289,fr
9969,tr
8968,de
2531,fr
12908,af
9303,sv
12293,tr
2812,en
564,it
456,pt
8968,en
16263,id
1047,de
7847,fr
5401,tl
8642,pt
15305,nl
16050,tr
12634,sv
6909,af
13486,sv
4299,fr
15618,de
8977,en
2983,de
6243,es
5245,nl
2384,fr
385,nl
3686,fr
13927,id
16413,sv
4994,sv
4560,fr
8430,pt
2684,pt
15708,de
16501,nl
16089,tr
7152,es
2678,fr
14549,it
1425,fr
4312,it
15546,nl
588,it
7569,nl
15039,pt
4216,tl
4171,tr
11969,de
6646,pt
9878,fr
7380,en
11238,id
15186,af
7152,fr
8442,fr
1593,fr
555,tl
9962,fr
16529,it
8494,nl
4960,de
2545,fr
16089,tl
16799,es
16438,es
13411,tr
15998,en
13124,en
13298,es
7693,af
9053,af
391,nl
10346,pt
8126,it
14406,sv
13460,tl
5552,es
9669,af
1995,sv
10100,id
10285,af
1803,de
10954,tl
9074,sv
10220,de
3204,sv
12817,id
5966,pt
837,af
16506,es
10805,en
13166,fr
297,fr
150,tr
668,id
10804,fr
2605,en
9931,id
4173,id
10338,sv
12293,es
15556,nl
12294,pt
7117,af
10023,fr
16914,de
8394,nl
13774,it
2824,sv
3562,tl
1084,en
3841,pt
2527,de
13690,fr
686,nl
14509,nl
6325,en
4227,tr
1059,pt
7380,es
8967,sv
2296,de
3576,es
4125,it
80,tr
5985,it
11954,sv
1076,en
16089,es
6980,tr
16148,af
9956,sv
3841,nl
17087,it
10093,nl
4710,af
16662,af
9942,es
292,pt
16413,af
6755,de
2773,id
10655,sv
16461,af
16987,nl
4217,it
14170,nl
5497,es
16669,pt
870,pt
2330,sv
9009,es
8343,sv
11915,sv
8882,id
9754,it
9924,de
15508,es
2075,nl
6151,nl
11029,it
6623,it
4130,sv
16028,en
9871,en
12392,tr
10679,de
8248,nl
14355,nl
7863,af
5307,es
11490,es
16357,pt
11942,af
7073,tl
16797,pt
2434,es
15670,fr
442,en
4851,de
1872,fr
15561,nl
16591,nl
3441,en
9881,pt
14090,de
5955,de
11140,es
9767,id
17019,nl
14304,af
14457,tr
10843,pt
12908,en
1084,de
1374,sv
4154,tr
16357,af
1059,fr
9956,it
16729,de
10132,tr
1047,id
1745,id
4355,it
5286,tr
6980,pt
5278,en
9656,tl
7189,en
5157,es
16373,tl
4119,tr
8939,af
4463,tr
8731,sv
6710,de
11438,en
17069,id
12367,tr
8322,es
6353,de
15655,de
10621,tr
2387,es
11426,fr
5465,tr
10119,en
7768,id
4809,pt
5307,tl
4081,tr
15032,fr
3780,en
11455,pt
6267,fr
4851,af
10684,it
9924,nl
6025,nl
8336,id
4486,tr
1483,fr
4871,es
6178,nl
6582,tr
15789,sv
15401,id
16907,tr
14770,pt
6293,id
13524,tl
14599,pt
15635,nl
9812,it
9326,sv
3581,en
310,id
5330,it
6410,tr
220,it
10868,it
4347,tr
10790,id
16605,sv
13900,it
15056,sv
3101,de
16711,it
761,fr
14973,fr
17142,tl
16648,pt
12256,tr
15982,tr
17011,en
9977,af
4121,fr
16605,en
4084,sv
11720,id
5414,tl
10563,id
1741,it
16924,it
3993,es
13370,es
15503,id
16710,it
6457,en
6962,tl
4104,sv
9110,af
7662,id
13552,de
9323,es
7777,it
12802,tl
168,de
451,tr
10534,de
10150,id
2959,nl
10338,de
5278,af
3598,it
12629,sv
10308,it
4776,sv
16276,es
8085,fr
11610,nl
5703,en
512,en
17075,es
3605,es
10019,af
13693,sv
6946,pt
12244,es
16733,en
17054,nl
1904,en
3213,nl
9364,sv
14555,id
7499,fr
13099,af
16712,af
8085,es
12245,nl
7613,pt
5038,it
486,de
5812,en
17052,fr
14877,id
10352,it
7978,fr
1692,tr
5688,tl
14029,it
10430,de
13854,tl
16717,sv
13135,tr
15652,sv
6725,tl
9353,tr
9121,de
9930,sv
7666,it
14163,tl
6294,en
12839,fr
366,en
5584,af
11903,id
8960,fr
12745,pt
1404,id
1640,tl
15731,it
936,it
10938,tl
1933,sv
9851,tl
6891,pt
12019,af
9494,fr
11458,nl
15825,pt
15348,de
967,de
8791,pt
10770,es
7613,it
11067,tl
2178,en
16780,it
5219,nl
12281,fr
448,tl
15911,en
10848,tr
15305,pt
1474,it
3378,pt
13780,it
14564,fr
4930,tl
12779,tl
15402,en
4104,sv
767,pt
3212,nl
16642,fr
13592,es
8825,pt
6836,af
12402,en
1043,de
1294,de
3386,pt
1622,it
13506,tl
13115,nl
2542,id
17015,id
7294,sv
14683,fr
15592,sv
12254,af
13694,sv
4248,sv
14142,id
1666,tr
11744,pt
10832,it
9528,it
16609,tl
14762,fr
13411,de
10636,pt
3378,pt
11628,nl
7181,fr
9994,de
6901,de
8767,en
7956,sv
10099,nl
3222,en
3829,id
10213,it
6061,af
16772,nl
1617,es
10023,nl
8631,es
939,pt
14473,de
424,pt
9197,it
6937,id
7120,tl
12693,sv
2016,es
2384,tl
7751,id
319,tl
14490,id
14130,nl
15467,sv
4654,pt
10100,tr
14526,af
468,af
6936,es
4375,sv
914,it
9676,fr
4772,tr
13283,es
6561,nl
13929,af
1509,pt
9204,tl
1401,de
8182,tr
7152,tr
6213,en
5250,tr
10855,es
16413,id
6294,it
6774,id
9059,sv
11585,tr
10827,af
12446,fr
9059,de
16353,it
11180,it
3398,fr
14544,fr
10985,af
9955,it
14746,af
5524,de
11296,es
2408,af
6725,tr
10381,sv
12409,de
11812,id
6593,de
1722,it
15794,sv
13666,en
897,nl
7956,en
6726,sv
768,es
0,id
3774,tl
9619,tl
13554,tr
2258,sv
12299,tl
7778,af
6761,sv
13361,en
11677,nl
8125,tr
254,id
8404,es
9980,tl
4442,en
5050,tl
3967,de
13473,af
14544,tl
1796,en
6582,sv
9121,sv
16120,fr
7596,fr
15847,de
5683,sv
4890,nl
8978,it
9930,id
4492,en
8912,sv
15138,pt
13303,es
4040,sv
5820,pt
4023,es
6116,id
10832,es
12442,fr
4881,es
7014,af
5930,tr
3614,id
10365,fr
8867,pt
6746,it
15166,it
10346,pt
15062,it
11215,fr
7287,af
9591,tl
12189,tr
2985,id
6477,fr
3546,nl
11168,tl
9629,tl
15994,tl
13548,de
12166,tl
4992,af
10471,fr
11969,it
15124,fr
11633,id
6878,it
6892,es
8042,pt
1301,nl
10909,tr
9341,tl
14,tl
15802,de
10808,id
189,af
9326,tl
12402,en
14347,tr
1158,fr
10353,en
8461,tr
4272,tl
14429,es
13067,id
17111,tr
2812,it
2573,tr
13854,af
1653,de
9591,de
13166,fr
3717,es
10403,de
14090,af
12377,fr
6594,it
12710,en
15998,de
4155,id
14973,id
8904,es
11306,pt
13222,fr
7496,sv
7455,tl
9193,it
7449,tr
9030,tr
5006,tr
4346,en
13740,de
13192,pt
12582,tl
8525,es
13591,de
13639,tl
14053,sv
456,fr
4088,af
12986,nl
16168,sv
15736,id
5523,id
13871,tr
15911,id
13618,sv
3683,pt
16098,es
2859,en
3714,sv
10570,id
13400,it
11782,en
13342,de
951,pt
6737,id
14142,it
10072,pt
7520,af
11343,id
931,sv
2517,tl
14342,de
7697,fr
2605,af
4283,id
10927,en
6434,en
14071,nl
13464,id
1527,es
4336,tr
5997,en
14838,tr
10600,it
16749,af
7768,nl
4992,af
3207,tl
11798,en
3008,af
6744,en
14029,sv
10915,tl
1639,en
8410,pt
6992,af
1941,es
16029,en
9979,id
9966,id
6411,pt
7232,sv
6268,tr
1745,af
5619,nl
16229,de
5410,sv
16754,it
11582,tl
15488,nl
1454,tr
6865,nl
16989,de
6457,fr
6729,af
2085,nl
9706,en
15213,fr
3669,af
9895,pt
7117,es
1594,af
1594,tl
6994,tl
4831,de
4166,es
11554,af
16955,pt
17023,fr
1832,fr
11172,en
9194,nl
7956,it
5149,sv
5812,es
412,nl
4831,tr
11238,it
5840,af
7496,pt
8204,nl
9291,es
8867,nl
2638,tl
16455,es
6304,fr
8436,en
11124,it
3474,tr
9726,pt
6725,id
475,tl
13798,en
12121,af
2639,tl
8110,fr
3124,it
2721,it
3727,en
8388,en
11420,pt
10996,it
10770,tl
10355,pt
2075,tr
1546,af
6542,id
11914,sv
17135,de
4492,nl
5902,en
1549,nl
3516,de
4313,fr
3398,id
4104,pt
10812,sv
13074,af
9054,tl
3576,nl
5614,pt
16373,sv
6166,tl
2035,pt
9317,tl
2770,id
7181,sv
11798,sv
6643,id
8100,es
6162,tl
12289,nl
7055,es
2315,af
9594,es
3894,es
12442,fr
16098,en
5243,de
7836,fr
8631,it
5635,es
16749,af
13934,tl
14926,es
15839,en
13554,nl
10099,de
11204,sv
7080,sv
12452,tl
8276,fr
16045,tl
4461,de
5593,tr
8388,fr
13181,tr
2898,es
1458,nl
5134,en
5570,fr
5339,af
6744,tl
16846,fr
1533,de
8110,en
17052,fr
15345,tr
2441,en
2098,pt
2773,af
13177,es
7666,pt
5996,de
9568,it
10497,es
6353,pt
14101,tl
870,tl
2234,af
13706,tr
379,it
1071,sv
3323,es
5683,sv
2007,es
7878,pt
14791,af
7549,id
8958,nl
10150,fr
14838,nl
9853,tl
3264,tr
6322,pt
16075,tl
3864,tl
5732,nl
7902,en
12736,de
14605,sv
16518,tr
4799,id
3761,fr
8387,en
8453,tl
15693,nl
4043,de
5165,fr
10915,sv
6575,sv
1379,af
6980,af
10433,es
14163,es
13982,tr
8939,af
124,id
14820,pt
7777,it
11186,pt
12413,id
315,es
12299,nl
5278,nl
9930,de
8731,fr
6878,it
15777,pt
13684,pt
8460,de
2283,pt
13078,fr
3128,pt
16120,de
5837,pt
10804,en
4620,tr
15200,tr
5525,pt
4305,af
3,nl
6243,es
9815,id
4452,en
4383,de
10570,nl
3600,fr
1144,it
10355,it
14822,es
11164,fr
17051,pt
1547,es
9827,sv
17111,it
8336,sv
631,id
15298,id
2594,fr
10501,de
3582,pt
2647,sv
3387,de
6643,id
1071,tr
7980,nl
14323,es
15994,en
14706,nl
16891,sv
8958,pt
10621,fr
178,tl
16263,sv
16846,nl
12073,id
16519,fr
1401,af
14382,af
16914,af
4960,pt
11932,tr
8825,af
13636,pt
1238,id
1982,fr
10339,nl
9330,tl
8449,en
14026,pt
16361,id
8765,en
297,tl
6064,id
1719,pt
122,tl
15706,id
15565,it
4043,sv
2283,en
870,it
9941,tr
15350,id
9971,sv
5229,af
484,fr
1300,fr
8767,tr
11024,id
17135,tl
939,pt
7355,pt
5697,en
3029,es
279,en
3734,tl
6134,tr
2208,en
6878,tr
13363,tr
16120,en
9524,it
5577,id
11959,pt
3771,tl
16145,en
1042,fr
5930,es
8414,fr
920,es
3008,es
393,de
7499,id
13580,pt
560,tl
8148,id
7870,en
4168,af
3936,fr
9494,en
14658,pt
13604,af
4502,id
612,af
12736,fr
7499,tr
4672,fr
11796,es
7666,es
13819,sv
15634,id
168,af
4973,es
16377,fr
781,tr
6103,af
15982,fr
17081,nl
8284,nl
5158,en
5970,sv
4550,tl
8914,sv
2690,nl
11266,af
16282,tl
1428,tr
9237,pt
4845,sv
6288,tr
13986,af
15318,it
13679,pt
9291,de
1372,de
41,tr
4073,tr
5318,de
15904,it
576,id
14378,en
3034,it
13044,tr
12127,nl
10427,fr
9263,it
8825,es
5813,tl
2795,tr
10333,tl
6572,en
8004,nl
508,de
12263,fr
1427,tl
17108,de
969,pt
4988,af
4798,es
16375,nl
6448,sv
5131,pt
10970,nl
16668,tl
11862,tr
16532,nl
4767,en
5358,pt
7730,en
9902,es
12532,es
4833,id
15513,en
5930,tr
100,tl
6968,de
3995,tr
6761,sv
13064,fr
14150,en
6337,it
11770,tl
12839,tl
14646,nl
16975,id
14154,tl
6061,tl
4837,id
9853,af
4253,tr
3406,id
3338,de
2917,af
13181,fr
2796,tl
5683,de
15276,tr
3118,tl
796,es
3911,it
15289,de
11911,id
14412,nl
3936,sv
10493,en
17023,af
9678,tr
9361,de
9362,nl
2921,es
761,tl
668,tl
5051,tl
8276,de
11366,af
11345,en
920,de
128,tr
14348,en
12814,es
15557,fr
8188,en
6405,tr
9678,en
11677,it
8453,af
11634,fr
494,pt
3606,pt
9270,de
15124,es
6485,tr
14444,nl
6764,tr
9317,de
8774,tl
2711,af
1994,tr
4689,it
8762,sv
11368,af
13575,tr
5201,en
5627,id
1866,sv
10349,tr
4189,id
10940,tr
2296,en
6411,pt
16385,sv
13871,tr
4254,es
197,pt
1318,tr
8498,de
13101,it
15736,de
1812,nl
3264,sv
16529,en
2611,fr
6725,id
2351,es
14762,en
1158,pt
4271,id
10512,pt
13404,tl
5678,sv
11529,es
3426,en
10213,en
7981,it
10790,tl
1121,pt
15957,it
10772,id
15825,tr
4040,nl
1811,tl
6382,sv
3595,nl
5339,af
13734,tl
15311,nl
6726,id
4241,tl
7000,de
9353,pt
6617,it
2168,tr
17111,nl
9651,tr
292,es
4428,es
5157,id
2610,tl
15275,pt
2868,pt
89,de
13102,de
2957,af
3605,tl
9019,en
5427,pt
3822,sv
5037,en
9124,es
5347,fr
4273,tr
6946,it
13283,pt
16630,en
4982,id
6923,tr
4189,de
8960,sv
15839,es
10523,de
9577,it
14368,af
6388,pt
12008,tl
9014,sv
15880,en
5328,fr
8460,es
8414,tl
9678,it
14189,fr
12008,id
14138,de
6856,tl
8868,es
15311,af
13546,en
7046,es
8035,pt
7654,af
9691,sv
9961,pt
4439,nl
12835,id
3600,en
9541,pt
10812,pt
3507,en
7319,it
9061,nl
9327,it
10776,en
15187,af
400,tl
15561,en
11168,en
3338,en
16045,id
10321,sv
11029,nl
13348,fr
7870,id
3671,id
13298,id
14509,pt
13762,it
12873,sv
9110,it
10756,tl
16589,id
12073,fr
9507,af
15508,nl
11610,nl
9931,it
4013,it
8042,it
3562,tl
11279,nl
12329,tr
3503,pt
355,pt
15829,de
10182,pt
5040,tl
3222,nl
5619,sv
8073,it
4023,af
16890,nl
1941,it
3700,af
4449,fr
4247,sv
17107,id
3859,de
16797,id
6376,tl
16165,af
7524,pt
13412,de
14981,tr
5812,es
7039,sv
6918,de
8251,it
4244,pt
9969,de
16273,id
3077,tr
14684,id
4183,tr
11705,en
16519,nl
14526,sv
15276,tr
4845,tr
15464,tl
7289,it
31,id
11954,id
16061,nl
9760,fr
8568,tr
2773,nl
10323,id
14214,af
15906,tr
11678,tr
9554,it
8516,tr
10804,en
11867,pt
8496,tr
1108,nl
3029,de
13684,es
2960,tl
2573,es
7559,tr
9738,de
5820,nl
11376,en
5813,pt
12339,fr
5116,tr
11146,af
4913,id
10224,it
7680,id
3695,it
2386,tr
14053,nl
3034,fr
1121,sv
16275,sv
16605,tr
9851,pt
11841,en
4428,af
14154,sv
3894,pt
2690,pt
17019,id
279,es
16427,sv
10853,tl
15094,fr
10687,de
16048,tl
10579,it
16120,en
17098,id
12161,de
11474,en
6388,sv
5774,sv
2480,pt
8559,sv
10355,es
9438,tr
6902,es
5047,sv
6926,de
3098,es
7971,fr
3128,id
3305,pt
14874,it
11409,en
6992,nl
862,en
7918,tr
15199,fr
8129,af
399,nl
6353,tl
11904,en
14539,it
6426,es
12235,es
16591,id
14118,sv
16419,it
8387,es
8640,de
15676,nl
10350,af
3542,fr
13854,nl
10621,nl
3911,fr
10440,nl
9961,en
10759,en
12606,en
89,de
16711,id
17151,fr
5579,de
10513,es
11920,tl
14317,de
1423,nl
5966,af
13023,tr
15199,tr
2906,it
6815,tl
8825,tl
6093,fr
10125,id
10381,af
8907,it
9457,tl
1428,af
16851,af
12866,tr
9019,id
9112,en
6645,tr
861,it
12972,de
13681,tr
3021,it
10832,de
3486,id
11860,en
7314,af
9594,fr
4240,id
2093,pt
14763,de
15796,fr
17052,en
6918,de
2203,tr
468,en
124,fr
15296,id
15634,id
13819,af
9316,it
6683,tl
1489,pt
6061,en
6633,id
16613,id
4376,en
9361,tr
10455,it
2408,tl
4452,en
178,tr
3103,en
13853,fr
13927,en
2717,tl
14323,tr
8119,pt
17042,it
10292,sv
614,fr
13741,de
1377,tr
9561,pt
1467,en
13780,nl
12536,id
6174,fr
1617,af
393,nl
16201,de
3606,en
13548,pt
7111,tr
13346,id
2775,it
6313,tl
3460,id
3852,es
11081,de
11368,nl
11841,nl
13547,tr
4689,de
3205,sv
14963,es
13150,af
16859,tl
9620,sv
8390,sv
362,de
4838,es
3543,fr
1913,en
3915,es
4442,it
10078,tl
9694,fr
3542,en
6572,de
12436,fr
5103,pt
7569,nl
4272,de
10931,es
8967,sv
13255,tr
12961,it
8415,es
3834,tl
17179,sv
2174,id
12930,de
14509,tl
11154,it
2206,nl
5134,es
12866,fr
5196,de
13871,nl
1940,en
2016,id
13683,fr
4826,en
4177,sv
8496,en
10493,tr
8043,tl
1090,tr
15809,en
3993,tl
11529,id
14090,tr
15946,de
6962,es
7847,pt
6710,fr
564,sv
6151,en
8990,pt
5009,pt
4973,sv
5301,fr
11322,af
12159,tr
8320,nl
7181,nl
2386,tr
16698,id
12717,it
8914,fr
17115,af
8674,tl
7232,fr
17107,tl
3034,af
254,tr
5365,pt
11470,tr
9054,tl
9275,de
16052,fr
11861,sv
16048,af
10220,sv
5027,es
5158,es
4487,af
1684,fr
11368,af
16266,de
5997,pt
6432,tl
4248,it
5225,af
17116,en
12310,nl
2840,pt
8992,en
10156,pt
16992,af
13407,fr
2298,de
16733,tr
8967,af
9506,tl
9301,tr
13199,fr
631,it
1675,es
2205,tr
6997,pt
16624,en
1336,fr
292,es
4492,it
4362,pt
9562,id
14673,id
4212,pt
4851,es
9632,en
17147,it
13318,sv
4443,af
7502,it
16872,id
14792,es
8579,pt
8767,id
2995,sv
16010,en
9620,en
3669,es
2542,pt
3576,sv
6596,id
9691,sv
17143,fr
5568,nl
14504,fr
12468,es
3329,id
7449,af
2709,de
3884,de
10081,tr
4247,es
4845,af
9352,es
7025,it
17075,es
3433,en
5475,es
1744,tr
5911,id
8904,sv
5157,de
11678,af
3276,de
9689,tl
11306,fr
9270,fr
10954,tl
5703,es
14228,nl
2824,en
4443,it
10718,es
8822,tl
8280,id
8140,sv
7628,tl
12446,it
2824,it
13869,it
3162,nl
13630,sv
9062,it
7559,it
1593,fr
13705,es
2753,de
2451,de
6967,it
7762,fr
2167,de
11024,es
5219,en
9827,en
10288,es
11164,tl
2678,id
15113,sv
12856,af
10636,nl
16225,de
14150,af
9364,tr
178,pt
8856,tr
10825,fr
14355,it
391,af
2434,id
4088,id
9632,es
6561,af
4084,nl
15828,tl
6069,de
27,fr
16609,sv
16032,nl
3503,af
6819,nl
10214,id
16427,tl
10760,af
8449,tr
5365,tl
11438,es
5017,af
13252,id
13215,tl
751,tr
16961,it
5009,de
16613,nl
7232,de
16518,en
17011,pt
15444,it
12161,de
11733,tr
11172,sv
14142,de
13035,tl
14239,it
16669,sv
2075,tl
5321,tl
1671,tr
16496,tr
13506,tr
16430,sv
1180,it
4606,sv
1551,tl
4271,af
15459,es
13412,id
10381,de
7477,es
1722,es
12838,de
10893,tr
9114,it
9827,af
4854,sv
6633,pt
6670,fr
17115,tl
14029,fr
2496,tl
2165,tl
8906,en
4881,es
1658,fr
8525,fr
14154,id
15124,sv
3603,pt
4567,tl
14690,nl
12759,nl
13023,tl
2165,tr
10954,sv
11915,nl
15055,en
10824,tr
9746,tl
6618,nl
5292,de
6806,id
15763,es
15511,tr
6069,fr
11453,it
15828,sv
768,en
1744,es
14553,es
11438,fr
6159,es
12558,tl
6074,it
7289,af
6290,it
2156,tr
12051,es
16613,es
2531,es
6582,nl
8469,tr
11861,es
9971,it
9059,en
5525,en
14700,es
1509,af
10444,it
3912,tl
9112,sv
2265,tr
5531,es
11140,fr
3654,de
14169,es
10931,sv
17023,af
15598,af
8882,de
11706,fr
15094,af
15464,fr
9112,it
3444,de
1607,af
12856,tr
5062,pt
3542,es
5149,en
10182,fr
10049,id
15890,af
9216,en
12437,af
5871,tl
10357,nl
13548,id
8402,en
393,it
14323,es
6937,en
2237,it
9406,it
5721,nl
3539,it
6177,it
8241,es
2441,en
16361,pt
14015,tr
2271,pt
16229,es
5966,es
1719,tl
12367,de
14414,tl
14545,nl
8013,af
15457,nl
2774,it
9896,id
17179,pt
13439,tl
12722,fr
4081,tl
1249,nl
13799,sv
8001,nl
10302,it
16056,id
13312,sv
12436,en
6683,de
11825,es
5082,nl
6650,pt
15968,af
5103,tl
11650,sv
13122,es
11442,de
17019,de
16201,en
12797,de
940,it
16228,fr
15890,nl
1808,af
9738,es
16271,sv
12817,en
14000,tr
14378,tl
1636,tr
10743,it
6937,tr
17015,pt
17148,es
7061,nl
6181,es
4659,af
6025,id
6878,it
379,it
10568,it
11273,tr
1640,fr
11871,af
182,es
15957,de
10217,tl
1374,sv
6093,en
2591,fr
1774,id
17023,pt
14585,nl
11029,sv
3671,nl
11215,tr
10981,tr
10851,tl
11942,en
15197,tl
13067,tr
8409,sv
2167,nl
3883,pt
7693,af
15839,es
12073,tl
6708,it
10608,es
884,en
9761,nl
16029,de
2753,it
16563,de
14889,sv
3883,it
6039,nl
12051,nl
8731,fr
5414,tl
10981,nl
15656,af
6670,tl
9857,fr
4253,es
10887,es
7570,tr
12054,pt
13192,sv
14315,es
6973,sv
5544,id
2288,tl
8741,fr
8631,es
8694,sv
6103,af
12618,es
473,tl
5658,fr
6177,id
5127,fr
6159,af
13359,pt
5411,pt
3982,es
11932,nl
12308,fr
6892,sv
2056,sv
13607,de
5026,de
2336,tl
13854,af
16496,id
7196,pt
15560,pt
4524,tr
317,en
3907,nl
5813,af
14490,es
8975,fr
14465,sv
3995,it
3124,en
14668,tl
10077,sv
299,tr
3418,pt
7528,tl
16314,id
5468,tl
12452,fr
7520,fr
1098,tr
15825,fr
4383,tr
8618,tl
13513,sv
2770,de
5501,de
8857,sv
2400,tr
16730,es
15456,af
7262,tr
738,fr
9197,nl
14967,id
11990,es
8426,de
13464,es
12294,tr
10956,de
5062,fr
5411,af
11417,tr
10855,fr
5047,af
4933,nl
7662,tr
6050,pt
6485,fr
16100,de
11302,it
8001,sv
5823,en
9772,pt
7013,pt
5721,pt
15847,pt
7122,pt
15518,tr
9197,fr
174,af
3598,nl
6755,id
7461,pt
3516,id
15598,id
920,tr
5401,it
8867,it
2651,fr
11490,it
8653,id
2498,tl
16652,en
781,de
13186,en
2573,de
2512,it
1063,tr
3727,it
3193,tr
14958,es
8300,es
6174,sv
1256,pt
3543,fr
4439,it
4896,af
9930,es
14283,id
11140,es
1924,es
10956,sv
10756,sv
2775,tr
17023,pt
8037,af
6432,en
4116,tr
6774,nl
16028,de
14223,pt
11664,af
7467,af
16961,de
13616,tl
14437,de
3550,it
10497,tl
4784,pt
7563,tr
15444,nl
10898,af
389,tr
4132,nl
1425,de
3161,sv
3742,it
6385,tr
12430,id
15610,es
15095,tl
16523,fr
6424,nl
369,fr
11905,af
9035,af
4240,id
6434,pt
8182,tr
13693,af
16813,it
635,de
15275,sv
6623,pt
16765,fr
15904,en
12722,fr
12383,tl
8042,es
7878,fr
16712,es
10319,es
13607,af
15825,en
15387,es
15280,sv
6710,fr
9323,pt
16891,tl
13467,id
3117,tr
3213,de
14859,sv
6015,de
15553,es
16956,nl
3280,it
13738,af
6438,sv
491,pt
10982,af
11081,id
12340,tr
4031,de
5245,it
4653,nl
5027,id
15276,sv
2908,es
3829,sv
14272,it
16666,sv
14412,en
3576,sv
13215,id
5600,de
7294,en
6268,af
1684,nl
1593,es
14044,id
15094,nl
10512,tl
7502,af
11437,it
6617,af
369,af
317,fr
16438,pt
1256,it
1371,it
9155,de
9095,sv
6897,de
5349,tr
1205,af
8413,es
6918,id
4692,it
2030,it
11959,sv
9955,de
3771,tl
13252,fr
796,pt
1084,af
6024,en
8948,fr
2057,en
5600,id
4154,sv
12446,it
16772,de
2566,id
10827,tr
14214,pt
7039,tl
13744,sv
6385,sv
15155,nl
13506,id
16992,nl
13741,sv
10824,it
796,es
12235,nl
7319,pt
16263,id
6469,af
14838,fr
6147,en
16956,tr
2166,fr
6774,nl
8653,it
2146,tr
4692,tr
768,en
7014,de
15942,af
12689,sv
8294,it
9254,sv
14347,sv
17081,tr
2542,tl
6815,de
14553,nl
6371,tl
16410,it
11483,id
1123,tl
132,nl
8125,es
13926,af
8336,it
1071,pt
3598,fr
5529,sv
12066,pt
14453,pt
12846,tr
8248,de
2724,fr
412,nl
13252,id
10851,tl
1639,tl
8771,fr
3050,pt
344,tl
15747,id
3674,de
17151,de
4831,en
11839,en
6539,id
4283,id
1467,en
10216,tr
15358,en
14228,fr
7978,en
10462,sv
1941,tl
2594,tl
9912,en
6055,tr
608,tl
16050,de
3408,es
15326,tl
3812,it
8269,id
473,es
177,fr
7680,es
2957,sv
11272,es
10936,it
3098,tl
13741,pt
9237,it
1400,fr
8679,it
9323,pt
13318,sv
329,pt
6147,pt
63,pt
5278,af
9760,sv
16713,fr
16813,de
16028,id
5997,nl
13342,de
8414,pt
5062,es
2423,de
4026,es
7113,nl
10956,nl
560,tr
13847,nl
16032,id
14564,sv
11098,sv
16165,nl
16518,de
4130,fr
5573,en
1527,pt
4168,es
10061,en
6646,sv
9520,fr
6213,fr
6708,it
5349,de
2651,tr
4347,af
11238,pt
1449,de
10815,en
2908,tl
11029,id
9795,de
7567,pt
16899,es
3441,de
16263,pt
9438,tl
8241,sv
12608,sv
4058,id
15503,tl
5930,fr
665,en
1593,fr
1872,es
6074,tr
5116,pt
10319,de
16672,tr
5635,en
258,it
14317,nl
3492,id
7503,id
1043,en
5488,en
6550,tl
7355,it
1655,sv
6162,it
2423,tl
6633,id
9317,fr
1710,es
17108,af
7628,tr
6059,id
13067,nl
11476,en
783,tl
3138,af
6621,af
281,es
1063,tr
86,pt
15802,de
8822,sv
8343,tl
1115,de
1160,de
16591,es
6424,en
19,pt
951,es
3474,es
177,es
6229,nl
9182,it
1677,it
1546,sv
13754,fr
5544,pt
8496,en
16652,tl
5917,it
1581,pt
3127,en
12409,tl
767,de
15946,fr
441,id
16038,pt
7609,it
10600,en
4178,en
16813,sv
4673,de
9053,nl
11502,tl
11146,tl
1427,sv
12453,es
7292,en
12019,it
8679,fr
6352,it
533,es
8442,tl
5611,tl
7278,id
2927,nl
5318,it
1084,tr
16719,pt
4361,sv
4776,it
1833,sv
10570,id
7966,tl
5324,es
15785,id
5465,de
3080,tr
11720,pt
8681,nl
8084,pt
6992,it
14179,id
10827,tl
7686,nl
13115,en
1671,es
329,id
13604,en
9030,tl
9074,it
3138,nl
6495,sv
2472,en
14419,id
3029,nl
10772,fr
7152,pt
14151,fr
13679,it
13796,it
4930,tl
16317,pt
9519,tl
15138,de
10426,de
1308,fr
319,id
16518,tl
10982,it
2320,fr
4921,af
11215,nl
6568,fr
17090,sv
7613,af
11272,en
15532,it
16427,fr
8732,fr
6582,af
8402,pt
7278,sv
7232,nl
11502,fr
11376,pt
7257,fr
16145,nl
3401,fr
468,fr
16356,de
1833,pt
16983,fr
6645,it
944,id
14330,nl
14040,sv
9303,pt
12789,id
3276,af
9738,tl
12264,it
10523,sv
5948,tr
1677,pt
2709,en
7000,de
4833,es
9088,es
2408,af
14912,af
16170,tr
7477,af
3364,id
7278,fr
16005,fr
15203,nl
14367,fr
3349,de
10292,fr
9964,de
348,af
1404,pt
6533,af
14163,id
7606,en
10442,af
11470,pt
2167,es
13206,pt
12339,tr
2679,tr
3204,it
16668,id
11098,pt
1121,sv
14323,fr
10954,it
4130,en
2165,tr
6221,id
5358,fr
3568,tl
8868,de
14347,pt
16711,pt
17005,fr
2062,nl
12446,es
4671,es
9601,af
9269,tr
9519,af
10927,af
8992,pt
14926,tl
4058,de
3683,af
7289,de
7170,tr
12469,id
555,it
5270,it
12166,pt
8073,fr
16410,nl
15565,es
1589,sv
17075,tl
7196,de
3406,it
14925,es
8900,nl
7693,it
3162,tl
279,es
12340,sv
15177,af
1217,af
15995,af
10577,de
8774,es
9674,de
10426,de
13896,en
3398,tr
4953,tl
4253,fr
10709,es
4601,it
11643,sv
9793,es
12951,id
11515,tr
411,pt
1124,id
16402,nl
1862,fr
870,tl
7726,sv
2960,it
15503,en
3727,es
14151,fr
9617,nl
3522,pt
4982,af
14597,de
9394,fr
2030,en
15906,en
1467,id
4121,tr
1276,en
12182,de
6353,de
4614,es
12814,tr
11279,fr
3178,es
7199,id
2931,pt
16911,fr
13516,fr
1796,nl
3734,it
13567,es
11844,fr
14762,tr
8672,tr
13078,tr
1047,de
1301,tr
128,nl
10696,nl
11563,sv
790,en
10164,tr
5732,es
5152,sv
3037,fr
13391,fr
5401,tr
7524,en
14179,it
11536,fr
6050,tl
1124,pt
15598,de
2560,id
5722,en
13412,sv
10132,id
1812,id
393,en
3280,tr
16529,id
16471,en
4266,pt
8125,pt
13391,de
8771,af
15693,it
15444,de
12377,sv
3320,fr
8347,it
4205,af
17005,tr
8824,de
17116,tl
14701,sv
13927,en
13927,af
4874,pt
10080,en
14591,tr
16916,id
7697,it
8404,tr
508,af
2354,sv
16713,tl
150,sv
5996,es
11681,fr
9520,tl
10150,af
2085,de
3305,nl
2258,en
9330,id
16467,de
8925,fr
6172,id
168,af
13457,sv
8651,en
13346,tr
2062,sv
7098,es
2230,en
7199,it
9878,it
10214,af
939,sv
13908,tl
8631,id
4137,de
16758,en
1071,en
13858,pt
6725,en
2373,en
2316,it
8073,es
17019,af
612,sv
12844,sv
10081,de
3774,id
11146,it
16719,nl
11490,it
1158,id
15998,tr
2816,tl
6860,de
15655,tl
11067,id
310,id
14746,pt
16880,fr
13342,de
5038,nl
16874,af
13986,es
14508,en
8651,fr
14053,es
11773,nl
14229,tr
321,id
6819,sv
1401,sv
14118,tr
6025,af
16384,tl
3298,tl
6034,sv
10038,af
14891,it
7289,tl
4104,de
3326,nl
5952,tl
3734,tl
14440,id
16280,tr
12150,tl
12419,es
15456,id
4831,id
14457,en
13847,tl
8741,es
13740,it
13681,tr
6181,sv
15459,sv
9844,af
8958,it
8781,de
11331,nl
50,it
11174,de
1264,de
3595,es
16694,es
14508,fr
16467,nl
15321,es
6448,pt
12604,tl
16701,nl
10031,en
14770,nl
14668,en
6652,id
4638,id
590,tr
3784,es
3822,de
7026,it
15777,en
3098,pt
8474,sv
2264,fr
3700,tl
2230,en
5627,pt
14033,es
10940,en
9327,pt
1513,nl
861,id
1796,es
3669,tl
14820,nl
702,nl
10164,en
47,tl
6322,tl
9317,it
3326,fr
15966,sv
1750,es
5475,de
8857,de
14163,sv
3750,en
16029,pt
6801,id
11328,tl
14820,tr
12162,fr
5116,tl
11700,sv
11476,id
8824,it
11335,en
3326,tr
15672,de
10426,pt
12745,tr
16914,tl
6568,pt
15561,sv
1202,id
8294,tr
7851,de
10640,de
4173,en
7912,nl
6928,id
1176,en
4154,id
5627,fr
9918,de
1014,es
1007,pt
12526,de
8539,nl
4487,tl
6366,pt
7993,pt
13023,en
10755,fr
969,sv
11107,sv
3562,af
17075,tr
5658,tl
1808,nl
12469,af
11570,sv
15661,en
4058,tr
9617,fr
1090,nl
6663,tl
7808,de
6616,en
17157,it
6151,af
5401,id
3264,it
7655,de
13926,de
14053,fr
16052,es
14370,id
12689,nl
16410,en
16992,tr
3447,es
201,it
1059,es
6594,af
7289,af
2914,af
15707,fr
13855,es
3060,tr
6506,af
4121,es
15911,en
2684,pt
14668,pt
15966,es
15553,es
16320,af
4502,fr
4767,en
122,fr
16874,it
7004,af
12716,tl
2400,de
10353,en
9202,tr
8912,af
8771,af
16589,fr
2812,es
4784,tr
16956,id
12905,id
4336,sv
13982,es
14857,pt
7500,fr
3193,pt
9815,tr
3118,tl
11932,fr
16813,es
2082,fr
10023,sv
15488,af
11026,de
15225,es
7185,fr
1043,af
5661,en
15186,af
2203,pt
13685,sv
2336,es
7726,tr
16459,en
14348,sv
11953,tl
4290,tr
16402,af
6936,af
6027,nl
15890,id
17123,it
15511,en
3694,es
14453,es
14150,sv
11987,nl
6243,en
16399,id
334,id
3912,es
16461,nl
8666,sv
15987,es
1264,de
6388,tl
3503,tr
6892,af
17116,es
8413,en
486,fr
4346,id
1636,de
10217,de
2704,tl
10893,de
9601,sv
2927,de
16373,fr
11798,tr
8084,de
702,de
9116,nl
2711,pt
3489,sv
5229,tl
17075,it
1090,de
10268,nl
8336,pt
10824,sv
11451,tr
15177,tl
936,en
951,nl
6819,tl
16710,sv
3669,af
9630,af
2903,tr
8269,nl
2927,sv
3780,sv
10772,pt
4614,af
9812,tr
9680,tr
12856,de
10600,pt
12835,tl
6936,de
612,fr
8767,af
10846,nl
625,nl
14154,af
14498,en
15634,es
8795,af
15382,es
3118,tr
5378,sv
843,fr
6737,sv
10600,es
1351,af
11628,id
5134,en
6050,af
13625,de
11678,id
3819,tr
9674,sv
1372,pt
14648,pt
9507,it
10699,nl
3460,fr
6902,sv
15598,es
6267,sv
15626,tl
59,tr
3407,de
3598,de
15345,fr
7185,fr
15957,id
6623,en
1144,pt
6166,id
16170,de
5406,de
6438,fr
11186,es
15445,it
10832,sv
14661,tl
15177,en
15946,sv
6616,tr
14684,it
3723,tl
13330,pt
2962,sv
12736,id
5401,it
11349,de
13077,id
7730,fr
15994,id
3306,id
6615,af
6926,tr
10790,nl
1061,pt
8562,es
14330,id
8992,nl
3586,id
4567,fr
6856,it
1144,en
7141,pt
14071,es
16398,id
11423,en
16075,it
4890,tr
12104,en
2798,pt
5611,tl
10352,id
4492,sv
13391,es
13774,es
8302,de
11915,id
1127,id
4854,sv
9912,en
12339,tl
16763,af
9394,nl
15563,id
712,pt
6892,af
7662,tr
10563,pt
4236,de
5837,it
128,tr
12838,fr
10757,it
12634,it
13867,tr
2451,nl
7055,tr
14339,tr
8900,es
13297,id
3361,pt
13516,de
5948,sv
6457,fr
9088,af
7666,tr
11238,de
14090,en
11053,es
5823,es
11914,it
9895,en
16713,nl
7278,fr
11023,it
14904,tl
9494,tr
15311,tr
9881,tr
8846,it
5014,tr
16593,en
4463,nl
7879,af
14857,it
8084,de
3326,en
5501,fr
5886,it
897,af
6600,fr
6495,fr
5727,id
16593,af
59,tr
1546,pt
1400,tl
5204,id
12019,nl
16669,de
9767,es
3834,sv
16131,af
16703,sv
14457,de
5176,nl
9897,tl
16777,en
11418,es
4492,it
6072,nl
2840,fr
4606,en
12710,tl
14475,sv
9956,pt
8694,nl
1423,nl
1933,it
7693,it
5552,id
2230,tr
3021,nl
16459,af
2548,pt
12256,fr
12436,sv
63,pt
9305,af
16924,en
16446,af
2975,id
862,es
9095,it
7549,es
10895,es
10440,sv
9330,de
16924,en
10335,tr
12263,id
4837,es
3550,tr
11861,nl
8681,id
4383,fr
10494,fr
10072,tl
15556,tr
3915,id
5127,af
4524,tr
16373,tl
964,de
2201,en
10868,sv
1995,fr
14142,id
5134,af
8442,tl
14368,es
11085,fr
1404,pt
11744,en
5732,id
6220,es
14029,es
1666,it
2638,id
7224,de
3624,nl
10107,it
783,de
1266,tl
9881,it
10825,sv
6708,en
11168,es
12905,es
16317,tr
10985,it
15765,id
2414,pt
10055,it
14615,id
13546,sv
8005,en
9689,en
4654,id
3080,de
9885,id
6578,tl
14591,es
12383,id
4601,tl
12213,sv
6221,de
10220,tl
9569,pt
8055,pt
16519,pt
14673,id
15399,tr
4266,tr
5722,pt
7655,es
10985,es
6722,tr
12511,en
2498,pt
7567,tl
12797,nl
389,pt
16162,pt
10296,sv
14564,nl
13361,tr
15409,es
15565,nl
6039,en
11267,es
1808,tl
15593,it
9902,es
475,sv
10427,sv
9956,id
10563,de
13165,id
16765,sv
7181,tl
16729,it
6682,fr
4589,sv
12883,de
14761,it
2498,af
12159,fr
14973,fr
5531,id
7908,tl
4461,nl
7598,id
14653,nl
9568,pt
428,sv
4994,tl
5584,it
4477,nl
3915,tl
12883,tl
11505,de
1807,de
13823,id
9519,fr
1655,tl
12856,af
12707,fr
263,fr
6194,es
11053,sv
151,en
8990,de
508,nl
14147,id
17143,id
6578,id
6014,sv
12019,es
6663,sv
2887,en
5103,de
15556,it
15703,de
1617,id
12689,en
10049,it
5919,id
5051,id
15124,nl
13154,sv
15387,fr
7892,fr
6220,en
5917,en
442,af
10827,de
6151,sv
6958,tr
1866,fr
6061,tl
14440,de
14481,pt
6596,tr
7741,id
7496,de
1121,es
16103,tl
11409,af
11107,es
1294,sv
8825,af
5550,pt
6860,it
16763,it
3576,id
10979,sv
5204,af
11302,id
9619,it
7655,it
767,sv
17136,nl
13487,nl
9321,de
10588,fr
13370,tl
16402,sv
9471,tl
7461,de
9233,en
14939,nl
6331,af
17116,tl
9330,tl
3114,sv
13074,pt
13102,sv
15700,fr
6376,it
665,en
2384,pt
1030,id
6109,en
9364,fr
11426,nl
12051,it
14412,sv
16399,de
15333,nl
5339,id
10213,it
16872,nl
10099,tr
726,de
12070,sv
4486,id
6034,sv
16410,en
3174,fr
832,sv
11081,es
3474,de
14170,es
12604,tr
8055,af
6806,es
2355,sv
6162,tl
16467,pt
8853,de
13997,sv
4606,fr
4953,nl
4482,tl
8672,id
8394,it
5757,fr
14419,pt
16701,id
9327,it
5358,de
389,de
2733,es
9726,fr
14241,it
14465,fr
3586,it
8276,fr
7693,es
939,tr
5411,sv
5131,it
12367,nl
2690,tl
4090,pt
11598,pt
9952,it
15039,sv
6061,tr
9263,fr
11266,fr
4667,sv
16072,it
10038,it
6438,fr
14498,pt
8248,nl
9408,pt
437,pt
10442,en
1671,pt
12693,de
11053,pt
16609,de
14879,nl
10667,pt
10824,fr
3398,sv
10080,af
11265,pt
3060,nl
14661,en
11174,pt
15560,tl
6166,en
12905,es
16886,pt
7014,af
16385,tl
9707,tl
1581,en
11844,nl
16225,nl
1454,fr
13400,af
8029,pt
14549,it
3886,af
9193,fr
2309,it
14599,tl
16989,sv
3406,tl
4680,nl
7316,sv
7655,tl
10455,pt
15796,af
5333,en
4266,es
9738,af
12339,es
9330,tl
8539,es
2225,it
6713,es
11343,id
2093,de
3127,it
5475,tl
1940,pt
15946,tr
8280,tr
6372,pt
11634,id
6633,sv
14414,sv
9674,af
8474,tr
6729,tr
2373,tl
13819,en
13796,en
14101,it
6267,tr
12161,de
15651,nl
6147,it
5758,pt
8107,fr
5122,it
7291,tl
8967,it
3337,fr
15626,tr
6959,id
5652,es
5722,af
11257,tl
16282,it
9303,nl
9030,id
9103,sv
1513,af
5047,sv
3562,tl
4985,nl
1862,af
10053,de
6288,fr
11677,sv
8904,it
16719,af
13303,id
11141,nl
10053,nl
10538,tl
11215,nl
5757,pt
6177,de
17115,es
12800,fr
14791,af
16938,sv
17107,tl
7730,fr
4166,nl
7919,nl
6575,nl
11266,id
10053,sv
7140,af
14994,nl
8774,en
13934,en
16045,it
16165,tl
14939,tl
4119,id
8907,en
12932,af
10268,pt
3606,tl
3695,tr
290,tl
10471,de
1549,fr
9620,it
3960,af
5221,af
14622,fr
10497,pt
12629,es
10125,pt
4702,it
9640,tl
5988,it
3590,af
3503,nl
13858,de
15075,de
8085,it
3717,de
3406,af
1995,id
16399,id
14684,sv
17108,af
9855,tl
3205,en
7004,id
11839,tl
15968,es
4088,tl
6041,es
13592,af
4017,it
10296,id
441,pt
10990,tr
11525,nl
315,tr
10357,tl
14601,es
12908,tl
999,tl
11610,tl
7168,id
7680,tl
10687,nl
11474,tr
11340,fr
702,es
10501,en
4502,fr
10699,tl
5128,fr
7966,pt
1646,it
6798,af
6600,af
15946,es
171,pt
12252,af
11261,id
4186,de
12618,en
6201,af
10600,it
2264,fr
3407,pt
16162,es
14,es
10308,it
4680,id
2451,fr
9237,af
15231,tr
16694,fr
4081,tr
13467,en
8672,fr
3321,nl
8498,fr
14142,tl
9971,es
1778,es
2408,af
11177,id
7557,en
13524,fr
3320,pt
3174,sv
2931,sv
7380,de
13077,de
16703,fr
1993,pt
7113,en
14223,sv
15635,en
15647,af
11189,af
8469,tr
2207,tr
16438,de
4048,af
767,it
14370,nl
9194,id
7774,id
1156,tl
14170,fr
9541,es
13460,de
6439,id
14792,de
15966,de
8541,fr
15676,pt
6077,af
8857,de
12957,id
16603,es
4973,en
16814,fr
9732,en
6785,sv
16228,fr
1401,it
14761,it
7168,nl
17081,fr
3669,tr
11341,id
3686,en
16603,es
3852,sv
5128,sv
15181,de
612,it
4662,pt
11616,de
7844,it
16296,af
11861,en
6856,it
13618,id
15467,pt
17005,de
15747,id
4077,af
12839,en
11146,nl
15127,nl
14115,it
8825,es
15756,de
6909,it
16131,af
6496,pt
8110,id
4272,fr
10812,fr
310,pt
3050,es
11476,id
783,sv
5297,tr
2208,id
3386,nl
14475,fr
1655,nl
8126,it
8430,tl
2564,de
2708,sv
12381,af
6928,tl
2673,it
8241,id
317,fr
2113,sv
14419,tr
14917,en
14994,id
4400,id
14973,es
16131,id
11451,en
12468,pt
5732,id
11782,tr
14417,it
6568,tl
11598,nl
16282,af
12736,sv
11563,af
3361,af
15672,sv
6417,id
4482,nl
4439,fr
9637,en
1120,it
7467,id
1427,de
4201,af
13215,es
11678,nl
9519,sv
14928,id
6116,fr
10523,fr
41,af
8442,af
11839,tr
412,es
6116,sv
16385,en
11778,de
12281,tr
2206,sv
13348,sv
6127,sv
322,fr
14378,sv
12446,tl
12245,pt
11861,de
2708,it
8284,tr
4449,tl
16089,es
13140,tl
16314,fr
12672,de
14526,de
12366,id
9254,tr
17020,sv
17019,de
9732,sv
10399,pt
1509,nl
7955,pt
8300,sv
12150,tl
4994,id
13706,en
5774,tl
16282,en
344,nl
1692,tl
11778,af
9317,sv
16883,tr
12381,es
11490,it
8822,it
837,tl
3,en
10226,it
14504,en
16280,pt
3835,tr
16170,sv
3329,it
9352,pt
6325,id
16603,tr
9941,nl
10048,fr
7196,tl
7970,tr
16624,tr
4896,fr
8791,tl
4084,es
14429,fr
15326,af
263,id
8415,nl
4273,es
5732,tl
1124,af
2796,sv
13491,fr
8388,af
7524,af
6025,de
7953,en
6366,es
11947,es
13099,it
4154,id
7140,de
15546,es
2271,de
16605,sv
15828,fr
9971,es
263,nl
4985,af
14620,pt
16072,es
8150,it
7598,en
17107,it
1872,fr
6633,sv
10731,fr
680,id
3,nl
11942,nl
5270,es
10760,it
6074,en
2777,pt
11514,es
15274,en
3582,es
2709,tr
19,tl
16103,nl
14792,tr
5952,es
10757,sv
3671,id
13625,it
7258,pt
6561,id
4482,sv
4077,id
1794,id
9202,pt
2160,en
290,tl
9637,tl
3174,en
16535,pt
11272,es
6372,pt
15656,nl
8079,it
13548,es
9014,id
11905,es
6013,en
8294,tl
16263,it
7353,tr
4614,tl
5919,pt
16911,es
4486,tl
10990,fr
4017,af
8781,en
13135,tl
4966,tl
16801,it
5531,sv
1994,en
4241,en
13460,id
10323,af
16297,tr
16763,sv
861,en
11426,en
5568,id
10220,de
3,es
261,sv
1509,af
1489,es
6411,id
4638,pt
2816,fr
14026,en
3967,fr
686,tr
4166,en
5573,nl
555,pt
5917,es
14437,de
2678,id
16496,fr
8085,en
783,tl
437,en
14877,de
6426,fr
10455,pt
16899,it
10579,fr
15765,nl
16797,de
9754,fr
10338,fr
15333,fr
15402,es
6438,pt
5358,tl
11505,fr
13361,pt
16713,tr
2208,pt
962,en
16765,es
2531,es
6646,fr
13774,nl
9035,id
7194,de
13154,fr
46,es
3780,nl
1318,pt
14591,tl
10076,it
61,tl
16151,nl
8116,pt
9943,it
4672,it
8204,af
2708,af
4400,nl
13188,tl
5732,nl
14505,id
17147,id
7919,it
8674,tl
6562,es
5497,sv
3539,nl
14644,af
1076,pt
12526,fr
10731,af
16955,tl
4249,it
15503,en
13124,fr
5324,tr
6646,es
10743,nl
1807,de
16045,nl
13858,en
16266,tr
12846,de
286,de
12127,af
5757,sv
7013,fr
9327,pt
10827,en
1071,de
15672,es
11306,tl
13546,af
6064,pt
3631,en
14243,sv
4362,nl
11798,it
999,sv
5683,tr
3727,es
2206,sv
15296,tl
1352,es
16532,es
997,en
7844,es
9471,it
2351,tl
7293,nl
12736,sv
8824,de
14465,it
8730,it
14973,tl
6045,nl
9326,it
16729,pt
13895,sv
12245,tl
8978,id
12606,af
15364,fr
7993,fr
10105,pt
11423,it
7061,af
7046,tr
16694,af
4672,pt
13777,pt
5279,af
11453,nl
4618,it
3554,af
10640,tr
7120,fr
8781,af
16029,en
10760,tl
2965,de
8494,sv
13630,en
3960,id
10887,es
13536,en
9707,nl
16373,af
14306,tl
6433,tr
13777,af
10936,es
11238,pt
12308,tl
7502,nl
13607,tl
10699,en
5131,pt
3819,sv
15203,nl
6633,id
15133,id
4780,de
10792,af
9250,es
15225,af
16399,es
8430,de
86,nl
10743,it
14308,de
10338,pt
11085,de
1379,tl
4957,es
4166,it
1423,it
10038,tl
13896,en
13451,en
16758,sv
3050,af
3576,de
1030,pt
16712,nl
6892,it
1636,pt
6331,es
12251,pt
14347,af
6506,nl
13303,de
2527,nl
7843,id
3096,nl
15548,tr
2850,sv
13348,tr
2334,en
4524,it
16535,de
3624,de
41,fr
16266,en
8516,fr
14791,fr
2234,it
2517,en
560,id
2588,fr
13694,tr
8906,it
2258,tl
14453,tl
14994,es
9103,it
781,id
10166,tr
5131,de
11340,nl
8056,nl
2962,en
17151,tr
1635,id
13486,tl
14648,fr
13199,fr
8846,fr
216,id
5501,de
9303,sv
13766,it
8868,tr
9669,sv
17179,tr
3253,pt
8880,pt
3654,tl
11322,it
2859,es
9855,tr
16955,pt
608,af
8541,pt
2030,pt
13102,tr
8914,sv
8825,id
15127,es
17116,tl
16430,it
6815,pt
9871,nl
4439,de
861,it
12873,es
2959,tr
862,tr
1458,tr
16098,id
10247,tl
16519,de
660,nl
3566,tl
13283,fr
16376,tl
12548,es
16229,af
16883,af
13077,tl
1666,it
768,it
5481,es
3138,en
9275,sv
10119,af
4271,af
10757,tl
11067,nl
6722,en
5552,en
6701,af
4620,tl
14857,fr
10027,tl
8474,tl
5813,es
4882,af
7655,es
2983,en
7662,es
951,nl
14939,fr
13361,af
7927,af
132,id
5006,tr
9964,id
1065,tl
7111,tl
6112,sv
2890,de
14354,sv
9426,it
12182,fr
10843,pt
8409,en
11616,sv
5131,sv
837,fr
4968,tl
6301,de
6023,nl
4767,af
12244,id
2870,af
11582,tr
12291,tl
11539,id
1710,af
13895,fr
14330,nl
16710,id
8116,id
7355,de
631,af
10808,de
13124,sv
13689,es
14442,en
5650,de
8824,tl
2709,it
14530,id
11867,pt
63,it
11644,en
6322,fr
6014,nl
13175,id
8977,nl
7520,es
7851,af
8035,fr
4248,it
17023,id
1812,en
4985,tl
1151,it
8795,tr
16781,fr
10636,sv
8044,it
16168,sv
3513,af
1653,id
7111,sv
5358,en
2638,en
4171,en
6024,tr
10497,nl
15672,es
15693,es
10197,es
12874,af
951,pt
7598,fr
12961,fr
2812,it
6815,it
8568,es
1474,id
2355,it
5016,fr
13929,de
13464,it
16560,id
10508,fr
13854,id
10985,pt
12675,en
525,nl
2408,af
16693,pt
12437,fr
13639,pt
17019,fr
4491,pt
3852,en
9250,id
6290,tl
2690,tl
16535,id
15957,sv
11361,sv
13491,tl
171,nl
5396,es
5040,pt
8666,pt
16729,tr
4217,af
7539,fr
9030,nl
7559,pt
484,it
12723,es
13078,nl
4376,de
5497,fr
9124,nl
1579,af
2108,tr
4312,id
3364,es
348,en
5332,es
4334,it
12162,es
13758,nl
7820,nl
10786,nl
16029,tr
10776,tr
3280,de
1703,tr
5465,af
6902,it
14228,fr
14673,pt
11180,pt
14549,tl
17087,id
6968,sv
1941,af
12537,en
3031,tr
8857,es
13881,nl
4347,de
10164,fr
15456,nl
7662,tl
10256,id
3364,af
9153,nl
11546,af
9637,de
8916,en
1527,tr
12986,it
11186,id
4988,sv
13934,tl
9689,fr
790,tl
2168,de
6892,de
8366,pt
2208,fr
2512,sv
5221,es
3174,af
16907,it
2203,de
827,nl
5286,en
4023,it
8568,id
10940,nl
4654,en
8436,es
11920,en
969,en
6073,pt
8496,pt
12235,es
11427,es
6701,fr
3714,id
10999,en
13858,es
8042,es
15763,pt
17081,id
3323,de
15166,en
14437,pt
974,fr
2451,id
12511,af
19,pt
10019,sv
16506,pt
11470,af
6267,en
11664,es
11515,fr
16446,en
4355,it
10527,de
8302,pt
8084,sv
4692,tl
13044,tl
1960,id
13575,es
4689,tl
12383,id
11376,de
14599,pt
1760,nl
3695,af
1745,de
8824,tr
254,nl
2205,id
10214,tr
6747,tl
494,en
1710,tl
11903,af
5823,tl
7843,id
9912,af
11764,sv
15472,de
8414,it
14857,sv
11470,pt
2498,it
14545,fr
16050,de
13774,pt
6024,pt
10049,af
12468,it
2434,es
4244,de
10738,es
16038,en
1741,tl
5165,en
7528,it
3174,sv
13312,nl
428,sv
14071,fr
10346,fr
14763,tr
8300,fr
15200,it
11867,tr
1630,de
4240,sv
2679,af
6616,id
14440,fr
16373,de
5410,tr
2703,es
3298,de
3276,id
475,tr
4845,en
2578,fr
6815,tr
6744,id
13705,fr
5930,tr
6578,pt
4638,tl
5840,es
2414,pt
1249,tr
11999,fr
13372,id
369,en
2320,nl
3835,nl
1301,sv
4081,af
4347,en
13312,tl
13552,tr
10308,en
7955,it
14308,tr
7751,tl
11610,it
16038,tr
12536,sv
10323,es
13722,en
1454,de
17019,it
13064,fr
11773,tl
10471,en
1594,it
4217,en
5974,fr
14498,es
2638,af
969,tr
2824,es
5688,pt
13754,es
16907,de
4077,fr
3,en
15635,pt
1423,tl
6366,nl
3819,af
1777,it
5201,tl
2578,en
8148,sv
15946,fr
660,fr
3774,sv
1249,pt
3686,de
7477,sv
10770,tl
3030,de
1151,es
3554,pt
16749,pt
6515,tl
13506,tl
16501,it
7450,tr
5103,es
399,fr
9923,af
13044,sv
15802,sv
5974,pt
4236,sv
16772,id
10938,sv
6902,sv
612,tr
1093,nl
9323,af
1803,tr
13411,nl
393,de
8056,fr
6439,af
2035,pt
14585,it
12866,fr
16846,pt
8188,id
3306,af
9857,it
8426,it
8005,sv
1830,pt
9956,id
3474,nl
4212,es
13717,pt
15765,pt
920,tr
8939,fr
3993,tr
6023,tl
290,es
4362,tr
10462,sv
12264,es
10440,fr
5127,nl
16583,tl
15487,id
8004,en
4554,sv
2403,it
5333,it
5176,pt
5286,es
1589,af
10590,tl
185,it
2156,sv
15382,tr
15459,fr
15205,tr
13754,it
9812,de
4305,id
13934,en
2451,pt
6405,es
12020,tl
7262,fr
3539,pt
6195,de
1683,es
15652,en
15359,sv
10760,de
3037,it
13491,sv
14877,es
16280,it
7026,es
3481,sv
11189,tr
4086,id
7499,tr
3426,nl
1677,it
6902,tl
14317,de
11124,es
13799,tl
9601,nl
790,en
2198,es
7876,af
9194,tl
8290,nl
3401,es
11442,nl
4305,es
7557,de
5134,fr
17135,es
686,en
344,tl
2573,de
2094,af
4086,sv
10027,af
16075,tl
16075,sv
2638,tr
625,it
13124,tl
254,nl
10753,id
5176,id
14246,tl
9014,it
1156,tr
12835,sv
12256,af
17054,en
12606,it
6220,nl
15321,af
15789,id
15942,sv
12008,it
14268,de
13734,sv
14096,de
9053,tr
7777,nl
11328,fr
263,fr
3305,af
385,en
12263,en
4154,sv
4452,es
14355,pt
15765,it
3222,tr
15311,fr
8914,en
17115,af
3387,de
11812,es
10512,tl
13618,en
3184,pt
16273,it
10164,id
5671,it
6103,en
1489,en
5082,nl
5085,fr
16406,tl
2517,tl
3114,af
16719,nl
2573,es
15971,id
15229,fr
4266,tr
3101,en
3546,it
14138,es
3834,de
15109,tr
9795,pt
9924,it
13363,tr
540,es
5433,de
4516,es
216,de
14101,sv
3030,en
4831,it
12710,sv
16075,de
1372,tl
4953,af
9053,fr
6433,id
177,fr
13966,tl
1777,es
7278,es
1374,fr
5131,es
1774,de
16605,de
940,de
9394,de
4178,id
2890,es
3671,tr
6806,fr
11634,sv
10471,en
3124,tl
9617,tr
17087,nl
1872,it
9216,en
2724,es
7730,it
15305,it
14189,fr
15948,nl
7520,nl
11932,fr
9694,en
1589,pt
9632,af
5040,tr
12054,tl
12419,af
1318,it
9853,nl
8116,tr
11953,it
11633,fr
590,tr
46,de
15133,pt
14473,es
80,sv
10220,tl
4452,es
13881,id
14504,en
11259,af
9592,tr
12802,fr
344,af
1454,nl
17156,tr
8289,tr
15815,en
1256,af
9524,sv
8949,nl
17136,en
1120,tl
10366,tr
16519,tl
5051,de
2387,fr
5525,nl
13580,nl
14418,pt
11812,nl
12710,tl
13871,af
964,tl
13513,tr
14414,es
1830,tl
8882,de
2062,en
9155,nl
11600,af
14757,nl
11954,id
5176,id
16729,af
9364,it
12354,es
171,it
8430,tr
5544,en
585,tl
2679,it
7908,en
15186,id
5823,es
14071,en
2056,it
7889,nl
6331,pt
1217,fr
3507,pt
6405,en
9363,de
9225,tr
2777,tl
15318,nl
1458,de
16470,id
7971,sv
15942,de
14820,it
9924,de
2094,tl
7120,es
6819,de
5017,id
494,af
16103,fr
11825,nl
13102,es
9754,fr
9674,nl
14306,tr
14473,it
16010,tl
11133,es
1121,pt
10213,af
12963,en
7026,sv
10072,id
17090,pt
14597,sv
13451,fr
16467,fr
15708,sv
5339,pt
16519,it
12839,pt
10317,id
9592,pt
16693,fr
4554,tl
1962,tl
2573,sv
4081,en
14461,tr
2316,de
7185,es
10247,nl
13372,en
16163,nl
7189,sv
15402,it
7232,tl
14481,tl
5523,pt
10442,sv
12607,nl
13762,tr
1581,it
15345,tl
2334,nl
3228,es
10970,nl
10403,de
3406,en
10045,tl
9321,tr
7199,de
9406,fr
7073,en
11081,es
2338,nl
14648,tr
2870,nl
4412,pt
4881,id
3654,es
2007,pt
3167,id
11322,sv
14419,af
914,de
4667,id
9519,sv
14339,sv
6928,tr
4482,fr
9966,tr
9718,de
17148,nl
13359,pt
8888,tr
1692,sv
3096,pt
10472,tl
12710,tl
15359,sv
9689,de
2203,it
14658,de
13064,tl
10990,en
4710,af
3492,en
5279,pt
5497,af
576,de
5296,nl
14555,it
10302,tr
4271,fr
585,tr
11177,nl
14668,it
5614,pt
3694,pt
8388,de
8042,af
13516,en
5297,en
533,fr
14683,it
9885,nl
10494,de
296,en
13685,sv
5550,de
11026,id
13604,id
9358,it
11942,it
1156,de
6024,it
4955,fr
1635,id
1042,id
1924,id
8044,en
12419,de
7908,pt
1962,pt
4273,sv
9250,af
5697,fr
8276,tr
4917,tr
15828,de
17143,nl
3822,sv
11125,nl
3418,pt
10909,tr
8672,af
15796,tl
1547,pt
2336,tr
12511,it
9059,nl
6980,sv
12789,pt
4837,en
16168,tr
10090,tl
13604,sv
16178,tr
3021,tr
15933,tl
7039,tl
13222,nl
4813,tl
1640,id
8461,nl
14026,es
5074,es
14025,de
9155,de
4290,fr
5812,sv
11959,tl
11505,en
6701,it
13630,sv
8284,en
9019,tr
12813,en
3686,tr
16890,id
1427,pt
527,it
475,tr
6516,tr
16151,nl
12377,nl
11773,it
11340,es
15968,de
11296,id
7654,tr
4921,es
6732,fr
13706,tr
7113,pt
12689,it
3418,it
10339,tl
5635,de
12150,sv
1811,af
1301,sv
8975,sv
17095,de
1589,pt
2412,es
2311,tl
7467,af
884,en
1452,it
11075,it
7397,tl
5544,af
11467,tr
14272,sv
16438,es
11685,es
4121,it
10759,fr
15983,sv
11437,es
71,tr
15556,nl
7496,es
13580,tl
8079,af
10355,en
10753,es
407,en
9871,sv
2178,it
16375,de
10093,pt
2056,it
16974,en
1098,id
11349,pt
16158,af
3771,af
16496,en
14316,fr
1072,tr
12310,it
2311,sv
3834,tl
13400,pt
2780,en
12281,sv
3829,pt
5671,nl
13777,de
9895,it
5974,fr
15553,fr
366,af
2438,en
11536,en
6856,it
10027,en
4077,tr
7762,de
12310,sv
1249,it
16873,af
14917,it
11505,fr
4171,tl
3060,en
9669,it
12453,it
1622,en
7189,it
7278,es
4023,es
2400,pt
10097,af
660,pt
1913,tr
1205,af
11839,it
12409,de
3809,pt
15225,it
12685,tl
3562,tl
10206,sv
15399,af
6495,es
100,sv
5017,tr
4890,pt
2355,id
8791,es
8230,nl
6578,fr
5439,es
11174,es
4001,id
8,de
2868,sv
14817,id
4319,nl
399,es
7232,en
3785,tl
12835,id
7026,en
10078,pt
6568,sv
7891,tr
321,nl
4960,nl
10164,af
9793,tr
15554,id
7140,de
6764,tr
1352,es
3570,af
14658,tl
7606,nl
11368,en
9364,it
16384,tr
7978,en
15647,es
16430,fr
9116,en
8230,tr
6515,tr
10770,sv
8925,pt
348,de
15968,sv
10077,en
4088,es
2733,pt
6166,nl
1374,it
17015,it
5888,de
11628,en
13683,de
197,it
9269,fr
5671,nl
6013,tl
2995,id
2220,pt
3960,es
14509,tl
15186,fr
10981,pt
8674,pt
8084,es
10105,de
16131,nl
15010,fr
14490,en
6806,fr
2163,es
7820,fr
2870,tr
8653,it
5721,id
10792,es
61,id
9009,de
10197,nl
2206,fr
9986,tr
15399,it
13330,fr
14453,af
3101,it
4803,es
391,de
2773,nl
2566,id
8539,sv
484,id
5433,de
7890,en
197,es
263,fr
2146,tr
14074,id
2230,id
14228,fr
6127,en
9520,sv
14742,de
14646,es
4654,af
13372,fr
8694,tr
12844,pt
16693,nl
10472,id
411,it
1372,tr
2098,fr
4587,id
12446,it
6789,en
13744,de
11306,es
14323,nl
15736,fr
9263,en
15847,es
6701,fr
10335,nl
588,id
12961,sv
14973,en
10851,af
3193,pt
5557,nl
15693,pt
16938,af
16589,tr
7073,pt
590,fr
10579,pt
317,nl
7073,sv
9121,tr
6243,id
9637,it
15565,en
2271,sv
6074,sv
16622,tl
6072,id
7539,es
9384,sv
7660,sv
14308,de
9520,nl
680,nl
2840,tr
14011,pt
16384,it
997,de
14668,tl
10099,fr
10177,en
11678,af
10472,pt
9402,fr
15829,tl
14622,tr
15672,en
15127,es
5727,sv
5856,es
9591,en
4377,af
1191,tr
185,pt
1007,es
7563,af
7196,pt
11841,tl
9507,nl
16222,tr
4487,fr
1059,tl
15708,tl
10970,af
914,af
6039,fr
3700,it
4838,de
11453,tl
13694,sv
6562,it
6410,fr
8336,tl
12581,en
9187,tr
14169,en
9754,af
16430,pt
10080,it
15213,tl
15792,sv
13221,id
8672,id
7970,de
15592,es
12233,it
8126,de
4831,nl
3323,tr
15647,sv
6473,af
10049,pt
9964,pt
1352,es
3167,it
1458,de
102,sv
15560,en
17138,it
7955,es
10804,af
3364,tr
9043,sv
3002,sv
8853,sv
8289,af
9856,es
17136,fr
6652,af
16455,tr
7542,pt
15358,af
9964,tl
9924,de
6477,sv
2780,en
168,fr
5204,id
4319,tl
764,es
12932,fr
6417,de
3361,es
13741,sv
3671,pt
13318,es
12999,it
4614,id
4930,af
8667,id
6967,nl
4482,de
6402,sv
7751,de
6060,sv
13177,fr
782,tl
11954,af
15358,tr
4813,tl
2995,pt
8461,tl
11911,sv
7025,nl
6616,de
6515,tl
3101,tl
10770,sv
10898,pt
8302,id
2914,pt
2985,sv
8035,de
11904,it
7978,de
41,nl
14553,de
1784,en
6550,pt
9426,fr
10527,it
4955,es
6162,es
13346,es
15756,it
1127,fr
14653,sv
7955,tl
11905,id
8948,fr
4336,id
9980,fr
1217,it
3542,id
5568,nl
15756,nl
10579,tl
128,tr
4845,nl
3694,nl
8539,nl
14130,it
10996,nl
8056,id
4254,sv
16296,de
1158,it
10182,it
3741,en
6683,it
13984,af
15280,pt
10292,nl
14040,nl
6850,tr
15998,af
10216,tr
3378,tr
14620,fr
1377,tl
12264,id
16296,tr
3623,fr
4187,sv
10323,tr
3837,fr
12604,de
2030,en
2690,fr
1513,fr
5196,tr
4391,de
16061,fr
14605,es
5988,it
3886,it
13457,de
6448,nl
10381,tr
80,en
14544,de
89,de
13165,it
9408,de
7026,de
10171,en
12442,en
7680,es
4439,sv
11024,tr
6650,nl
13799,tl
13688,de
4854,nl
14115,sv
1377,af
2320,sv
8347,en
6331,en
4217,fr
10954,de
10731,fr
2355,nl
6850,pt
6806,id
15459,de
7953,fr
11502,it
150,id
258,sv
3513,tl
15829,tl
2264,af
12789,nl
15333,nl
2496,fr
16354,af
10804,pt
13616,de
11409,tr
4152,id
1014,nl
6980,en
974,af
12717,sv
3114,de
2472,af
16622,id
15708,af
9507,pt
14412,de
437,tl
122,sv
2684,fr
362,en
456,sv
13867,af
9095,af
6221,pt
16471,id
2551,nl
14599,sv
3103,nl
4116,af
1308,sv
2387,es
3039,af
10302,it
3834,nl
3039,pt
7258,de
4934,id
3586,tr
779,tl
9940,tr
10216,nl
2057,nl
7151,es
4247,sv
11665,de
6201,tr
14117,nl
399,en
527,sv
9114,af
1266,pt
8107,tl
944,tr
9507,fr
5525,fr
6282,af
1811,af
10846,es
14323,tl
16765,sv
2128,pt
8037,sv
15563,nl
11455,tr
3002,de
12054,fr
796,tr
16228,af
6059,it
2237,de
13221,sv
7100,nl
9138,pt
16002,id
11098,fr
5640,af
6241,pt
9594,es
85,id
14417,de
4496,id
826,tr
4212,de
14101,sv
651,id
1090,fr
6897,tr
12166,en
2690,it
13459,pt
13630,fr
10990,id
10099,id
6761,es
6403,en
4982,af
5917,it
9225,de
4992,de
15337,sv
4168,tl
10093,en
7314,de
14555,nl
10268,id
10804,tr
13881,fr
16851,it
804,nl
10940,tl
15348,tr
14564,en
16813,nl
9726,tl
3841,sv
8559,tr
13766,en
4854,it
5652,en
13855,de
2350,fr
2983,tl
11067,fr
9640,fr
7606,es
5027,tr
14608,pt
4638,en
4826,nl
15655,fr
2134,nl
7956,id
4173,af
7894,id
7449,it
4689,tr
7120,pt
2540,pt
560,pt
3812,af
2496,it
15056,fr
8056,fr
6500,fr
16225,tl
11340,de
10081,tr
16992,en
6517,tl
7711,id
4355,sv
15318,pt
8559,es
12908,nl
5837,pt
13115,tl
7025,id
13506,id
2527,pt
3694,af
8269,de
6177,sv
7295,pt
456,it
15213,en
14762,af
8001,tr
4659,de
3444,tr
5349,es
15706,pt
7100,nl
5149,fr
4248,it
6116,de
8204,es
13023,es
11133,tr
12608,tl
3590,pt
13494,tl
7189,en
1072,pt
334,fr
15777,es
8042,pt
1666,tr
15511,nl
16763,de
9976,nl
11286,nl
8261,tr
14457,fr
5292,id
10853,id
11257,de
10571,pt
15472,es
13521,es
9114,pt
11695,pt
686,tr
8651,nl
13513,it
10996,tr
6517,fr
3117,sv
15127,es
13487,nl
11476,en
1784,es
3883,pt
15274,es
9676,nl
7170,it
4428,en
4212,af
14530,id
5332,en
7916,tl
4090,pt
10286,nl
1205,de
1379,sv
6621,es
5333,de
16529,en
6289,pt
15676,fr
3819,en
16162,tr
7598,it
424,id
3723,nl
6134,id
7918,it
12381,nl
7778,af
15565,tr
9035,id
14367,de
16356,af
7499,sv
5758,af
1745,tr
10353,sv
10349,es
3841,tl
8150,fr
3276,en
512,en
1924,pt
14963,af
7087,pt
9980,af
9043,tl
1158,pt
13847,de
7542,sv
100,pt
9095,pt
6968,it
10816,fr
7583,it
14015,es
16593,id
122,tl
5229,id
3400,id
5347,fr
1071,tr
14355,it
16947,it
4132,de
8494,it
14601,de
8978,pt
16801,nl
5043,id
14549,id
5134,es
5590,pt
4482,es
2165,en
13636,pt
15094,sv
9760,fr
6227,de
10150,fr
15815,af
6015,en
891,tl
1336,tr
11029,it
14272,es
4780,id
16924,en
11987,sv
13457,en
3492,fr
4516,de
1360,tl
7219,de
15557,af
11303,tr
2258,it
8284,es
9707,tr
16955,sv
11636,fr
14981,nl
27,de
12392,af
7287,fr
4058,pt
1995,sv
3280,es
13175,tl
13222,tl
4125,en
14706,fr
1467,id
11166,pt
14025,id
197,pt
16275,pt
6248,id
329,pt
4712,nl
2026,nl
10824,sv
8985,tl
8985,tl
2721,de
11157,nl
297,af
14147,en
10667,pt
7916,en
11539,de
2733,en
6572,af
5919,tl
1513,pt
9361,tl
8388,en
13823,de
1449,id
13766,nl
3686,id
12430,tl
614,sv
3614,en
10772,tl
10286,sv
11959,id
6496,it
4017,sv
9923,en
10263,de
3031,es
2225,sv
14116,id
15231,tl
1511,tr
3674,id
6596,tl
2174,es
4921,es
7216,nl
6516,sv
6403,tr
16872,sv
6663,it
12689,af
3295,tl
13871,es
12402,id
3401,af
8043,id
2234,af
8541,de
16627,fr
1870,sv
189,de
6755,es
5158,sv
13297,de
189,es
3253,af
13689,sv
16385,nl
9155,en
7450,en
16296,id
6282,de
15765,it
13722,sv
10061,fr
15987,id
10319,tr
15942,af
16609,sv
8029,pt
5481,en
15413,es
292,sv
10090,nl
9303,fr
14465,it
11124,fr
10568,es
7565,tr
6761,pt
14549,it
16814,de
11368,pt
16648,de
6220,nl
5243,es
2447,fr
1065,it
4966,pt
4968,en
11353,af
13900,af
6506,id
6568,tl
17019,nl
10640,fr
50,es
9955,id
2263,pt
6997,nl
15556,sv
10302,sv
10645,sv
9955,pt
17136,nl
6227,id
12536,af
11376,fr
5157,fr
16791,id
6962,es
3539,tl
14508,pt
2373,en
13197,nl
16693,pt
11616,en
281,en
13774,pt
4933,tl
3595,nl
2801,fr
10494,tr
8345,fr
7690,sv
2678,sv
10430,pt
8388,en
10031,nl
13101,fr
11570,de
10366,es
9853,de
8939,nl
2387,id
17170,en
11778,af
14461,sv
14138,tr
13688,id
16032,af
14395,id
12235,af
12248,en
12844,pt
1804,sv
15839,id
13040,tl
16956,fr
14272,es
3513,tl
9519,es
2870,it
8343,es
8474,en
1516,pt
4240,it
12866,tl
2960,id
13982,pt
4346,tl
13383,en
5966,de
16375,de
14000,af
11827,en
11862,en
4953,es
2350,tl
14919,it
2056,id
10636,en
7922,es
2770,tl
4659,tl
13083,fr
10858,fr
7524,de
9964,tr
1808,de
10171,af
1249,pt
14762,af
10738,id
1549,fr
5279,tl
15358,en
5410,af
11339,it
13407,it
12161,es
333,sv
16120,fr
8769,id
7294,nl
7556,tl
102,sv
6496,af
9061,tl
15998,es
2334,tl
6516,it
1238,af
7953,nl
5296,sv
10285,en
5727,fr
1683,tr
8585,es
12689,tr
12532,it
15880,tl
1579,nl
4653,id
14620,sv
6101,it
1043,tl
13506,id
14044,id
738,it
16354,sv
5297,it
10339,af
9554,tr
1658,pt
7539,tr
6024,pt
11677,de
4253,tl
1238,es
13166,es
16273,en
7449,en
1247,sv
6495,es
5040,es
15487,nl
3513,af
201,de
9107,de
4224,it
7026,id
14601,nl
5156,it
7140,tr
11860,af
11279,es
12813,es
3212,en
3329,tl
15556,nl
11384,id
3098,fr
15587,af
944,en
15731,de
13494,es
2225,af
10640,tr
16005,en
11858,it
10016,en
4273,en
6403,id
11999,tl
16384,fr
11705,tl
8791,fr
15968,pt
11751,es
11267,en
13252,it
11453,af
379,it
9009,pt
10247,en
2351,es
12469,it
8791,af
11418,tr
8043,af
3434,tr
9795,af
348,fr
5204,fr
11844,af
2057,en
15467,tr
14926,de
5952,it
13346,en
16151,en
4848,en
11525,de
2917,es
939,id
3207,en
11140,sv
15598,sv
16401,tr
10268,tr
263,tr
6473,de
2264,fr
8494,tl
11633,nl
11180,nl
11483,es
3841,de
5930,id
3435,fr
2447,tr
576,id
6572,nl
4412,sv
3103,tl
16410,it
10501,it
5797,nl
16399,en
14368,de
3193,it
1093,it
11261,id
9912,tr
3859,en
14239,sv
2434,id
8204,en
12291,id
317,id
4921,fr
1377,it
5953,fr
15708,es
8525,id
4845,fr
11942,en
11270,fr
8140,en
7889,de
4838,es
12986,id
6041,nl
355,sv
9202,af
4375,sv
5414,de
13175,id
11536,af
8033,id
4567,af
10164,nl
9361,nl
7843,tl
3349,pt
3460,es
9237,id
8206,fr
12789,af
5988,sv
16048,pt
3128,nl
9961,fr
11871,it
2403,en
14648,en
13411,fr
3582,pt
2093,it
4244,af
11331,it
9844,it
7461,de
5501,id
333,tl
14083,af
9317,tr
14355,en
14348,en
9204,sv
12437,pt
6819,nl
10451,nl
14179,it
5497,af
14406,af
14995,it
4659,de
13847,pt
16103,de
12818,nl
14530,pt
9110,tl
8280,tl
3214,sv
12675,tr
11458,sv
2545,tr
16010,it
11418,id
6352,it
6027,pt
7087,en
9545,en
7980,id
3321,fr
7606,pt
8667,it
7919,fr
15732,es
1940,id
174,id
3819,en
12329,fr
4090,en
2288,id
15298,nl
4183,de
12070,sv
3936,fr
4116,tl
10808,tl
9358,sv
13934,fr
3021,id
6936,pt
4248,tr
9138,id
3426,de
11514,pt
1546,af
14150,it
10776,en
3460,tr
11942,es
3717,sv
6382,es
3280,tr
9619,de
4048,pt
14933,de
2438,nl
8769,tr
7666,es
11331,pt
6446,tr
6376,tl
6562,fr
14555,it
15747,nl
10858,pt
9116,de
11932,id
2098,it
7503,de
12710,fr
14378,de
8,tr
5550,it
13604,es
10982,tl
13460,id
3364,it
5529,es
9212,af
10016,tr
11515,es
16399,it
11164,id
5523,fr
6015,tl
7004,tl
13888,it
7463,tl
1148,sv
1832,sv
3323,tr
13178,it
6503,es
2908,nl
3337,it
10080,id
11437,tl
3834,id
7087,tr
16221,nl
15409,tl
124,nl
16914,id
10565,fr
10538,en
3387,tl
5330,es
7975,de
11525,fr
14599,it
2263,en
3489,es
9352,id
8867,en
14763,fr
299,nl
8579,de
4921,sv
6376,nl
2724,de
5301,af
1042,pt
4272,id
10077,pt
10608,sv
3212,tl
9103,fr
6083,it
15948,pt
5955,pt
3761,en
10430,af
16713,pt
6964,fr
12213,fr
1404,nl
12548,sv
16296,de
1156,tr
10827,tr
2801,tr
14817,nl
5221,es
4477,tr
12004,tl
3020,af
15686,nl
10335,id
9062,it
6370,af
16916,fr
11773,en
8782,fr
6815,sv
11409,tr
11361,tr
4874,tr
1692,tr
3098,es
4439,id
2917,tl
1589,it
4960,es
16353,sv
10513,tl
13636,sv
7199,pt
9114,af
12835,sv
7565,nl
6755,nl
14330,nl
6372,tr
16271,af
1238,pt
12248,nl
2770,id
5043,sv
1756,pt
891,tr
13983,af
15454,nl
10527,sv
5278,id
16780,nl
3907,tr
6764,id
10260,tr
15213,tr
15845,id
13359,nl
1061,tl
14539,it
5328,it
13867,sv
17113,it
15676,sv
9565,pt
6243,tr
680,de
16559,id
12430,sv
920,en
441,tl
12908,nl
1913,tr
10887,fr
71,it
5627,tl
14001,tl
9438,af
10970,fr
9923,sv
16356,tr
13761,de
6177,pt
7557,tr
16930,tr
89,tl
15765,sv
12963,de
7209,id
13984,sv
317,id
1962,af
16376,sv
6713,nl
2082,id
14118,de
2605,tr
12987,af
6722,de
9124,es
411,id
1048,tr
6213,nl
14461,nl
14705,pt
884,de
4973,nl
5611,tr
10164,tl
14015,af
13175,af
3542,tr
8474,tr
1579,it
6229,sv
4702,id
14544,fr
12251,it
2207,tr
10182,id
9519,de
1630,fr
12159,pt
12264,pt
5198,id
11767,sv
13016,de
8990,id
4249,en
2540,tr
3993,tl
11418,af
9720,tl
14101,id
14130,sv
16361,nl
1589,id
1872,tl
13122,sv
7847,es
10853,tr
2334,tr
1252,en
10718,fr
10640,nl
8516,fr
10709,es
16049,tr
3433,nl
9225,af
2085,nl
1252,es
399,af
12473,pt
15032,af
12851,sv
1428,nl
8230,en
5301,fr
8867,sv
2225,id
3742,tl
16593,it
5074,af
6055,fr
16799,af
11124,id
16886,tl
870,af
14746,tl
3193,sv
7292,id
10636,tr
14150,tl
6201,es
13069,it
10119,nl
16603,en
10696,tr
15756,pt
13312,sv
9726,tl
8912,en
10132,id
9896,es
1360,sv
8390,sv
11474,fr
2255,tr
11215,tl
10527,pt
6304,id
2322,en
4601,pt
15345,tr
2365,pt
2108,tl
3193,en
10568,tl
1371,sv
5085,tr
13547,de
7151,sv
9718,de
9726,nl
3486,tr
16987,en
3021,fr
10731,it
9754,fr
8165,en
10936,id
1549,tr
12856,id
15532,fr
6836,pt
9815,tl
1252,af
7293,es
12235,id
4313,es
16399,en
15731,fr
15707,es
1108,id
13150,es
4955,pt
6093,id
12383,es
1400,tr
16163,it
7291,tl
612,af
14419,pt
7843,pt
2316,af
3912,fr
8642,sv
12536,en
5721,nl
16166,en
14142,af
964,fr
286,es
5683,de
9524,en
11505,it
8525,nl
13853,af
5292,en
13186,pt
4024,id
4375,tl
9275,id
14925,af
631,en
4955,pt
443,id
8430,tr
5707,id
2566,tl
15345,sv
10433,tr
12127,tr
6195,pt
14690,pt
14382,nl
3566,en
5650,en
12553,it
8430,af
10093,sv
16859,en
8667,af
14857,tl
7774,es
12437,tr
14591,id
15693,es
12839,tl
11860,id
14026,es
8426,de
12381,de
11451,es
14342,it
2733,de
14994,tr
6060,en
3321,it
1144,sv
8769,af
6764,sv
5837,nl
10019,de
14453,es
10497,id
12436,en
15214,sv
13215,tr
448,sv
6596,it
15155,sv
7100,pt
494,nl
177,fr
6974,tr
5552,af
1692,af
2611,tl
6227,nl
14347,nl
884,sv
10100,nl
11915,en
843,en
411,pt
10442,nl
9632,af
14857,id
3566,af
3337,tr
15181,af
7199,it
6516,nl
16148,en
11442,fr
10166,it
9912,pt
3128,id
8294,af
11871,tl
13115,pt
13619,tl
2781,tl
6973,fr
6836,id
11681,de
939,es
4086,tl
10365,af
944,nl
2647,de
2007,it
16459,it
16263,it
2798,tr
2591,fr
9363,en
4776,id
10276,tr
2610,de
7660,af
10451,nl
10177,fr
3492,pt
11164,de
15075,id
6997,id
16766,nl
2868,sv
11204,it
16799,af
3605,nl
4171,nl
16413,en
12261,tl
826,de
13744,es
9554,de
11539,af
11438,es
12066,tl
16100,en
3683,de
15963,pt
9236,sv
5051,es
15946,fr
10527,nl
11867,es
13473,id
17043,en
12999,it
6973,nl
11026,af
540,tl
5103,id
13754,fr
931,af
14239,af
14315,es
7520,en
16672,fr
1401,id
997,id
5159,nl
1658,tr
13777,sv
7598,es
5082,tr
11470,nl
10712,en
16430,tl
3207,sv
11953,it
3624,es
9738,af
7808,de
16605,es
13982,sv
12873,it
4957,de
8640,it
185,it
7697,nl
12019,id
3894,tr
6101,en
3114,en
219,tl
11026,es
512,id
4186,sv
6059,es
4361,af
5286,it
8469,nl
16955,sv
15454,de
8126,en
12779,it
14928,id
12436,tr
3276,fr
9561,de
10755,es
10738,de
15560,pt
8967,af
1940,es
5579,af
290,id
2408,sv
11554,fr
4031,es
15598,tl
1202,nl
7851,nl
5958,sv
11563,sv
1653,tr
5243,sv
16052,en
16183,nl
5658,sv
9966,sv
11610,tl
13115,tr
9216,de
8280,it
14767,fr
9943,it
14272,tr
16273,it
6798,nl
15676,sv
1351,id
9358,de
10403,id
16733,pt
11250,es
4428,pt
12802,fr
3162,de
4934,nl
1710,af
6290,af
8442,en
4073,sv
1924,de
5396,id
14539,de
10565,sv
15467,sv
6643,es
1247,sv
14437,id
3606,id
3852,af
9110,id
7542,fr
10718,tr
13486,tr
17157,es
12073,tl
14884,it
5332,nl
11905,es
4524,nl
6290,pt
14418,tr
7295,es
7693,tr
7087,de
7741,nl
12961,af
8466,fr
14101,sv
9827,tl
6402,tr
6909,es
2753,it
8822,pt
8100,it
15457,fr
1794,tr
10756,id
11764,es
2026,tr
19,en
8520,fr
9053,es
9795,af
16535,pt
1715,es
11164,tr
16765,id
3080,it
15364,fr
10177,pt
951,nl
3884,fr
10338,nl
2386,en
250,tl
6798,af
9194,pt
1677,pt
2085,fr
16668,es
8732,de
16668,nl
1458,nl
4881,pt
8261,tr
10927,af
12824,de
4400,pt
12121,es
13685,sv
5997,fr
2703,de
11437,nl
7044,it
11261,it
12689,es
1072,de
6376,pt
9941,tl
3852,it
10579,id
635,fr
13734,es
7843,it
3532,sv
14074,pt
12869,fr
7000,sv
12367,en
1160,de
14505,fr
6289,tl
7726,nl
2168,es
2801,nl
14877,tl
14505,fr
7966,en
385,it
10753,en
16763,id
3714,it
8822,de
12289,sv
10960,pt
10197,en
8284,af
393,es
4305,id
8579,af
10427,nl
6074,pt
15670,pt
3204,es
7224,en
2781,fr
12261,es
11922,af
14859,tr
5579,fr
9380,en
348,nl
13740,fr
5488,es
16010,tr
11335,tr
5468,nl
4928,tr
13694,id
13907,pt
10286,tl
5683,af
1750,it
14040,tr
13907,af
15656,it
7380,de
14933,pt
441,it
10286,sv
10759,en
16354,fr
4662,en
16797,id
10759,es
2717,sv
12558,en
14761,sv
3330,tr
360,es
10399,nl
6936,nl
333,af
362,it
6836,fr
11267,it
11302,fr
9909,en
2336,en
5027,de
576,nl
13115,id
2615,en
11515,af
3486,nl
15249,pt
13966,tl
7189,id
15487,sv
660,en
16061,en
1115,it
1617,it
5027,de
6074,tl
3837,id
5988,tl
665,es
12607,nl
2773,fr
2354,af
7628,es
2093,tr
6195,de
2497,sv
16353,nl
16938,sv
8387,id
16648,en
14539,es
5721,sv
2985,it
15655,pt
16075,tl
16398,sv
14792,af
16201,pt
13984,tl
3911,pt
2113,fr
2134,en
1811,fr
6557,tl
2921,tl
10970,pt
16049,sv
3361,pt
10166,tr
10031,pt
11420,tr
9384,de
4921,id
13618,sv
11141,af
11459,tr
10792,id
14994,es
16506,sv
15444,fr
15456,tr
651,id
2965,id
6214,en
13908,id
12963,it
6433,fr
10053,nl
16376,fr
5661,tl
2704,nl
1093,it
13858,de
10276,de
17069,tl
10350,tl
14442,es
590,de
15706,tl
7496,sv
8241,it
2639,nl
7762,tl
4355,id
6785,id
13580,fr
7499,de
2890,es
10538,tl
6388,id
3507,fr
13172,en
8084,sv
3631,tr
11341,pt
12972,es
2610,it
13346,es
999,en
9897,en
13855,af
89,nl
4137,de
4362,id
10956,af
9394,es
16357,en
1760,tl
3809,fr
16145,sv
11770,tr
11916,sv
6992,sv
5085,pt
4031,de
1467,af
10038,tr
4290,af
8442,id
3030,es
10197,af
11744,de
1266,es
3124,id
10816,es
7563,tr
1635,af
7778,pt
2770,id
2588,en
5757,de
9952,fr
10709,id
15382,it
13761,es
1458,id
3118,es
16535,de
14304,de
9895,es
5043,en
608,af
344,pt
2160,af
15464,tr
9640,en
4917,af
8044,af
11582,id
13536,af
3489,pt
400,es
14170,en
6024,it
6034,tl
4119,nl
6722,tr
13252,sv
15311,de
2167,pt
3741,de
16535,pt
7908,af
16406,tr
12212,pt
15274,sv
16296,sv
17011,sv
2234,es
7902,it
16050,id
8856,fr
14706,it
4712,en
16275,fr
7955,id
16995,pt
15906,es
3492,tl
9651,tr
174,sv
2914,pt
3378,tr
3779,id
7970,nl
13896,de
12607,fr
10712,tr
14453,en
12066,tl
13407,pt
310,it
16749,id
1804,tl
8570,tl
10712,af
3779,de
15825,sv
13983,pt
15020,id
174,tr
11502,it
14382,pt
15508,de
15661,it
13984,nl
16318,pt
2283,en
7693,tr
3124,nl
11296,id
1294,tl
555,es
14243,id
7894,en
11140,pt
16890,nl
7039,de
9971,pt
738,sv
9694,af
8033,af
3447,nl
15413,af
171,it
4086,pt
11303,nl
399,af
10427,tr
16781,de
6652,id
7087,es
286,en
13491,it
9301,sv
10753,nl
2206,pt
5593,it
764,af
16630,pt
1474,de
8073,it
11529,en
15444,pt
14859,tl
8782,en
15399,id
2164,nl
6325,en
10645,en
16045,pt
13487,fr
297,tl
612,it
15185,pt
14763,de
6055,sv
4659,tl
17143,tr
15039,it
2965,nl
3522,tl
3822,af
9088,tl
4673,it
6670,pt
11954,en
16938,fr
11303,id
6533,af
6101,id
2711,pt
2824,en
11681,tl
15563,es
9353,af
14116,id
8670,de
6319,es
7209,tl
11418,tr
2016,id
16072,de
11871,id
8037,de
10444,es
3204,af
9976,es
7061,id
2578,es
3603,pt
14746,fr
3486,pt
1191,id
2207,es
10061,nl
3779,sv
9284,de
1148,tl
4968,tl
103,pt
7294,sv
5888,tl
171,nl
12162,es
15280,sv
13074,de
8525,fr
14130,tr
11270,de
14884,pt
15208,tr
13855,fr
10256,id
9364,tr
11172,it
10156,sv
3554,sv
15548,it
1425,fr
315,de
6918,de
1547,tl
16813,af
3298,nl
5410,en
14395,pt
10855,es
2795,fr
13867,fr
10406,pt
665,pt
14564,id
8925,tr
16938,tr
3091,es
12392,af
4084,sv
5820,pt
11858,pt
15880,fr
10621,af
4227,pt
13881,sv
2887,af
12150,es
11340,it
3253,pt
1658,tr
1256,en
5912,pt
9942,pt
5997,de
6503,id
15706,tr
564,id
13744,it
12972,sv
1176,en
17081,af
13705,id
13689,es
10827,it
3118,pt
7697,fr
15904,tr
6248,nl
15133,de
12789,id
9674,en
17054,es
15199,sv
8570,id
9149,it
14243,fr
7970,nl
4560,pt
7664,en
9269,sv
14763,en
1072,it
11168,fr
1653,es
13342,tl
1653,tl
14661,tr
6517,it
7258,fr
7209,af
412,sv
2263,af
10738,es
862,nl
12846,pt
13467,sv
5593,tl
13683,de
10288,pt
11612,pt
10667,tr
6710,pt
16427,es
428,id
4909,nl
41,tr
9857,de
10078,es
7946,fr
8347,en
1575,sv
6151,af
14449,fr
4336,tr
17069,it
16563,sv
10350,tr
8731,it
3750,en
14418,tr
10824,tl
6485,tl
5229,tl
5988,tr
15554,pt
47,tr
11483,nl
11189,fr
8182,de
16148,es
765,sv
12233,id
5160,sv
14481,nl
14033,it
1120,pt
1581,it
9767,de
1653,it
13683,en
4174,fr
3103,sv
2165,id
13074,fr
10027,fr
10023,es
4443,tr
14508,fr
11812,en
3993,pt
1655,fr
2320,nl
8461,sv
6301,it
6936,af
2775,es
5985,sv
13115,af
11861,nl
738,de
8001,af
9940,tr
4258,pt
6515,en
3835,it
11417,af
14794,it
6015,pt
2288,tl
11081,fr
6973,it
3178,tl
14912,tl
5917,tl
9323,pt
10812,pt
1547,nl
16376,en
16384,af
5410,it
5577,it
17144,sv
9851,tr
11204,sv
2774,sv
13083,nl
11539,id
13619,it
2708,pt
1666,pt
5009,es
738,it
12160,af
13215,it
15326,tl
16183,nl
6322,it
15828,tl
9718,it
486,sv
10848,en
16275,sv
14963,sv
13895,id
6074,sv
12264,tl
13370,en
7209,id
8765,tr
6112,de
9707,pt
1148,fr
11053,pt
9352,tl
1256,de
15911,tl
14967,it
6305,tr
10855,nl
6968,sv
10718,tr
9301,pt
7894,tl
14644,tr
625,es
6732,af
3870,id
15020,sv
10100,de
6789,nl
3481,it
9760,fr
2957,pt
11366,fr
730,en
3837,tl
16851,es
13780,af
7876,fr
7450,tl
13457,de
13934,tl
12442,pt
12343,af
15333,it
10125,tl
8029,en
2085,de
5593,tl
362,nl
5678,en
14465,id
7916,it
16698,tl
5820,de
14243,id
3031,en
16263,sv
12442,id
15032,tr
1796,tl
13863,es
14700,pt
6618,sv
10027,tl
11585,tr
897,tr
8968,es
5902,en
2639,tl
15847,tl
5488,af
6213,fr
6172,de
7262,tr
9291,it
14508,it
4492,de
751,it
1452,af
14223,fr
14190,it
14567,sv
9767,en
4177,en
15113,id
12354,es
5152,en
7232,en
14995,pt
12905,nl
4043,id
16701,tl
1108,fr
12413,pt
4154,en
5321,pt
804,it
11720,pt
9059,nl
9772,pt
1014,nl
16506,af
2309,sv
177,es
668,fr
14368,pt
11643,tl
10061,fr
10755,es
442,tl
17020,es
12150,tr
6304,tr
2166,tl
4334,es
6403,tr
2578,tr
16535,tr
5341,id
4334,pt
12329,it
8975,es
7918,sv
2560,nl
6785,it
13974,id
1622,de
1098,en
5577,nl
5204,tl
14884,af
15010,pt
14608,de
11296,tr
3779,tr
11453,de
6103,es
9689,it
7319,tr
10525,en
8129,es
11341,tr
14023,tl
3338,pt
8856,sv
7291,fr
11871,tr
9011,de
13761,en
6282,sv
13984,de
14317,it
2711,sv
16471,pt
14877,nl
9341,nl
6621,tr
2591,de
6720,en
15488,af
6506,af
11250,af
1217,en
5902,nl
2548,pt
12240,tr
2960,id
14615,tr
122,it
8958,it
5085,tr
14348,id
4845,es
6720,tl
1630,id
9009,de
1630,fr
7851,fr
6129,en
4244,fr
2355,it
16024,fr
5554,tl
14316,id
441,id
11349,af
14461,af
6014,nl
8302,tl
15557,nl
14545,nl
9043,es
13140,tr
12245,pt
12376,af
3474,pt
4084,sv
7316,fr
3829,af
1374,sv
1870,tr
14668,it
10608,tl
16955,id
10684,sv
13178,pt
13223,es
11455,nl
3434,nl
9969,id
13546,sv
6746,tl
2673,en
10256,nl
13165,sv
12532,en
3002,sv
9519,nl
4174,nl
10825,af
1962,de
14246,nl
1786,sv
14169,en
13896,es
6901,it
6178,fr
5365,fr
14339,af
5204,tr
4272,id
12526,tr
1640,sv
11706,sv
12213,nl
11470,de
5757,es
826,pt
14355,pt
12883,af
6542,id
7686,es
7117,nl
15289,it
3784,en
3723,en
16947,es
9137,es
6708,es
16987,af
189,pt
5732,fr
6789,fr
7181,tr
13346,tl
12294,en
1252,tr
13044,de
730,af
12986,nl
3138,fr
7257,nl
6382,en
1467,pt
13172,tl
12824,de
15032,pt
4486,it
5574,es
2639,tr
13181,en
6405,pt
15557,tr
827,tr
1176,tr
4851,sv
7046,id
12306,tr
13197,nl
13206,tr
8525,af
7026,en
168,af
4516,pt
362,fr
14859,it
2016,id
7730,en
4662,fr
6517,de
9827,sv
13078,fr
9542,es
8496,nl
9015,fr
6485,en
16162,af
3654,af
5127,id
8182,en
11467,sv
11322,fr
9851,id
15113,it
5270,nl
8165,fr
8948,it
348,id
6747,de
5201,fr
15508,fr
7892,af
1941,af
16419,id
4402,nl
6118,pt
2166,en
6746,tr
5406,pt
3762,tl
8461,pt
11636,tl
5614,tl
2960,fr
17005,id
9577,en
11458,de
10936,tl
8968,af
16652,tl
8888,tr
3228,de
9726,es
13298,tl
3034,es
1256,en
16266,it
15556,sv
11174,af
7556,tr
4973,pt
8453,nl
13404,id
16987,af
555,af
8079,pt
10687,it
1076,es
7980,es
6897,tr
14453,nl
13459,id
8741,en
7820,tl
6623,tl
6039,en
263,it
6533,tl
9284,it
16225,en
13467,id
13554,pt
16320,id
12526,tr
7461,tl
10805,nl
13491,pt
9678,en
9182,pt
3481,it
297,de
13459,fr
9524,es
12846,af
4048,it
2796,fr
13298,es
16075,tr
15789,sv
3228,nl
13102,sv
6248,pt
426,tl
8460,de
15731,tr
8165,it
16652,it
2960,de
11272,id
4767,es
13762,tr
5820,en
14601,id
17113,es
16989,es
9591,en
2296,fr
14356,it
3103,nl
10608,pt
9116,es
9358,sv
6034,id
9680,fr
11261,fr
6891,de
15610,nl
12073,af
7596,pt
8730,es
6304,es
6045,it
5396,sv
7654,sv
15670,fr
12430,af
1666,sv
12759,sv
11751,af
16729,es
11959,pt
10805,en
11427,en
9718,tr
1913,it
1870,tl
12452,id
8967,it
2927,nl
12289,fr
7666,de
5318,en
4968,de
9275,sv
10846,tr
6378,de
8882,de
14658,tr
2203,pt
8679,tr
9316,id
8387,af
15185,af
4567,tl
16361,es
10579,nl
5640,pt
2542,de
9471,pt
13552,pt
16098,fr
16888,af
7712,pt
11204,es
11328,id
16772,pt
1360,af
4189,fr
1982,es
158,sv
16419,en
1217,tl
16271,tr
16880,id
2796,nl
8129,fr
7751,tr
16814,es
2320,id
13966,nl
2201,nl
13298,nl
4361,es
427,pt
2684,pt
17136,de
15348,af
10288,sv
1750,fr
13069,es
15214,sv
12736,es
16276,en
7892,es
969,it
4544,af
7690,id
5433,it
16886,it
15275,tr
13547,fr
4606,nl
6533,sv
4312,fr
1123,id
2351,af
10696,id
15382,it
4248,tr
6503,es
2165,de
8290,af
16583,de
14762,en
27,de
11272,pt
11665,nl
3686,fr
2094,fr
11778,tr
9362,fr
14348,de
8967,es
11154,tl
16168,es
7531,it
1030,id
10107,en
14767,nl
7014,en
7891,sv
1533,pt
8466,es
12582,de
4953,tl
12252,en
16995,en
50,it
3915,tr
8635,sv
15857,it
10256,tr
11186,sv
15445,id
13688,it
7606,sv
9216,af
3008,en
8426,af
8598,tr
7295,es
4077,it
4130,fr
4268,es
6618,nl
12932,de
11257,de
3993,nl
13762,tr
10565,en
16890,it
10979,af
17143,fr
369,sv
1144,tl
4881,nl
11340,fr
14684,sv
7291,tl
12930,en
10731,tr
12182,en
3995,nl
15841,nl
14884,pt
10260,it
12366,id
782,nl
16168,it
5652,tl
16056,de
10674,id
2678,tr
1913,nl
15401,nl
9124,pt
6559,af
16266,tl
6074,pt
5365,es
14029,fr
738,en
2959,de
10038,nl
4017,af
15825,fr
12419,de
3980,fr
6433,tr
2283,id
13929,sv
14509,pt
8308,tl
12291,af
5160,es
11272,de
10455,it
15708,af
16777,fr
11911,nl
14147,pt
13400,nl
6994,sv
10538,fr
3539,nl
9630,af
11705,es
11459,nl
1063,es
10072,id
555,tr
3864,tl
13067,tl
1684,fr
8204,es
6378,tr
17042,pt
5627,pt
5600,sv
448,es
12289,en
4871,id
4137,nl
9250,nl
9640,es
16974,es
1796,en
12536,tl
8206,id
3204,sv
11339,tl
10525,de
6101,it
14117,pt
3775,tl
8037,af
8541,sv
174,en
3214,tr
6322,en
7314,af
6116,id
16777,de
11514,pt
1158,es
9015,es
2365,id
9471,tr
10224,sv
4966,tl
5650,sv
8140,id
8126,de
9738,sv
3326,fr
1646,de
3101,de
14481,fr
8730,tl
13166,de
14690,tr
3614,tl
12212,es
6322,af
14315,id
1108,fr
1014,pt
2796,en
11570,de
11438,pt
475,it
14958,fr
1264,tr
13854,af
14646,tr
4013,it
6962,id
1423,id
12329,nl
12813,sv
9284,es
1831,tr
13717,sv
11303,tl
7449,sv
3762,id
4487,af
1745,nl
7026,de
14509,de
9619,sv
15656,fr
3516,de
3091,de
9885,fr
486,tl
11085,nl
12189,id
2128,af
3030,sv
16880,af
10828,en
11349,tr
8004,en
17054,sv
12293,nl
14316,en
1760,tl
3554,tr
5009,af
12343,af
10848,en
15488,pt
1622,it
12254,sv
15399,tr
14418,fr
8280,pt
16399,en
13150,de
13690,tl
5952,es
15686,id
5433,nl
1607,de
14356,tl
12607,af
7549,fr
10940,de
6181,it
13774,pt
10936,af
15448,es
14330,nl
15459,id
3321,nl
11270,fr
11409,nl
2497,en
11067,nl
14001,en
1007,nl
15010,id
6959,it
4982,tl
333,de
8460,fr
4845,tr
7778,sv
9062,sv
5339,tr
12817,af
13467,af
6650,pt
8085,pt
11257,tl
11536,de
16766,fr
12008,pt
2770,pt
2168,tl
13154,tr
12376,sv
7559,nl
2201,sv
5332,id
6181,tr
3603,tl
9881,tr
1533,es
13690,id
5270,pt
864,it
27,nl
17015,en
7524,af
8206,de
15249,sv
13929,af
13524,tl
6485,fr
9909,en
11582,tr
185,de
6093,en
14505,id
9592,de
14444,en
997,es
10503,fr
15109,sv
13548,sv
4968,sv
16010,sv
14684,id
15304,af
6473,es
9678,tl
9680,id
9305,tr
16010,id
10898,tl
1076,pt
4896,es
8635,fr
6937,it
484,af
4024,en
16103,nl
4837,es
10999,en
9364,sv
16801,it
5014,tl
102,es
4953,de
1513,en
14316,id
4439,es
12162,en
2350,tl
7152,tl
3021,fr
5261,tl
171,en
7726,it
5488,af
12343,en
12869,de
8182,nl
3264,es
6015,es
10940,fr
10346,nl
6964,nl
6034,en
9053,af
6836,fr
16245,fr
9137,es
781,af
1549,es
16096,es
14742,es
15127,id
9138,sv
2639,en
8037,pt
13124,tr
7161,es
9707,en
14904,pt
10673,id
12213,sv
103,fr
13486,pt
250,fr
2412,es
11585,af
379,de
17142,de
13255,en
1063,af
3725,en
11915,it
2957,sv
13064,af
494,es
10990,es
4145,sv
7863,af
15857,it
10812,id
9855,tl
4189,id
16712,tr
7777,fr
3492,nl
16353,id
15792,fr
702,it
5085,en
11125,tr
10757,tl
11270,nl
407,id
16506,de
16814,af
11460,fr
7258,nl
2168,id
861,af
8280,pt
13221,it
4554,af
6172,sv
1542,tr
11650,af
9030,nl
11764,tr
3829,sv
4547,de
4951,en
10843,de
426,id
11825,tl
1371,af
10608,sv
5524,de
13847,nl
6515,es
17123,tr
12824,es
15647,nl
12256,tl
4299,af
8762,fr
16375,af
837,it
3413,tr
7025,en
5324,tl
16947,en
6366,id
7820,pt
2178,id
7820,de
13744,tl
16765,tl
14253,pt
9976,en
102,af
168,nl
3418,nl
6594,af
16354,id
9137,nl
14063,tr
11075,nl
936,de
15880,es
9204,nl
12851,pt
11186,es
11959,en
2527,tl
4168,tl
11331,tr
1489,de
7025,nl
4659,tl
3774,es
14348,tl
5722,it
5525,pt
16248,nl
5332,en
14597,id
3623,pt
14792,es
9054,pt
1593,en
5358,de
2322,es
12759,tr
15789,fr
7946,fr
15987,fr
443,tr
8992,id
15094,tl
4152,it
14644,af
9617,tr
5691,pt
4461,fr
8358,tl
14792,en
11916,es
12797,pt
1144,es
15732,fr
1124,sv
15651,it
8670,fr
6243,id
11174,nl
6594,nl
11265,tl
15561,tl
10268,nl
2798,es
8990,tl
10333,it
8058,id
4361,it
15337,fr
11154,af
286,tl
8906,it
4254,en
10525,nl
8,nl
9969,fr
11157,tl
4516,af
4017,nl
9942,nl
11911,pt
8853,id
6431,fr
8535,de
764,it
764,tr
6594,pt
6958,id
15587,tr
12073,pt
4266,de
5568,es
16357,id
15557,it
12802,af
11825,it
712,fr
10426,nl
3349,tr
6118,af
2517,af
16010,id
85,sv
14418,tr
13404,en
12873,nl
3460,es
16603,nl
10426,de
10455,en
2560,af
9193,it
12166,fr
10792,fr
4224,tr
1646,pt
12873,sv
1076,it
10027,nl
508,it
7057,de
5245,nl
362,es
9362,es
7161,fr
2496,tl
11733,it
333,es
14033,sv
4638,de
3623,af
7993,it
2673,tl
2985,af
2651,es
12999,af
3161,nl
7863,en
10753,nl
11767,es
1483,es
13459,fr
11459,it
3116,tl
8857,tl
967,id
9909,en
14246,es
8230,af
5640,tl
11345,af
1808,es
5577,es
6683,fr
7843,de
9986,af
4837,id
8516,id
9878,af
14925,nl
3008,en
13439,tl
16032,af
5243,de
13178,af
321,it
13796,nl
16471,nl
11570,de
5198,nl
6174,nl
6268,id
7111,de
6288,de
15647,de
5574,af
6060,sv
5006,tl
4136,sv
9124,it
1440,af
15213,af
1160,id
5531,id
17123,es
3784,tr
13796,it
4544,tr
7820,fr
13486,af
14147,sv
6405,tr
132,it
3080,en
7152,en
6129,af
11744,it
11341,es
15880,es
7216,en
10433,af
2704,pt
4998,fr
13706,tr
1063,es
4928,de
15298,de
1483,tr
6424,en
16955,es
10038,tl
4776,it
10756,tr
2156,es
7161,nl
680,es
3031,es
8828,es
8116,af
15862,sv
15651,nl
9155,es
1047,tr
11947,tr
5590,pt
8694,de
15454,pt
11700,sv
7817,af
14891,tr
1440,nl
16975,it
8653,fr
400,pt
13340,fr
2983,it
11335,es
4309,tr
16907,tl
3213,id
4376,fr
8774,id
12453,pt
4227,sv
6806,id
7189,it
254,sv
8188,nl
16799,en
8358,id
8345,tr
8125,fr
7496,de
15857,af
16713,en
9275,id
5568,es
13178,sv
11442,pt
7531,de
13221,tr
16276,de
4283,id
4780,id
7199,id
170,nl
4290,de
12161,af
1030,tl
15802,sv
2220,pt
2717,sv
14794,sv
767,nl
3434,sv
14253,de
16710,tl
12020,af
10577,id
11345,tl
6732,id
4544,sv
13312,tr
16730,nl
3167,it
14601,pt
7044,it
16559,pt
1830,fr
5279,sv
3522,pt
5619,es
4334,af
4887,es
13639,sv
4851,de
5615,pt
5413,fr
9746,id
6819,id
2174,es
13043,pt
3031,es
13016,sv
4026,tl
6533,tr
4461,de
10076,af
14001,af
10350,sv
11969,tr
17098,tl
7567,it
16995,sv
6411,pt
4217,fr
9194,de
12293,fr
12182,en
1428,sv
10355,es
15318,en
13487,it
13359,tr
11839,fr
765,en
16166,nl
16523,de
1622,nl
13895,id
13516,tr
3543,sv
13400,pt
4290,fr
2717,tr
5085,en
16354,es
12548,it
15841,it
14648,id
12004,pt
8781,nl
13796,nl
7004,de
1247,nl
6301,de
16401,fr
5221,fr
6027,sv
4283,tl
14592,en
16630,fr
4247,pt
7774,id
12932,de
4798,af
6431,en
12874,pt
15950,id
16470,af
7141,tr
11744,tl
7891,de
7266,tl
10430,fr
7664,tl
10302,tl
3859,es
412,sv
486,pt
2205,fr
3080,pt
15197,af
5128,fr
6214,it
10349,af
4838,fr
7870,de
14884,nl
4854,sv
15809,fr
5524,sv
11490,fr
9772,de
4982,de
9524,pt
5328,tr
296,sv
7556,pt
7289,pt
2708,nl
7556,fr
14958,nl
4383,fr
5837,es
2062,sv
4174,nl
14889,es
13744,de
8029,de
3460,af
6073,de
4589,pt
16523,pt
16924,tl
16693,sv
8949,en
8949,es
7927,af
4680,sv
10636,de
15094,pt
16717,nl
10534,en
31,en
3098,de
8294,it
5529,it
7565,id
4689,sv
6431,sv
16032,fr
13069,it
169,es
8822,pt
10048,sv
5888,fr
15488,id
0,it
13900,af
8635,sv
13407,it
9284,de
3323,nl
11215,tl
1872,tr
426,pt
15839,de
843,sv
13689,en
1807,en
11098,af
12160,af
6801,sv
11678,tl
13513,sv
14762,es
14820,es
16178,nl
15862,nl
944,sv
12817,tr
7161,it
11969,it
10132,es
6371,en
4178,sv
5985,tl
16145,sv
1933,tr
8741,tr
9856,fr
13099,it
4336,en
5524,af
89,af
1371,tr
2927,tl
8730,tr
2160,it
14304,af
10805,tl
5952,id
7778,sv
5912,pt
322,tr
14457,es
7549,nl
3513,tl
14592,en
14817,fr
11644,it
8977,de
9035,es
5590,tr
2387,tr
10493,de
322,tl
15321,nl
506,pt
2795,fr
12468,nl
9554,id
12537,tl
1940,en
16956,de
10268,tr
10076,tl
9316,pt
8559,tr
13548,fr
8004,nl
9009,de
5433,id
4084,id
132,id
6798,es
7014,pt
4312,en
16730,af
9149,es
13348,es
8469,tl
10846,fr
5671,en
10684,sv
14857,id
8005,tl
9110,nl
12240,es
17113,pt
9353,en
15994,pt
12066,fr
5813,fr
16813,tl
651,af
15205,es
3734,fr
4887,pt
9851,en
2898,fr
15942,af
9327,af
4104,en
17051,es
506,nl
15133,nl
11467,it
9768,en
9088,fr
6909,tr
6928,pt
5958,pt
3717,af
16221,id
1127,it
14967,tl
15777,tl
63,tl
10755,en
14504,en
13186,tl
5341,id
9875,pt
15656,tl
7690,en
8260,af
9520,sv
8868,id
6366,nl
2690,it
5525,fr
16880,fr
4040,nl
1677,fr
13607,tr
11340,tr
3175,es
1575,af
804,fr
9197,it
5531,nl
3444,tl
7168,en
12873,de
13567,en
17081,de
9619,af
7293,sv
10442,sv
7477,tr
16225,pt
3213,en
12256,en
8251,id
16930,tr
4831,id
3146,tl
8570,it
2610,af
2859,it
4249,it
10513,it
16048,sv
296,en
12436,id
8925,de
8079,id
5688,sv
8322,nl
8289,sv
1428,af
286,af
15933,nl
322,id
10076,tl
63,de
16766,pt
16859,en
16273,id
6013,id
2703,nl
10365,it
726,tr
6370,sv
13685,fr
7152,es
11166,en
3174,sv
8035,af
9562,de
16938,es
4152,de
12189,tr
2264,sv
8960,sv
13619,tl
6615,id
8774,tr
15445,de
7741,id
5014,nl
5917,sv
6433,sv
8343,tr
17108,tr
8289,tl
4299,id
512,es
9924,de
16711,af
5261,nl
4232,it
5577,tl
7836,es
7291,es
7916,pt
870,af
9601,nl
15792,tl
15185,id
3320,es
13926,tl
6946,sv
8846,es
790,tr
1715,it
11969,it
3674,fr
9632,es
12623,es
12354,nl
1449,it
6248,tr
10440,de
197,de
355,it
13044,sv
15409,tr
14926,de
16410,tr
8206,pt
9674,nl
13607,af
10655,it
15847,tr
15039,en
13738,tl
10105,de
14817,tl
10321,en
15457,en
12999,es
15364,tl
10105,id
17090,pt
9554,es
5919,en
5396,it
9193,af
14770,en
14246,es
9305,sv
15700,nl
8245,es
8460,it
11029,de
220,af
15933,de
13064,tr
13907,fr
10981,pt
6268,id
6578,it
1784,de
11146,en
3741,nl
7778,en
8958,nl
6600,sv
8900,sv
8579,sv
13689,it
2651,id
10770,es
8126,af
2638,tl
14412,id
4024,nl
1160,es
8005,tr
3184,sv
3822,it
6072,en
14414,de
6937,de
5128,id
15971,es
3326,id
9358,pt
6801,de
2774,sv
13685,es
14648,es
13288,id
11914,it
12839,it
14449,id
8520,en
4166,tl
2798,tl
2985,tr
5127,id
764,af
9015,de
6290,sv
2309,it
15532,it
17142,af
4077,tl
11331,es
4258,es
10276,pt
9301,af
15231,fr
4247,de
13618,nl
6448,nl
8245,de
10224,it
6557,id
5152,sv
17069,nl
6331,en
9767,pt
1294,af
12824,pt
2527,tl
17043,es
1377,fr
16296,fr
9088,fr
15271,en
15208,af
9542,tl
8294,en
17123,it
16183,de
9568,sv
12838,nl
5165,tr
6446,pt
1594,af
7718,id
17043,it
3178,sv
15966,es
9676,es
6992,fr
540,nl
15946,nl
4554,af
14761,pt
5707,it
3623,nl
437,pt
3338,id
1833,fr
12376,tl
11796,af
15166,it
1483,fr
12469,id
2434,tr
8148,af
10045,af
6973,en
4058,id
10224,en
4452,af
8140,sv
1252,tl
15809,af
15635,sv
11157,af
3276,af
16781,es
614,fr
13858,id
5201,it
11932,it
13342,sv
15456,de
17111,pt
884,sv
5270,de
14444,id
1630,fr
16170,pt
9918,tl
11505,en
5296,tr
5176,pt
10105,af
4266,de
9768,nl
7693,en
13135,pt
1786,de
15966,tl
16519,pt
631,nl
13166,id
14770,af
1428,fr
12392,fr
9263,id
13140,tl
7111,af
16591,sv
13823,sv
4183,nl
12051,es
16642,en
2975,sv
2108,it
5128,af
13847,pt
7662,sv
14283,sv
9952,tl
128,it
1719,pt
8781,pt
4290,nl
13734,de
12874,id
590,en
8110,sv
15249,id
3595,en
8436,en
7061,id
13407,sv
3600,af
4224,sv
16427,tl
8410,de
13966,fr
13043,de
3002,de
1542,tr
7686,de
7730,tr
16733,tr
5550,es
15487,it
2903,id
16245,it
3253,pt
4784,id
17143,es
5160,de
16874,sv
14,tl
6515,en
1607,tr
9175,pt
10503,es
13774,sv
13359,sv
8672,pt
3204,it
15311,en
15513,it
11172,de
13575,fr
1639,en
10853,tl
16271,af
5615,af
8846,tr
9107,id
12618,en
3516,es
319,nl
9857,es
12104,es
16082,sv
13023,tl
4319,it
13552,pt
100,id
5570,en
4826,id
6039,nl
3835,it
12581,en
12166,id
11782,de
46,id
3444,nl
13853,id
6918,it
13197,nl
8825,sv
13467,it
4560,it
10936,id
5593,tl
15137,en
10226,es
1483,es
5339,de
13283,de
8284,it
8667,id
8579,tr
16983,nl
15298,af
10927,sv
14246,tr
14378,nl
8119,nl
11706,af
11453,de
4436,fr
8857,it
1537,de
13467,de
7194,en
1594,en
5006,tr
13762,de
15849,pt
6159,fr
6069,sv
12430,it
4671,en
11778,it
9305,tr
5557,it
8165,it
13040,tr
10970,pt
14822,de
12883,sv
12961,id
11259,id
16666,es
9107,en
5688,tl
4001,it
9844,sv
1372,it
4618,de
1090,tr
13035,pt
8056,tl
8230,id
11867,en
843,pt
16892,de
12851,it
10132,nl
13888,nl
8672,tr
9718,sv
11409,af
13871,tr
14229,sv
5652,fr
1683,sv
14465,sv
15963,pt
5427,tl
3306,it
614,en
951,nl
16627,af
1061,nl
6060,es
11705,af
16406,sv
5128,it
5406,id
3702,af
14505,de
4073,af
5911,en
3550,af
2594,it
9691,fr
12306,de
4361,sv
5229,it
14011,en
9594,de
2545,fr
6623,en
4376,fr
14228,pt
10125,nl
14690,de
4013,de
4254,es
12511,es
4155,tl
9326,tr
7194,it
7209,id
8681,de
12723,fr
17113,de
16375,de
16446,nl
9059,tl
4896,pt
8390,pt
16266,af
16222,fr
9043,fr
4928,pt
11825,nl
6214,tl
10855,en
3723,it
8474,tr
14229,it
8904,id
10678,en
13177,nl
3264,id
5661,nl
9768,en
9956,fr
1205,fr
790,id
451,it
11905,id
15231,id
2164,es
3543,de
13391,en
16563,tr
1252,de
1866,id
9629,pt
11075,de
1048,fr
5823,id
3146,id
6761,it
3532,nl
11204,tr
1063,nl
7876,it
12008,it
712,tl
11353,nl
10898,af
151,af
4848,id
16438,af
4614,de
12392,tl
4882,sv
4290,de
1617,it
16713,pt
11458,en
15809,en
10166,nl
4710,sv
6424,tl
13896,sv
3886,af
14683,tl
11751,sv
5671,en
11782,sv
9885,it
2775,it
1904,en
16222,af
17054,fr
3222,sv
15971,tr
4125,it
15138,fr
16754,fr
6621,pt
16873,de
11770,es
14705,es
14599,it
16183,tr
6294,sv
16974,de
13044,de
8029,af
13738,it
3407,de
13895,en
9095,de
15825,tl
7073,id
5017,sv
2615,fr
12233,af
3091,af
783,nl
15618,de
10156,es
6293,nl
2373,pt
6229,it
7598,it
14661,es
10105,tl
1666,es
15592,es
940,pt
16075,fr
13074,tr
16529,id
1995,en
6615,af
6304,it
14126,de
1048,es
5026,sv
15199,it
6194,tl
14757,id
17157,en
4913,pt
9524,pt
13619,en
2160,fr
8767,id
10846,de
3011,en
9053,id
680,en
1042,en
7151,de
10497,tr
8667,sv
5245,en
1741,id
7664,sv
10217,de
6819,en
6201,sv
15948,tl
7741,tr
738,tl
9875,pt
1653,id
2890,tl
10563,de
9793,af
2160,it
1372,es
4580,it
1874,fr
5062,id
5611,af
6370,en
6439,en
17147,es
5856,en
9380,tl
473,sv
12722,fr
16052,sv
16846,it
2975,fr
1264,nl
5707,de
10119,sv
6034,tr
13150,pt
15693,en
16377,id
5958,tl
3330,de
5840,fr
8004,id
7680,id
3474,af
5997,en
11539,nl
10090,en
9384,es
11366,it
14555,fr
8322,de
6964,pt
6405,fr
11628,sv
1440,it
1301,de
2350,sv
1554,pt
884,id
5955,af
15056,sv
1807,af
2208,pt
5579,nl
7613,fr
12961,es
10285,es
4882,fr
11502,it
7690,tl
16072,tl
1715,it
16938,tr
14412,en
13298,tr
6177,it
11174,de
2812,it
2056,nl
9732,id
11875,it
12066,nl
13283,af
6801,fr
12722,it
712,id
7355,it
2615,id
625,de
6331,id
4309,pt
3532,nl
8670,de
13780,tr
14817,tl
6785,tl
6385,de
13370,tr
11490,sv
1247,pt
6072,id
6127,pt
14382,tl
12930,tr
1400,en
11633,es
5009,en
12707,it
14190,it
15276,nl
5261,tl
15181,it
1658,tr
3683,en
7014,nl
10321,pt
6410,tl
506,pt
4442,af
5886,es
13516,sv
9457,sv
13404,id
16282,fr
14877,tl
3441,af
14683,af
9153,af
344,it
16317,sv
2995,de
4336,it
781,sv
2960,en
13383,id
16987,de
8358,tl
3433,af
15789,en
11664,af
9301,sv
5871,it
16872,en
3532,fr
16713,sv
3725,tr
1428,tl
12413,tl
4048,nl
4283,sv
6034,tl
10213,es
5349,af
12759,de
10045,es
12869,it
11796,sv
10999,it
7170,nl
6288,de
15187,it
5579,pt
6621,id
16437,tl
6967,af
103,sv
5134,es
15467,id
5010,sv
10848,pt
564,sv
14412,af
15348,fr
16005,en
7224,de
16924,it
17020,it
6129,sv
4177,id
11133,af
132,de
6600,it
5328,fr
8084,sv
10895,tl
13044,tr
216,af
11825,es
12235,id
16613,sv
15409,id
10512,id
201,sv
14605,tl
16529,sv
13135,id
4058,nl
7528,af
11767,fr
14605,en
13166,es
8762,nl
2472,de
11706,de
1061,nl
9706,id
3936,it
16630,nl
16506,pt
2773,pt
8460,fr
14879,id
5488,en
15518,pt
16314,it
13900,id
6683,fr
16032,it
11154,es
10855,sv
7013,de
150,es
13625,nl
12308,id
4168,nl
14243,es
6241,id
1404,nl
15857,pt
16470,pt
16438,de
564,pt
15593,tr
832,fr
16353,sv
15732,de
12797,id
13215,sv
12261,tl
3568,fr
10588,sv
1360,sv
2198,af
10166,nl
47,nl
13966,de
13926,it
16758,en
5593,af
612,af
2709,fr
5820,id
12245,en
4776,af
1440,tr
16419,it
14928,es
6643,en
3401,af
1042,pt
132,tr
2780,en
4224,af
14449,id
16872,fr
5261,fr
17115,fr
15229,tl
8387,pt
6093,pt
5497,it
7876,af
2605,af
2062,tr
6865,pt
12377,af
11349,nl
9182,pt
12469,fr
6366,tl
6027,sv
12452,en
16317,fr
9362,fr
9460,nl
12724,af
9923,fr
15618,pt
6083,fr
5037,sv
9941,en
13983,tr
13683,en
10696,sv
14933,it
8553,de
6290,it
5812,nl
8857,tr
5797,en
9976,tl
3980,af
12409,pt
9341,en
9640,de
3603,af
50,es
3161,tr
4040,pt
14126,af
3771,de
1796,pt
8904,pt
11858,af
216,nl
12693,es
3507,sv
3253,fr
4376,tr
13997,it
2497,af
3167,it
15950,es
10982,pt
10107,sv
11075,tl
665,tr
3205,en
8276,es
4813,en
15124,id
15133,es
15553,nl
14919,pt
12308,en
12972,en
2917,tr
8651,id
13869,fr
5615,it
4463,de
14190,nl
15693,sv
12582,tr
827,es
14101,tr
2975,tl
1115,tl
4890,fr
5722,id
15075,sv
12248,fr
6533,de
12722,nl
4988,tl
1653,id
13983,sv
1509,nl
14272,de
10406,tl
6101,tr
4837,id
9114,de
1549,sv
5856,en
3401,fr
8990,en
14615,tl
5722,nl
11502,de
9718,id
11024,de
8056,en
12343,pt
11438,nl
3623,tl
7500,de
2387,en
11987,sv
15092,tl
4917,es
12963,tr
1607,pt
6477,id
11905,it
3486,de
12802,es
16151,tl
5201,sv
3029,en
9384,tl
197,nl
12161,tl
5131,id
12982,en
16888,id
2030,af
9187,id
6025,id
7140,de
5722,pt
1318,it
6195,en
13754,fr
16892,af
6433,pt
14190,es
15401,en
15672,af
9541,es
9896,it
1831,pt
3386,pt
16666,id
7975,de
9197,nl
782,tr
3326,nl
14025,sv
2773,fr
14705,de
7524,de
5840,en
10049,es
16459,it
7057,id
2927,tl
10399,tr
10825,fr
9321,de
14437,fr
9542,sv
468,es
2309,tr
5176,tl
6878,fr
2540,pt
2265,pt
9795,de
8828,id
9976,nl
5871,en
4589,it
4957,tr
9875,tr
8056,fr
13927,af
13547,tr
1924,es
11189,de
1377,af
5465,tl
16470,fr
10097,de
4803,sv
17011,fr
12999,tr
16622,fr
5640,sv
15998,af
4833,af
10684,nl
12963,tr
13758,tl
525,de
17069,nl
969,id
6732,id
3400,en
4216,it
10216,es
13863,id
6382,tr
8394,pt
15488,de
9035,id
16166,fr
10815,id
8085,fr
5619,it
5225,tr
11204,af
80,af
16275,fr
6372,de
4254,it
16029,de
299,sv
7879,tl
2753,tl
11085,it
3539,fr
3774,es
7196,es
4383,sv
8640,tr
7216,it
1593,id
2263,sv
6371,es
5199,tl
5286,id
10887,nl
1617,tl
7767,fr
9030,de
13666,en
14268,sv
8,fr
6388,pt
185,tr
12835,fr
4177,nl
6195,pt
5997,sv
11644,en
3214,nl
13900,sv
8651,sv
4767,tl
10577,nl
10843,tr
412,tr
12716,es
2057,nl
10667,id
3096,id
8978,tr
15289,tl
17157,de
11437,sv
14,de
14025,tr
3775,es
12252,tl
9878,it
13348,en
3280,id
168,fr
15318,sv
3338,de
13177,it
3714,pt
15472,tr
2403,tr
3162,de
17015,es
17042,id
10263,es
6568,fr
17136,de
12254,es
10790,nl
12607,pt
10590,es
13330,pt
448,pt
6290,id
11706,fr
9103,tr
11345,de
1377,sv
6023,es
13738,es
16354,tl
4667,it
4710,nl
10571,nl
8431,en
4449,af
16624,en
9897,nl
8681,tl
15747,tl
997,id
2396,tl
3489,de
3492,fr
11827,es
9114,en
1090,es
16846,id
2566,fr
3674,nl
4601,id
3779,de
15305,sv
16888,fr
9700,sv
8968,de
3568,en
2816,tr
4587,it
5333,tl
15401,pt
2564,de
5307,de
4516,sv
15092,id
10216,af
837,sv
1756,sv
6819,nl
12073,pt
16056,it
10019,sv
13383,af
15862,en
3039,nl
10286,it
13819,de
14646,tl
13983,en
14170,fr
588,es
16229,fr
10093,af
16710,pt
7596,it
11259,nl
4992,en
12343,nl
10097,af
2527,en
7613,id
11154,tl
12987,af
13043,es
4040,tr
3207,id
8042,it
16627,it
1238,it
11636,de
14147,id
8975,de
2840,de
411,es
15205,tr
17147,en
6201,pt
8978,af
7294,id
891,nl
16859,id
7073,tr
9116,sv
13780,tl
10053,id
9187,it
7140,nl
3212,tr
2350,en
13102,sv
9971,af
13982,en
484,fr
3174,it
1301,de
12869,de
1191,de
16467,de
7711,tr
10673,sv
6370,it
16398,id
11053,it
451,it
13685,pt
13997,sv
1336,tr
16276,it
10100,it
12856,nl
11302,tr
7664,de
10493,fr
12537,sv
10365,af
5219,fr
16593,fr
16266,es
5333,af
3554,tl
430,fr
10718,tl
2985,fr
17142,sv
3576,sv
442,fr
9961,tr
660,es
1510,af
12723,tl
1454,sv
7503,nl
13083,es
2258,fr
13310,de
14330,sv
16459,tr
12717,en
3196,tl
2026,pt
16563,tr
4283,nl
9746,id
13215,nl
11782,nl
2198,id
1778,id
16437,af
16892,tl
5296,tr
7697,es
10349,it
3101,es
3253,sv
11844,fr
220,tr
360,id
15305,fr
2414,tr
15503,id
3513,sv
6633,nl
10381,fr
16777,en
1542,de
6892,de
11841,pt
4254,sv
16098,en
2850,nl
3683,it
6891,nl
11825,es
15736,af
8280,fr
3915,it
891,de
7863,af
4271,sv
10851,it
14118,en
220,it
7712,tr
13705,es
14791,id
12814,sv
11140,id
13172,pt
11023,en
10508,id
13067,nl
4968,it
15906,it
16781,nl
2724,it
16373,pt
8058,en
5691,fr
4638,sv
3671,af
16780,id
5301,pt
11778,nl
8900,it
1703,sv
5652,sv
5010,de
12932,de
1759,pt
12582,pt
6385,sv
5820,de
15841,tr
6050,fr
3407,id
6448,nl
1300,it
15707,es
14973,fr
6288,es
7314,fr
10217,es
3784,tl
1579,pt
7565,tr
3532,it
7847,pt
169,tl
16419,nl
16048,it
3603,tr
7353,sv
11860,id
4241,it
15587,sv
13524,nl
4887,af
16791,id
4988,de
4305,id
2724,es
13683,fr
5127,tr
5040,es
7777,de
10338,it
3167,tr
14673,it
14683,tr
3694,tr
11770,nl
12376,sv
10636,id
6388,af
11911,sv
10655,sv
8825,es
1527,de
2396,de
10099,fr
5671,it
10399,es
1014,en
6968,nl
17116,af
15274,nl
319,pt
12212,de
12905,id
16038,af
8769,de
8598,id
317,tl
15634,id
3581,af
6313,sv
4236,fr
8013,de
13348,fr
1635,nl
4848,es
16872,sv
7499,pt
10076,af
2480,sv
16248,nl
3124,es
8055,af
12264,id
16701,sv
13064,en
9694,tr
2093,de
8769,es
12098,fr
2639,fr
10100,tl
8206,tr
11705,tr
5027,pt
448,pt
2098,es
15203,en
10125,nl
11700,it
4375,de
16501,sv
8494,af
8766,en
6041,tl
15652,af
11427,af
13412,es
870,pt
3178,tr
424,pt
9438,es
5652,it
16373,fr
7117,af
15970,nl
16271,tr
2255,af
158,sv
3207,sv
1677,id
258,pt
12291,tr
10570,de
185,it
10512,sv
2108,id
6959,pt
4436,id
7660,pt
9305,tl
16622,id
14096,pt
9678,en
3214,pt
12008,pt
11470,de
14661,it
1458,id
16630,tl
15275,tr
8568,en
5324,de
8631,en
11525,id
15304,id
5296,es
6109,af
8449,id
6194,en
3460,af
7993,de
2108,en
2016,en
6112,sv
12982,tr
6539,tr
7565,pt
13796,id
9969,pt
15652,it
11916,af
17144,af
7044,af
6072,pt
11582,af
12802,it
2201,id
17111,en
5328,it
8825,es
3011,es
9772,tr
13758,pt
6737,de
9254,en
13799,pt
10815,nl
15186,tl
13181,en
14597,af
5118,nl
11782,tr
11515,tl
10608,en
4258,pt
14239,tr
4271,es
8867,tl
4496,id
14958,sv
9629,pt
3780,id
13819,fr
8791,de
10893,nl
12329,tr
10090,es
14564,de
16669,tl
11483,id
6596,sv
10471,af
6645,de
11215,id
15275,af
7726,tr
2198,nl
5732,tr
2160,it
527,tl
4921,nl
15337,es
1121,af
764,sv
13178,id
11827,de
2957,pt
6562,tr
14530,fr
9284,en
4017,af
10957,tr
13370,tr
11582,sv
1994,id
3982,id
12452,pt
4187,it
4767,nl
9156,fr
5199,pt
3193,af
6424,de
12869,de
13330,nl
7216,en
8188,tr
3117,id
8978,sv
12839,de
4224,id
6694,sv
4043,id
9897,it
13451,sv
8261,sv
9856,nl
10426,fr
103,af
7966,pt
10081,en
15186,en
12961,en
12999,de
6385,id
16672,it
3400,it
944,en
15056,sv
14742,id
9155,fr
7919,it
9237,it
2927,it
7946,af
1622,id
13330,nl
12851,en
4928,de
14412,tr
11125,fr
9402,sv
9676,de
3434,de
5016,de
2441,tr
15563,id
219,id
13858,af
15138,es
11215,it
1831,pt
15298,af
5840,tl
9969,af
4043,sv
12548,de
11157,id
7863,sv
11026,de
2733,fr
9909,tl
12723,tr
11318,af
14564,en
12869,nl
2983,fr
14115,tr
7912,de
13172,de
12722,sv
3447,tl
5411,es
16873,fr
2355,it
2082,es
11695,pt
4567,en
2288,tr
13982,nl
15488,tr
11270,sv
11969,es
16401,sv
897,en
3886,id
14963,nl
13722,it
8320,af
15862,sv
10808,de
7908,it
14644,it
588,tr
5697,af
16888,id
16888,pt
7712,nl
10072,af
4826,es
5270,pt
16791,sv
12310,sv
6060,tl
13888,es
9732,en
397,nl
13869,af
7894,pt
16666,de
5615,id
3321,nl
4567,id
585,fr
5414,id
3161,tl
765,fr
3714,nl
14509,sv
8730,pt
2230,id
4798,pt
2298,en
13552,sv
7778,en
6946,tl
14038,pt
8741,nl
2434,pt
2890,fr
8055,af
9706,sv
15794,de
9269,fr
6726,tr
5912,fr
15661,fr
16282,tr
4998,it
7726,fr
12066,it
14891,sv
5707,de
8958,pt
16437,id
10430,id
13242,pt
11318,tr
14026,af
1151,en
4271,fr
6918,pt
3886,es
6457,en
12121,de
13927,es
11764,es
9054,it
11875,tl
11633,af
2026,es
4854,tl
14342,es
9707,nl
14919,tl
16911,de
2174,id
201,en
11215,af
6645,pt
16766,es
15554,de
379,es
11947,tl
13439,pt
9943,en
5683,nl
5523,sv
8679,es
10061,pt
7117,es
7292,it
17095,nl
11999,en
12553,sv
9691,sv
10608,it
2309,sv
10853,tr
9194,es
6366,tr
15039,nl
14011,pt
7113,de
8230,en
14874,pt
3936,tl
10099,fr
1653,es
13255,pt
1862,pt
4659,af
2684,af
4881,es
13858,fr
2334,it
12442,it
14544,de
16701,de
4968,it
16406,en
7502,tr
8119,de
2704,af
6926,af
15890,es
12340,en
6134,tl
2098,nl
5037,en
7970,es
14368,de
4319,af
8294,af
9909,tr
1300,id
9561,id
2316,af
10832,tr
5974,af
2591,en
4851,fr
1413,af
14190,sv
4653,nl
12581,fr
12245,fr
11204,tr
9592,nl
10999,de
15472,tl
6045,tl
13684,tr
2164,en
15995,fr
16163,tl
11802,pt
13370,de
3020,es
11875,en
8107,id
4112,en
6650,id
14323,es
931,id
2540,tl
1071,es
11845,nl
14701,id
2578,en
13222,fr
3117,en
9768,nl
6860,en
6500,tr
426,id
2338,nl
3980,pt
2531,tr
974,tr
15382,sv
10827,sv
8967,pt
1982,tr
6370,tr
4890,es
8498,en
11459,nl
4680,es
2288,en
10636,fr
8769,fr
6909,it
4412,tl
1832,sv
12343,de
11459,de
8129,nl
9321,en
6633,tr
7762,id
9930,it
17011,fr
15350,tl
4273,id
5619,sv
6596,pt
7628,af
2816,tl
11023,pt
11166,tl
15598,en
397,pt
6764,de
11607,sv
14767,sv
8119,nl
11331,it
5229,id
15487,sv
1589,pt
5531,en
10406,pt
2113,tr
9961,tl
1158,de
12846,nl
5330,en
11999,tr
13799,en
12814,tr
7711,tr
16613,tr
14530,es
85,id
1127,it
4887,it
16668,es
14169,sv
3031,tl
6623,nl
16455,de
5550,pt
14339,id
8916,fr
8985,de
9250,id
14437,de
7767,tl
9457,pt
2588,sv
5243,id
2975,de
3884,tr
16560,en
14591,pt
8005,id
2263,sv
8366,sv
3020,nl
17143,de
9321,es
8125,it
9074,fr
1374,de
11633,en
17135,af
8043,en
5297,de
9138,sv
10887,tr
6469,af
2198,nl
6764,tr
14787,pt
6789,pt
1995,tr
14118,en
7449,af
2164,nl
8494,id
4299,nl
468,tr
2721,en
6798,en
8140,fr
10366,pt
1276,sv
7718,es
6385,af
10217,sv
4659,it
8618,fr
8782,de
4780,en
9569,nl
3117,af
1090,tl
14138,fr
17115,af
14684,it
10433,tl
4173,id
15546,fr
6646,id
10197,nl
1360,id
10621,tl
4477,es
1635,id
1537,it
2336,fr
2921,nl
16765,id
7956,nl
15995,en
11598,it
3829,id
6378,sv
11424,tr
7455,pt
7295,nl
9406,tl
15626,en
5439,pt
297,af
4048,tl
9303,tr
8125,sv
10285,nl
6744,sv
6055,af
5225,fr
1007,de
6083,nl
3550,es
8035,sv
13853,es
16729,es
13983,it
3276,tl
2983,nl
11322,es
4244,it
10982,de
7025,pt
15948,en
10321,en
10206,fr
10759,tl
2338,es
13467,sv
17098,pt
2588,es
2898,id
2134,it
6473,tr
2548,pt
3330,fr
6477,it
7194,nl
13777,it
15337,nl
10938,af
10349,tr
8269,af
15213,es
4273,en
16002,tr
9754,es
2166,es
122,af
13900,af
6370,fr
5307,en
3433,af
4145,tr
12724,en
14763,tr
11250,tr
2166,it
13473,en
10353,de
9364,it
9562,nl
11514,fr
10786,tl
2795,fr
5116,id
12851,af
5328,id
16005,sv
14465,de
2164,af
1804,fr
1812,id
10981,de
9942,tl
14763,id
2094,fr
6710,sv
2795,de
7981,es
3146,id
426,tl
17123,nl
8771,en
4442,af
6248,nl
6288,pt
13031,es
15983,id
254,it
4909,pt
7122,sv
11616,it
5774,pt
7711,sv
15862,pt
6516,sv
13077,nl
6410,sv
16419,en
6041,fr
16297,tl
9760,tr
1371,sv
1741,de
13459,sv
5332,de
6195,es
9362,nl
6747,tl
14904,af
15794,fr
17090,tr
15350,fr
16427,fr
15402,tr
12402,tr
7567,id
17011,nl
12436,tl
17156,fr
170,tl
781,fr
9986,tr
14701,sv
15249,de
14355,fr
6424,nl
11423,nl
10406,de
16228,en
15731,tr
13464,pt
15409,it
3884,it
13491,de
1677,fr
16930,pt
2733,pt
9204,tl
8904,en
4116,tr
5439,tr
8958,fr
7565,fr
9394,en
13464,nl
8148,en
15109,sv
3435,es
2898,af
2163,fr
2234,de
2781,it
10471,it
16398,id
11420,id
7140,it
13083,af
8914,fr
16028,pt
10790,af
4383,fr
9358,de
10177,sv
15321,nl
3435,nl
14620,tr
12745,es
5427,af
12343,de
4312,af
3784,nl
767,it
3178,id
189,sv
11845,pt
9592,pt
14794,es
8914,tr
16652,it
3161,id
334,id
12343,id
8402,es
6024,en
6615,de
5614,tl
1510,en
15305,tl
7628,de
13693,sv
6798,nl
3581,pt
11453,nl
6732,pt
13192,it
8635,es
3050,es
4152,en
5974,tr
6405,id
897,fr
5301,de
15448,fr
5321,de
10678,sv
13740,es
3196,tr
412,pt
4680,en
1715,de
11164,en
14442,sv
11839,en
764,af
2174,fr
10097,es
4496,nl
7662,af
11476,pt
8358,en
10263,tr
1671,it
7450,it
9137,fr
1913,tr
3276,en
14283,es
6561,es
4671,es
9149,af
5128,tl
5016,id
6103,tl
16799,nl
8914,it
11331,tl
16938,tl
15763,en
494,id
13122,es
7219,id
182,af
13798,en
11845,id
6268,en
2441,tr
12675,nl
7380,de
4155,af
475,es
16873,sv
768,fr
16496,pt
8394,pt
6337,it
6621,id
16624,nl
14308,fr
4653,es
14505,fr
2914,nl
7026,en
4544,af
4799,it
6426,it
12548,it
5570,fr
15095,sv
11904,id
15448,sv
2840,tr
12675,it
12817,es
4618,tl
10808,tl
6789,id
3326,de
13681,en
14306,af
13734,pt
3400,pt
9138,fr
9507,sv
9772,de
13303,af
2703,af
1489,af
3884,id
4988,de
2203,id
16471,it
10335,es
12672,de
5156,es
13078,it
3118,es
6214,tl
14347,tr
12252,en
3127,id
9881,sv
14746,tr
9952,nl
16162,pt
1579,pt
5578,tl
9943,en
11458,nl
8990,en
6446,tl
3870,nl
5732,tr
14179,pt
11942,en
10119,es
16947,nl
4137,en
6015,tl
177,tl
11442,id
16168,it
14553,tr
2108,tl
15214,pt
6615,af
12797,tl
9054,en
7844,tl
7741,fr
4189,fr
2975,af
10214,es
13288,es
13636,tr
5027,id
6891,nl
10667,sv
10099,en
9853,af
13407,en
2205,id
16163,tr
10816,sv
13895,af
10038,nl
3030,nl
4177,es
174,af
3967,es
15459,pt
4309,sv
8880,es
15359,sv
5703,sv
5691,tr
14023,tl
6496,en
14928,af
14742,nl
12306,it
321,tr
4253,nl
15488,nl
3822,pt
2472,fr
7919,sv
3320,de
3727,it
4831,en
10182,af
3838,sv
4090,de
5871,tr
14646,tr
15815,es
6506,es
16228,fr
8100,pt
16248,sv
9768,fr
6014,de
614,id
3986,it
12736,nl
12779,pt
9015,tl
321,de
16886,en
6865,sv
6405,tl
8762,tr
8977,nl
16961,id
13181,tl
9678,de
2908,tr
2542,it
15487,tr
11366,af
8290,pt
6593,de
7503,de
6293,tl
14926,id
9871,nl
16373,nl
6241,en
9979,en
4236,it
1874,fr
3809,tl
7697,fr
2684,it
2234,id
17098,tr
6964,en
1123,it
14787,fr
10753,en
9364,pt
360,af
2403,sv
13197,af
1452,sv
5047,nl
1542,nl
15593,es
2781,it
366,id
1144,en
7185,nl
2588,pt
2205,es
7503,tl
3002,sv
10216,tl
17142,pt
11261,en
366,id
407,nl
4486,tl
14475,af
1120,de
15880,pt
8585,pt
730,fr
8516,pt
16712,it
8347,fr
2255,en
12634,pt
1546,de
4137,fr
11339,it
15994,id
321,tl
6994,nl
7570,nl
16413,nl
14705,es
5912,es
13166,nl
2684,nl
6652,en
15467,de
11867,pt
14025,sv
6860,fr
124,nl
14981,sv
7628,sv
15311,es
14601,pt
9909,fr
6997,de
783,tr
10588,es
10898,nl
16376,tr
2781,tr
6288,id
4988,id
1715,sv
12932,es
4772,nl
2035,fr
14370,pt
5671,id
8795,it
10815,en
8732,sv
6288,es
6214,de
4803,pt
7569,sv
12986,fr
9043,es
13754,pt
9380,es
3407,tl
3060,de
5475,tr
4550,pt
16501,pt
608,af
16163,tl
8100,de
14967,tr
6304,af
5678,de
12127,id
13165,tr
11423,de
13690,sv
3993,en
9198,id
2908,id
5406,tl
11418,pt
8043,af
10045,es
484,id
16907,it
12693,de
5413,de
16145,id
11570,tr
6559,tr
5370,it
3008,it
13255,tr
8461,es
9187,id
13798,nl
6072,tr
12553,tr
2704,en
864,pt
13188,es
7844,af
6353,en
14449,it
4201,es
9291,fr
11634,en
10699,it
4567,es
10979,sv
16701,pt
9107,tr
15565,af
2531,it
16072,en
4784,fr
10350,id
8037,tl
11600,sv
321,de
14429,en
10982,nl
14316,de
10078,en
884,es
9110,fr
13796,de
4305,nl
2322,tr
5279,pt
6755,nl
10508,nl
6596,af
7863,nl
12233,pt
7918,de
9014,en
1617,es
8679,es
13172,sv
9885,it
6112,de
14130,nl
102,en
11053,af
5465,sv
3128,pt
2315,sv
7902,fr
2898,it
3398,nl
10571,id
9291,af
16995,sv
5050,af
4587,de
14190,de
6290,es
86,it
10513,tl
5370,es
6221,fr
12716,af
8496,af
14658,tl
2527,pt
11368,af
15413,de
16781,fr
15651,tr
11643,de
369,nl
16162,en
3741,sv
8366,en
2611,tr
7609,nl
3037,sv
12604,id
7316,pt
14684,de
11328,de
8977,sv
8410,es
16271,sv
10915,af
10846,tr
7556,nl
12293,sv
8562,tl
16455,fr
219,pt
16151,it
7000,id
11417,af
3305,pt
13684,de
10756,es
16924,it
15326,en
12436,en
132,es
2134,en
3175,pt
6616,pt
13074,pt
16519,tl
10936,pt
2386,sv
588,tr
3967,it
16563,tl
15554,fr
9994,tl
16518,id
13221,sv
14599,tl
317,de
9565,id
12558,nl
14090,tl
13986,tr
10770,sv
15382,de
2156,de
11164,nl
7980,en
14544,it
1351,nl
5552,id
5122,id
16049,tr
5683,pt
15982,tr
11140,id
11915,pt
13298,tr
525,tl
14044,sv
362,sv
540,it
15618,es
14241,es
5074,sv
3884,en
3603,nl
12310,af
12161,pt
4362,es
4187,id
12814,es
2605,pt
1677,de
14253,id
6181,nl
10812,nl
11467,pt
7981,tl
9897,tl
220,tl
10687,en
7660,tl
9095,tl
10805,en
5278,tl
14414,sv
13102,en
1252,tl
11764,de
9327,nl
11770,nl
6500,id
17098,tr
4186,en
779,de
4268,de
5378,de
16089,id
6305,pt
6713,pt
12212,tr
5219,sv
11585,af
334,tr
8857,id
9317,es
15333,sv
4799,es
6469,fr
11600,tr
9976,it
13383,it
796,de
12839,nl
5757,id
16801,nl
7287,es
8165,de
6243,fr
9011,pt
11474,pt
468,es
13591,af
4125,it
5577,id
4119,fr
15271,tr
8782,es
3228,af
4692,tr
15197,nl
1870,tl
10579,de
6500,tl
13473,it
9676,tr
9236,fr
10770,af
7289,it
10352,fr
5856,de
1830,id
14653,sv
8426,tr
10455,sv
8539,af
8430,id
2094,it
9054,id
8553,nl
1862,fr
16559,af
12281,nl
9617,de
310,nl
5886,tr
4154,tl
5856,id
3435,pt
13346,tr
951,tr
9726,tl
14555,tr
7539,en
3039,de
15056,tr
7216,fr
12606,en
9562,it
16668,tr
15229,fr
13625,nl
1760,tl
1351,fr
15213,es
475,en
3447,de
4772,tr
8436,nl
10285,es
9964,tl
12245,sv
16609,af
12383,it
14142,en
16873,af
16061,pt
8241,nl
15364,nl
5204,sv
8206,sv
9746,pt
4968,nl
16459,id
1715,es
12851,nl
8570,nl
10027,es
1308,nl
14820,tr
6446,nl
10679,fr
2093,nl
16754,tl
15387,de
10565,it
3037,en
14673,en
10302,en
14150,af
5774,sv
13078,pt
2983,nl
11257,tl
10718,en
14701,sv
10954,de
10055,de
7570,id
2026,af
1084,sv
16523,tr
6496,de
12299,tr
4803,it
2166,tr
3222,sv
3460,it
3117,en
12930,fr
4168,en
15229,de
5347,pt
4589,en
14963,fr
6241,pt
9153,tr
1542,tr
8302,sv
1511,af
10455,af
11922,pt
12306,tl
10263,sv
16989,it
5697,af
10444,tl
6434,sv
9942,nl
4077,id
11695,tl
951,fr
6798,pt
1247,fr
10076,en
10655,en
14620,es
6593,pt
8824,fr
4712,it
10216,pt
13197,en
7113,es
12866,id
9316,af
5347,pt
13298,en
1756,en
804,en
6923,tl
2798,pt
9326,es
128,de
103,fr
5574,fr
16100,af
1962,pt
7168,id
3128,en
15402,tl
14317,es
17170,de
16666,tl
8674,de
3481,it
9726,sv
13199,pt
1217,fr
14874,es
8642,de
9851,pt
16229,en
3039,de
2007,af
7014,pt
1509,sv
13722,id
4240,sv
14661,sv
9912,tl
16376,de
1440,fr
1617,sv
8,de
2264,es
10472,pt
10081,tr
11860,es
12685,de
1710,it
1093,id
11470,en
1666,tr
13516,pt
16028,tr
702,nl
11426,id
6337,nl
9986,tr
9202,es
11582,id
12930,nl
3320,tl
10055,af
7257,tl
7894,it
15249,en
5219,nl
6997,es
997,de
9680,es
6489,es
11423,sv
16401,af
16754,de
11959,pt
10319,id
8004,tl
1065,af
1458,tl
7767,af
13888,pt
16356,sv
14317,af
3911,de
1579,nl
11600,it
7613,fr
12008,en
5085,pt
13823,nl
15982,it
8460,es
10527,pt
15686,tr
8681,tl
6059,en
13869,de
16975,sv
7892,en
1745,id
220,it
6682,tr
16694,id
7741,tr
10525,tl
2056,pt
15548,fr
10738,tl
16677,af
8774,pt
14684,af
11267,it
494,af
15187,nl
12366,tr
8453,es
7292,nl
6431,tl
10565,tl
1158,nl
5757,af
1692,es
254,en
2721,pt
6305,id
6572,it
2354,es
16032,fr
6370,nl
2201,sv
5122,sv
3762,id
13681,af
9844,id
8568,nl
5688,tr
9116,tr
8204,en
11839,es
4638,id
1510,es
3694,sv
3606,tr
10738,it
9380,tr
486,de
5912,de
16375,es
16874,pt
11563,en
8882,fr
12723,it
3426,tl
258,af
3474,en
2472,id
9619,tl
13929,fr
15966,tl
7890,it
16713,af
14763,tr
13693,af
5370,es
15802,tr
15618,fr
6710,af
9853,id
12256,af
5122,af
7293,de
7660,en
8436,sv
16559,fr
17156,af
1796,af
1516,de
16248,fr
16098,af
399,it
16518,es
10078,pt
189,es
385,en
16961,en
13460,en
11133,id
2917,de
13069,en
4376,es
4667,en
16777,sv
832,id
1581,af
15274,fr
170,fr
1551,de
1924,tr
16221,en
17119,es
14033,pt
14044,pt
14700,pt
9940,fr
5544,it
2548,nl
9565,id
158,tr
540,af
7878,nl
6118,tr
7894,tl
17052,sv
3481,tl
6313,fr
16591,nl
3762,id
2566,de
6615,fr
2812,nl
5871,tl
1509,es
1786,it
16096,es
8289,sv
3401,de
5615,en
2062,en
15095,es
10712,fr
7609,de
10655,af
3727,it
4988,pt
4659,tl
14763,it
999,es
14011,sv
10256,af
2957,tr
3539,de
8084,es
4412,af
1777,de
10832,af
7847,en
13140,de
4428,es
15298,sv
11720,tr
13064,sv
4391,nl
10166,nl
6901,es
6403,sv
448,af
13297,it
16717,en
10353,en
14822,it
14926,es
2075,fr
14884,es
6621,id
2890,it
7970,es
5221,af
4813,es
7762,nl
12982,tl
16146,pt
15186,es
16992,id
13181,af
9408,af
14138,id
3305,pt
4502,tl
3124,it
6353,tl
14115,sv
15794,tr
7817,tr
2108,it
1575,en
8302,fr
124,it
7583,id
10759,nl
2309,nl
10256,tr
779,es
14981,nl
1862,nl
10954,tl
11458,de
8245,tl
3214,id
6305,es
15723,de
4638,af
3631,pt
3099,de
16593,nl
14306,nl
428,pt
14190,nl
1061,tl
5468,tl
10805,pt
1675,fr
7878,tl
2403,tr
1351,af
15651,tl
9035,en
1043,en
14473,en
16983,it
1176,nl
10956,id
15777,fr
13040,fr
2373,id
6055,fr
13150,pt
14891,af
6617,id
15133,nl
15802,it
11841,en
12453,nl
13688,en
10570,sv
1866,sv
15560,pt
15647,id
14040,id
61,tl
5988,fr
11987,tl
9074,fr
2322,nl
11279,en
3590,es
1671,sv
7557,de
4662,tl
15839,af
6039,it
10335,id
4496,de
10100,tl
3695,en
14658,de
3780,pt
2198,id
3441,pt
13464,pt
506,es
5988,sv
11942,de
16317,es
8640,af
7289,nl
7461,af
6600,it
12381,tr
1750,es
15563,af
11987,en
13069,es
7278,en
13206,tr
182,en
11368,it
4871,en
5341,nl
1527,de
7224,de
15794,fr
15208,en
1982,tl
11987,en
9384,en
5324,tl
9506,en
2995,nl
14481,en
8907,it
4930,de
3624,en
4692,af
11154,es
13083,pt
16032,pt
4177,af
5820,fr
1151,tr
10427,en
7817,it
11331,id
11585,tr
4334,sv
10673,id
11303,en
1425,en
779,af
11954,it
13067,af
16266,pt
16838,it
4957,es
3750,tl
585,it
5134,sv
14539,fr
11420,fr
71,it
12604,tl
4319,en
2432,de
11915,af
12634,de
6431,pt
1715,sv
5085,es
13896,fr
16992,fr
3364,nl
13370,fr
16956,sv
15796,sv
7098,en
2386,af
6431,sv
9301,es
4400,id
4112,pt
6682,it
4376,af
17107,sv
1048,es
3418,fr
8520,tr
11812,tl
2387,en
12376,de
12127,tr
8261,nl
7111,tr
3779,af
9009,es
13288,nl
14241,fr
16361,de
2412,tl
14591,af
14429,en
16271,it
4776,sv
3413,pt
12160,sv
14545,fr
764,af
12582,fr
197,fr
5062,id
6968,af
16410,sv
7044,de
533,pt
6432,tr
14150,it
8347,tr
9327,nl
5797,de
2684,en
11536,sv
13178,af
7751,id
16880,nl
13318,af
12802,tr
1719,fr
9254,nl
10156,tl
13604,pt
15587,sv
15656,tr
9103,it
5258,af
15841,es
1115,it
4654,nl
7892,tl
16916,it
12608,tr
8828,tl
7660,fr
12779,tl
13536,de
3779,es
2480,pt
9977,pt
6118,pt
5156,id
16373,en
10909,sv
1807,es
14229,en
16032,es
14620,fr
10843,de
1371,sv
3264,en
8206,nl
4487,es
4491,es
360,sv
1692,id
10061,fr
10080,fr
11335,de
3742,tl
4933,tr
2753,pt
103,pt
5014,nl
5623,tr
8598,tr
5590,en
6288,tl
9569,en
9979,fr
5085,tl
4313,fr
8916,de
2959,id
6732,tr
4116,es
15982,sv
5307,en
14315,tl
9902,it
4524,fr
15333,tl
15618,es
1527,pt
2774,fr
5661,tl
10462,tl
9977,de
8241,tr
10931,it
8469,tl
17119,sv
8880,tl
12817,id
10214,it
9114,de
7044,tr
7353,id
12004,pt
10338,tr
11502,en
3386,es
2551,af
2796,af
14673,tr
10366,sv
3546,en
11172,sv
3694,id
5198,nl
10403,af
2350,id
290,en
13761,en
15593,tr
6621,sv
12675,de
12004,id
8453,pt
4838,pt
15166,id
6045,es
5010,pt
1202,en
5529,sv
15789,es
14742,it
14653,fr
14622,nl
2773,en
1217,fr
15532,tl
1904,es
10493,tl
14000,it
6438,fr
1622,id
14820,de
10772,af
11554,es
16201,fr
7151,tl
11770,de
11616,de
585,en
4186,nl
6670,pt
1124,tr
10399,tr
6815,tr
14859,en
2062,es
14761,de
12162,fr
2093,es
4659,af
16859,sv
3034,it
437,de
4491,es
4764,de
13439,pt
11273,id
5318,sv
182,sv
2995,de
12366,pt
4831,af
3050,af
891,en
2983,sv
2441,de
9619,pt
14053,id
6101,fr
8568,it
9233,sv
2673,de
13340,tl
14544,en
424,fr
15203,id
11157,fr
59,af
8494,af
2075,sv
8366,tr
14308,id
3306,af
2480,en
16944,sv
16662,fr
4152,id
9014,nl
8579,tl
7927,tr
9767,pt
7919,nl
13927,tr
3118,en
3907,tr
14348,tr
10804,id
4217,sv
14417,pt
6213,nl
997,id
8618,it
14757,en
71,es
13895,pt
6162,id
11189,it
2927,id
4187,en
15849,tr
16228,pt
10366,pt
8442,en
2423,id
10792,fr
15305,tr
12162,it
1217,de
4319,sv
730,sv
3835,de
16032,nl
7966,sv
10858,it
4244,de
8948,id
10494,tr
7080,pt
6503,fr
13363,sv
14268,de
10848,tr
13636,fr
14083,pt
15187,nl
2178,pt
3349,nl
17051,id
15177,de
12436,tr
7565,sv
13078,tr
8672,tr
16353,id
3418,de
11438,de
2708,id
10898,pt
5156,fr
2639,nl
14767,nl
170,de
15911,pt
169,it
6928,tl
16280,de
3101,es
1683,de
9198,tr
1710,tr
3838,sv
588,nl
11098,pt
4871,sv
4268,it
13359,tr
171,af
355,sv
3967,de
3785,id
3834,en
11911,id
6159,af
16314,tl
11328,pt
15957,sv
13819,es
7596,tr
2796,fr
15249,fr
9632,fr
9853,it
2724,es
9269,de
10302,it
5047,pt
2134,pt
263,en
14023,pt
2985,id
11085,tr
16002,id
3852,nl
4702,fr
14354,pt
3841,af
6388,en
12212,it
14283,nl
13706,nl
2774,tl
12252,en
1941,nl
10513,en
15963,sv
10171,tl
13099,pt
8535,en
6248,id
796,sv
15231,fr
864,es
12098,sv
7993,es
9384,de
5697,es
8073,id
11279,id
9632,en
10786,pt
3091,de
1042,tr
3184,tr
7524,sv
8559,tl
6151,pt
12779,en
7863,it
1449,sv
4547,tr
7319,af
5774,fr
2403,af
974,id
651,de
4890,tr
456,pt
16992,tl
15166,id
1336,en
16356,tl
7477,es
11628,es
5970,nl
5557,af
61,nl
16401,de
8570,it
7500,af
4241,sv
6118,en
8674,pt
11798,pt
8880,tl
3387,sv
4001,nl
9980,af
15971,id
14530,nl
1440,af
4112,af
1413,de
12261,sv
13766,fr
8387,it
426,tl
13506,pt
14170,sv
16050,en
6112,it
5158,pt
13451,fr
9732,fr
11204,tl
3590,tr
6366,de
11328,id
5888,pt
1982,sv
3114,it
3386,de
3911,id
11612,nl
564,nl
5635,tr
6725,af
9707,tr
1318,de
6077,en
13869,nl
12957,de
5958,af
4772,en
14995,de
7397,es
14879,en
5531,pt
14648,it
11515,tl
6764,fr
15092,tr
2354,sv
443,pt
11424,fr
15560,nl
12623,sv
1007,tr
7569,id
7266,nl
1458,pt
7751,pt
15039,en
4913,de
14473,de
11458,pt
9577,nl
11162,it
16029,it
1832,af
8,sv
15350,de
2264,af
14761,de
5590,tl
8410,tl
14859,tr
11366,fr
6166,it
4086,fr
1630,en
366,pt
1960,tr
11862,de
6267,de
9015,it
8404,sv
17138,it
12413,en
13900,id
4998,de
11306,en
6372,sv
4173,id
10224,id
31,pt
16956,es
9793,it
14509,es
10825,af
6077,fr
4271,de
8347,en
11610,id
16437,pt
16694,tr
360,sv
6650,id
9380,de
158,tr
1750,es
3418,fr
9363,it
5501,tl
10214,fr
11345,sv
9138,nl
7876,id
7697,fr
6725,tr
2265,id
11168,pt
11339,sv
6836,fr
2098,it
8029,pt
15382,de
16668,en
10512,tl
9149,fr
8795,id
4253,it
14214,nl
6151,it
13310,pt
3050,nl
1722,af
4290,it
16282,tl
10588,en
7073,es
4268,af
826,tl
13762,pt
3539,sv
8948,pt
15635,nl
11125,en
13966,fr
3167,tr
3554,tl
12689,en
14461,pt
10472,en
9202,nl
15587,nl
5156,it
2868,nl
4402,it
1043,fr
3435,it
11361,af
11427,es
1803,nl
1151,pt
9871,en
8260,af
9746,id
7278,id
16583,de
10816,fr
14083,nl
4881,nl
11024,af
15095,sv
11767,fr
2498,tl
3184,de
3128,it
1774,tr
2322,tl
16010,en
9054,sv
6974,af
5152,pt
2903,sv
2497,fr
6282,fr
10571,af
6061,de
3507,it
7295,fr
10938,es
6366,id
4620,tr
3982,pt
4692,tr
2166,sv
7570,af
2234,id
71,id
15289,es
14370,af
2160,nl
11361,it
13907,id
15686,en
3378,id
12685,sv
2330,sv
2354,sv
15010,tr
7690,sv
13548,sv
6973,sv
407,fr
4672,sv
15095,it
13688,nl
15055,pt
5524,id
12814,pt
4614,tl
13411,tl
1474,fr
6178,pt
8916,de
15109,tl
6946,af
7258,de
16713,de
9851,id
16698,nl
4189,pt
3595,es
4137,it
15200,nl
2432,pt
668,pt
11685,es
5691,en
1653,de
16591,tr
8290,it
9718,fr
16082,sv
8856,af
13372,id
12159,sv
2573,id
4376,tr
16506,pt
4702,tl
5557,nl
5930,id
3441,tl
8667,tl
7712,nl
5250,it
2198,id
11267,pt
16038,id
827,id
2921,en
3605,pt
10805,id
16677,nl
9591,en
5339,nl
19,id
5318,es
8674,fr
6764,fr
16930,sv
6353,en
5501,sv
8414,de
506,sv
940,de
15841,pt
11384,es
8358,tr
12869,af
17123,fr
8414,tr
14884,nl
6593,en
9700,id
15626,de
14597,af
6865,id
3492,id
17143,id
9594,tl
5219,es
3586,tl
16630,af
6652,it
3002,it
527,fr
16730,pt
15333,tr
9149,tl
9124,de
4312,tl
169,es
1123,af
491,es
8498,nl
3623,it
12606,fr
5270,de
5301,tl
6055,id
10855,en
4145,es
89,fr
702,nl
6013,es
11825,tr
16496,pt
290,sv
15185,es
13714,en
6077,af
3606,af
5691,en
334,nl
12233,nl
6836,tl
15706,it
9941,id
12213,it
5245,tr
11650,tr
14083,en
7975,it
2610,de
16049,fr
12779,fr
15166,de
9494,en
4933,id
4254,it
9107,id
6014,pt
333,it
11904,tr
10339,nl
6489,af
14101,id
13370,de
16151,it
15593,pt
4638,tl
5365,en
296,nl
16603,nl
1014,it
16318,es
11770,en
14877,de
1065,fr
1379,en
7503,id
6539,en
14746,sv
3101,tr
10808,it
7117,de
13524,id
11778,id
15948,it
4443,tl
10940,tl
15857,pt
17119,pt
12604,en
1030,tr
9062,tr
8741,nl
6439,af
3576,af
3550,id
12051,fr
6039,tl
16791,sv
5341,tr
5886,sv
11947,id
7353,es
5985,en
3883,it
6159,af
3117,de
5550,it
7151,tr
9977,tr
16158,af
15610,id
14820,nl
3212,id
14223,it
14,nl
11514,tr
3809,id
8916,de
7975,de
13618,tr
7294,sv
9694,tl
3761,it
6533,de
11525,de
1474,nl
15708,en
1124,pt
4232,fr
10296,pt
16010,tl
3623,sv
1180,tl
3809,af
1374,fr
15364,de
3590,es
16624,tr
7836,nl
2166,de
9977,fr
11612,de
14530,pt
10321,fr
16711,tr
508,de
11860,de
9015,id
15983,af
11600,sv
4212,tr
6227,pt
6432,id
1646,it
15511,nl
4449,de
13165,af
2330,id
3631,af
5974,es
14653,it
10600,tr
15345,sv
14874,sv
5006,nl
2605,es
8110,fr
4088,id
7870,tr
15792,it
7467,tl
15862,es
1276,sv
6974,tl
6227,tr
3021,tl
5349,fr
11053,it
9955,af
11166,fr
12874,es
2309,en
14417,es
6615,tl
7216,nl
660,id
16470,af
16987,de
14417,sv
4362,es
393,tl
13067,es
10055,tl
5321,af
14555,tl
17020,it
11875,sv
7461,fr
15459,de
170,es
11067,en
4017,en
14147,it
9977,it
13154,sv
8520,en
6542,it
9138,en
10846,de
5038,it
6077,es
3460,en
16698,it
4253,pt
15075,en
3838,es
1786,af
1428,nl
9718,fr
10166,nl
10570,es
1123,de
9542,id
7981,es
17043,tr
10579,pt
13986,pt
4671,af
7817,de
14822,it
13706,tl
15402,af
9380,nl
6294,fr
17119,en
9194,en
10954,de
10462,tr
6694,es
11361,de
11053,nl
2498,id
13758,en
6992,tl
14668,de
7463,af
1007,pt
944,af
7080,en
16523,tl
6382,sv
12905,id
5050,fr
6417,es
9291,sv
5196,fr
5758,id
6798,tr
391,id
5026,en
1030,it
12693,pt
15553,fr
13330,nl
11273,fr
7000,pt
7774,it
11476,tl
4436,sv
9952,en
3280,id
5820,af
12608,af
6376,tl
6725,tl
16052,sv
7970,id
6289,de
5813,de
16317,de
2283,de
1579,af
3886,id
5047,es
2205,en
3669,it
10027,fr
3305,it
10684,af
2007,it
4809,de
5985,sv
15075,sv
4299,it
13684,fr
15556,tr
16131,sv
2931,it
2774,es
14040,en
1554,sv
4482,nl
1710,fr
14597,de
2178,es
4125,en
11426,fr
3213,de
15670,tr
11607,pt
7879,en
5468,sv
8853,tl
2859,sv
13486,tr
1318,sv
10213,id
12281,it
9569,af
14877,pt
14011,af
1636,en
10285,af
15998,sv
16627,en
585,id
1516,id
12623,nl
4241,fr
2615,pt
7778,sv
962,it
10957,id
8129,tr
5307,tl
1048,de
7774,af
15020,es
3407,pt
10319,tl
12972,af
17143,tr
10645,sv
525,es
14473,it
12745,fr
13982,en
10426,af
6643,af
13926,tr
9361,tr
15890,en
864,id
2160,nl
8345,tr
3008,es
6672,tl
5888,fr
10260,en
13016,es
12381,fr
9138,af
1030,pt
3138,fr
13547,it
11177,tl
680,it
103,tr
12019,tr
14090,nl
11529,es
7927,de
10805,it
5797,it
6248,tl
6127,pt
14117,tl
31,id
5840,tr
8043,de
3161,pt
6023,it
4412,pt
14011,de
3771,af
185,es
3204,id
5797,it
14509,pt
8912,de
3986,pt
16799,pt
7057,af
8430,es
11141,de
14668,pt
1862,af
3124,sv
3280,tl
4606,sv
12376,af
15652,es
16886,pt
5219,id
11273,id
14342,tl
3683,af
7113,tr
1684,tr
861,af
6860,pt
12745,pt
2165,nl
3489,fr
10182,pt
6909,tl
11273,af
12189,es
14644,sv
11177,tl
4491,pt
3330,id
2163,nl
14981,es
4982,tl
7836,de
14272,it
10156,nl
12537,fr
11905,pt
14526,tl
2438,nl
1941,pt
17075,en
9043,pt
10224,en
4928,en
768,it
6034,de
2201,tl
2220,de
6411,es
5671,fr
2334,sv
12986,nl
5258,pt
124,id
11238,nl
10451,af
310,tl
2611,id
12248,it
8320,fr
10738,af
385,id
10816,tr
3911,es
6737,pt
4461,de
13031,fr
11744,pt
0,pt
8005,id
6059,tr
13854,sv
9568,de
9545,sv
555,fr
16975,id
6937,id
11514,tr
7316,en
974,de
10224,tl
11146,tr
6646,nl
6962,es
15166,it
8520,es
10895,id
4874,es
4953,fr
16974,fr
9194,es
9754,tl
11259,es
16880,sv
9700,en
1238,es
1191,af
15736,af
14071,tr
14429,pt
3683,pt
11273,pt
15275,fr
827,de
3435,es
3060,id
10982,af
7185,id
9284,tr
9761,nl
15983,de
14395,af
15618,pt
9061,tr
506,af
10214,tr
1675,es
8767,nl
7316,de
4554,fr
14090,id
11279,tl
5156,it
15747,tr
2432,sv
6902,sv
9851,tl
12999,id
1030,en
3886,de
14928,it
16846,tl
3481,it
17015,tl
3507,tr
9095,sv
11959,pt
4319,af
16703,pt
4136,en
8140,es
14406,pt
12150,es
13101,es
3207,sv
7168,it
1127,it
9793,sv
5524,pt
2498,af
8284,es
14767,sv
13341,id
16356,tr
11427,nl
3883,sv
6856,tl
9881,sv
2320,de
6561,en
3582,af
6025,sv
15401,es
11644,tr
14615,pt
13363,tr
14585,nl
9035,en
484,fr
9193,pt
11180,fr
5332,id
3161,af
1594,sv
2573,de
15311,id
11911,pt
555,es
15359,en
216,fr
9112,en
3883,nl
2711,id
13536,tl
322,af
12532,id
15216,it
16814,pt
1202,id
16002,it
614,pt
4236,tr
8336,af
14963,id
12377,sv
1537,fr
15904,sv
10296,sv
281,id
4909,fr
11460,en
14142,af
5774,de
3870,tl
6061,nl
4312,sv
761,id
4654,en
12874,id
3714,pt
3771,tr
4212,fr
8100,it
11953,tr
3714,de
15676,id
389,es
3387,sv
6559,tr
8474,de
827,sv
11525,en
4988,en
11140,it
1121,tr
16398,de
15402,nl
6836,af
5026,fr
5014,pt
4680,pt
10679,id
2134,nl
4776,tr
11633,tr
13186,de
6319,af
3031,fr
3008,af
1872,id
13799,sv
8474,pt
10772,de
3674,tl
15792,de
8261,it
3822,fr
10472,en
1401,id
5948,sv
7314,tr
6726,it
15185,sv
5707,tr
13288,sv
3338,fr
5635,es
525,fr
13689,sv
10832,id
13197,tl
9815,de
1607,tr
3598,it
1401,de
5159,sv
6755,af
2472,af
3741,id
17107,nl
5010,fr
12162,id
7863,en
7870,de
2330,nl
10893,tl
4587,tl
16183,nl
4201,tl
11733,af
10999,es
4272,id
1554,tr
3077,tr
17087,tl
11705,sv
16314,tr
15968,it
7055,tr
3980,sv
13348,de
14083,sv
17054,id
15155,tr
12905,it
15763,tl
1741,es
4155,nl
9193,fr
15829,nl
5050,tr
9121,nl
8394,es
2387,id
169,it
10061,sv
11125,pt
6936,id
4377,it
6243,pt
5038,es
3605,it
14189,es
2075,nl
6352,tr
7046,af
9952,sv
12553,tr
5584,nl
315,nl
13074,en
5051,id
5341,en
2679,tl
15933,af
16089,sv
6575,es
15723,es
10349,de
13140,tr
6729,id
4001,it
13487,sv
4084,en
4312,tr
178,af
5321,tl
7980,en
4887,id
9193,af
8165,de
16276,tr
4313,de
14859,de
15971,pt
10430,en
319,id
13310,fr
14787,sv
2146,es
397,en
7455,it
5286,en
14889,pt
651,de
1703,af
6946,es
10776,tr
1683,id
4309,sv
10848,de
1777,de
15138,tl
1803,tl
15794,tr
3750,tr
2432,id
12814,tl
5341,fr
16995,en
9691,it
3361,nl
13372,af
5051,fr
4377,es
5201,es
15137,sv
4567,fr
12430,tl
13536,fr
14700,de
16944,id
16872,tr
4653,nl
15906,sv
10027,tr
11990,pt
15561,id
3011,it
16120,de
9656,af
13694,tl
10213,id
1264,tl
1549,en
1072,sv
6836,pt
15137,nl
9562,it
3886,de
7890,pt
6959,en
16710,af
10981,id
14658,en
10570,af
1593,af
6417,de
14791,sv
9620,en
4023,sv
8516,fr
10590,it
3606,sv
8732,it
7057,de
6426,id
10302,fr
4930,es
14023,en
9254,pt
12240,it
2957,af
8110,tr
15457,pt
9015,af
2320,en
16851,sv
7232,tr
1913,tl
11053,af
6129,de
11455,sv
10996,id
5683,es
11085,pt
8771,fr
17142,es
1683,nl
12951,nl
11177,tl
751,nl
12685,id
1124,es
10565,fr
16916,it
9457,es
3205,sv
6746,tl
197,es
751,tr
969,sv
4236,nl
7355,pt
8347,es
4043,tl
3785,id
7889,id
6014,id
1093,it
11490,sv
6663,pt
5837,nl
15707,sv
5365,it
6713,fr
15809,tl
15039,it
13172,es
15587,tr
17015,af
8414,af
2030,id
2724,tr
9761,fr
10433,id
10776,de
12707,de
6073,es
10048,nl
14317,fr
14767,fr
5955,fr
9197,en
13252,it
5678,it
13869,en
7209,tl
9225,tl
6045,en
1542,af
11053,nl
15337,nl
11922,tl
6220,fr
940,nl
8322,en
2678,id
7161,id
843,de
5650,af
702,en
10568,pt
16385,en
14117,tl
931,it
2316,id
8939,pt
15350,tr
13303,tr
936,tr
10053,de
3127,it
11525,nl
12160,tl
13521,de
15214,nl
11318,es
12004,tr
14304,fr
13459,sv
8990,fr
15304,es
11286,sv
9707,af
2203,it
16648,pt
5043,tl
11331,sv
15676,sv
14029,fr
169,tr
16413,sv
12161,en
1294,nl
10501,nl
4023,nl
8631,en
13934,en
3011,fr
4116,fr
10851,id
9426,it
7971,it
11204,sv
15736,sv
8300,fr
588,es
9301,sv
10523,sv
1276,id
17119,id
16314,id
17052,nl
15592,it
11664,sv
10938,id
2198,nl
11168,tr
1047,af
6621,en
4171,id
2795,pt
16930,de
9760,es
8343,es
8347,nl
1940,tl
16559,tr
12189,id
3364,en
10827,sv
5134,tr
3750,tr
2795,fr
2496,en
3554,fr
5062,id
5574,it
16151,af
12468,fr
16419,pt
16642,en
14838,en
4271,sv
2927,id
2322,es
10317,id
3960,it
7025,nl
14000,af
4934,sv
8430,af
4933,nl
8290,tr
7628,fr
1276,tl
1617,sv
171,pt
7768,en
3829,tl
4992,fr
9124,it
11376,de
10979,sv
9121,pt
11705,fr
7741,pt
1832,tl
8857,tr
1719,tr
12722,en
6785,af
4803,pt
8992,it
10263,fr
2403,tr
5333,tr
14442,id
13758,it
10590,af
3196,sv
14246,tr
16056,de
14585,en
4084,es
14367,en
7291,id
9406,pt
12693,pt
3986,tl
3822,tr
10571,it
16162,tl
1071,pt
13297,de
15020,de
16455,pt
11585,de
12817,it
764,en
3912,nl
8004,tr
15994,af
4776,sv
10954,nl
7686,id
15670,af
4216,tr
5118,it
10317,it
3021,es
13567,tr
2566,de
13714,en
9059,tr
7946,it
4930,it
9402,de
2560,en
6201,fr
13754,fr
5623,id
17087,it
13310,af
16082,fr
1042,en
6151,en
1794,en
9720,id
16446,nl
10568,tr
15548,it
15177,es
15747,tr
16050,en
1636,sv
9507,tr
13823,fr
393,sv
1993,it
1123,en
8496,tr
13554,de
4951,it
12685,nl
10100,nl
11343,es
5523,tr
3128,es
4272,tl
14118,es
15181,it
16297,fr
3654,es
16754,sv
5688,tl
668,pt
3809,tr
1084,de
9994,en
7397,es
6069,tr
3401,fr
9601,af
7004,sv
5497,tl
8731,tr
4933,tl
13099,es
12716,pt
1675,sv
9923,id
10338,id
10156,en
6968,en
10256,de
10621,de
369,sv
14742,id
10132,pt
12381,es
10247,en
12383,en
6025,tl
12548,es
12376,fr
16225,id
16384,es
7975,sv
5552,sv
15700,it
15789,it
1759,tl
3096,pt
437,id
6764,sv
6074,af
1774,id
9061,en
17135,it
2724,it
13342,id
9506,tl
10848,id
391,tr
15626,pt
2753,tr
85,tl
7981,id
7768,pt
11585,sv
8568,it
7170,af
13616,af
3228,de
13705,tr
16263,fr
8461,sv
13858,de
2438,sv
4400,pt
13554,sv
16145,it
9326,nl
1581,af
6578,en
12261,nl
360,en
7686,tl
4547,en
4813,id
3205,tl
1160,af
660,fr
10815,sv
11841,en
5823,nl
4492,nl
16624,pt
4013,de
804,nl
13197,it
2237,tl
1076,es
16666,de
4152,tl
16158,pt
9457,de
11335,af
7467,es
4767,tl
6301,id
6682,de
6789,en
16666,nl
4930,fr
12294,af
7916,tr
5970,it
13689,pt
5258,tl
4174,id
9323,de
6946,es
6147,es
5324,af
1043,it
15229,en
9107,pt
10053,tr
10996,fr
15546,es
13761,af
2527,it
9107,sv
9678,tl
8289,de
2611,sv
11490,tl
8670,tr
12248,id
13491,nl
7697,es
7890,pt
5199,en
9316,id
6077,en
11067,id
6923,tl
13283,id
13383,tl
12004,nl
5823,nl
10177,sv
9541,af
15276,tl
10107,id
6055,es
2824,af
15289,fr
8948,nl
5149,nl
4086,de
9363,de
13580,sv
6388,es
4547,de
5721,pt
3338,de
2775,nl
9408,tl
14475,af
5401,tl
931,en
7890,tl
12548,de
3995,tl
9961,fr
13997,nl
9363,id
5122,tr
16005,sv
8129,nl
8107,id
1683,tl
4712,en
6201,en
3080,de
10317,pt
7918,sv
2647,it
329,de
9885,es
11911,pt
13819,id
11861,es
5468,fr
15472,tr
1554,de
6617,nl
15598,nl
10081,sv
15056,tr
15138,en
9738,af
14347,pt
13907,de
1047,en
4653,it
178,fr
6194,tl
15998,fr
13506,nl
11767,fr
15829,tr
16296,it
6856,fr
6557,af
14904,id
4799,es
16146,id
17148,fr
8888,de
6473,de
14378,it
9875,fr
10403,tl
8290,de
8394,nl
1759,fr
590,af
16701,it
10893,tl
150,id
3883,fr
12213,it
7777,id
16061,es
13181,id
13896,de
16672,af
13521,it
220,es
11751,af
7583,pt
14505,sv
14770,de
3207,fr
1120,fr
16710,it
15686,af
10508,sv
6214,tl
576,pt
174,pt
4336,en
8782,tl
3725,tr
936,tr
2296,fr
5812,pt
16162,nl
5996,es
1630,pt
1098,it
15890,pt
1300,sv
3562,af
3002,tr
3128,tr
6891,es
8409,id
11366,tr
3543,it
14706,tr
10590,nl
6378,pt
7902,fr
13607,it
9676,sv
7693,af
12235,sv
15350,en
16120,af
16178,af
590,af
13717,fr
8570,fr
6402,fr
7449,id
5996,fr
2396,es
9956,tr
13854,nl
751,es
7628,sv
15214,tr
2203,af
12797,id
16765,tl
14316,tl
15092,nl
14253,tr
9074,es
4934,pt
3694,af
15216,es
8925,fr
4439,es
15763,sv
7978,nl
9875,es
15177,tl
9795,es
1151,it
8958,fr
7450,de
931,de
15359,nl
5122,pt
1308,af
12233,sv
16028,sv
5116,nl
11483,en
14591,pt
16652,id
13297,tr
15472,en
9112,tl
2330,tl
9394,it
9620,nl
12127,af
2957,de
2709,fr
17090,it
4449,id
4813,fr
8598,tr
15911,de
7353,sv
16851,pt
12329,pt
6959,tl
170,tl
10846,af
16165,fr
3174,es
15942,fr
7730,en
16989,en
16797,tr
3894,af
7287,it
10055,sv
4712,fr
13867,pt
16797,id
2959,es
13115,sv
13242,pt
13122,fr
10667,tr
6045,fr
14605,af
964,pt
3434,id
6633,it
10667,id
3184,tr
5579,en
9931,en
4205,de
8469,de
7455,sv
12987,tr
5378,sv
16668,en
15205,sv
5578,fr
15185,sv
6015,en
14912,id
11081,tl
12291,nl
2408,pt
3364,pt
14189,fr
15765,en
16754,tl
8345,tl
3020,sv
6134,af
8107,id
11345,id
12381,nl
8245,pt
4798,it
11827,sv
4516,tl
6410,tr
15454,tr
4994,es
11098,pt
7316,de
2207,nl
5966,de
5590,tr
10786,en
12452,en
2432,de
4412,tr
13310,nl
9793,af
6473,tl
2548,fr
6694,tl
10684,tl
10815,id
12835,sv
5074,en
17054,nl
13252,id
6708,af
14539,it
15401,de
15296,tl
837,tl
13722,pt
3614,tr
4313,fr
3780,nl
7557,tr
2403,it
6410,es
7655,pt
6372,sv
15829,id
6055,nl
11636,sv
14700,id
17095,it
15828,sv
16777,sv
8415,fr
5501,tl
1703,pt
10366,nl
12289,it
9844,tr
8914,de
2128,es
7397,sv
8366,en
9542,en
8906,it
14549,es
6618,id
9591,tl
13625,it
14347,tr
13242,af
8494,af
10709,id
14508,pt
7916,id
7520,en
290,tr
8774,de
12473,de
4130,nl
9952,it
13035,tr
15488,de
767,it
1076,fr
779,id
16717,tl
10049,nl
6060,af
14150,id
10119,af
17136,af
8302,af
8345,id
8245,sv
4477,nl
8,nl
11845,en
11418,en
7000,sv
1710,it
15693,id
8148,sv
5691,de
585,es
9896,de
10072,tl
426,nl
16609,fr
9460,id
4662,tl
5047,nl
6118,af
12582,tr
6575,de
4248,sv
15304,tl
10936,fr
4848,af
15652,id
15359,af
15039,af
8651,sv
15756,tr
5122,es
15337,es
3507,pt
1759,it
13762,en
6424,en
1030,es
8516,nl
10868,es
15409,nl
13907,de
16666,en
13983,sv
5349,tl
7087,af
7170,es
11636,sv
12800,en
5245,tr
7606,sv
4442,af
8765,nl
299,fr
9554,sv
14330,fr
10406,tr
2365,en
11490,pt
13685,nl
15950,sv
16891,es
451,sv
46,en
13927,de
10527,nl
219,tl
10471,sv
5318,es
8667,pt
15904,id
8985,sv
3138,af
5691,pt
5332,it
9812,tr
11453,pt
7666,nl
15457,nl
8320,es
6024,tl
5411,es
10077,tl
11353,id
13494,es
13681,pt
7055,sv
4951,tl
150,fr
10333,sv
15686,fr
6729,sv
2753,sv
6850,es
9942,fr
1677,sv
258,sv
13705,sv
15457,pt
16955,es
11166,sv
1940,en
11296,tr
712,en
2338,sv
9969,pt
15197,tl
8948,sv
10579,af
8553,pt
7596,tr
10712,en
11303,pt
4136,it
13761,nl
16427,fr
13982,tr
10940,tr
15857,id
15337,it
10674,it
13929,pt
5871,de
5413,af
16701,fr
15634,de
7820,es
14367,id
393,sv
14505,sv
7956,sv
12856,af
10503,tr
6417,af
11607,fr
1425,de
7711,pt
14154,fr
6370,tr
4309,tl
4346,sv
15651,fr
8907,fr
13854,es
4227,nl
10171,de
7563,af
4174,en
8449,fr
1593,fr
4921,fr
9976,id
13175,af
13521,sv
5027,fr
16975,tl
6112,en
765,it
8960,en
3714,pt
5396,pt
16354,tr
16178,tr
6109,it
5985,de
12354,af
16201,nl
9202,pt
8230,af
17019,en
4653,tl
13404,tr
4375,id
6615,pt
897,af
6213,es
5085,sv
2796,tr
14368,tr
2075,tr
3321,pt
4155,nl
4882,it
4934,pt
3034,en
726,nl
6301,tr
8410,en
5158,nl
17138,it
6946,tl
16050,af
3822,en
4614,af
2927,nl
14889,de
16201,nl
15777,es
2225,id
2960,it
4933,pt
15802,id
2298,en
6937,pt
1639,de
14243,es
11154,sv
46,en
2423,en
7570,nl
6936,tl
1941,pt
3329,af
15723,nl
11782,nl
525,tr
1048,tr
11922,en
635,es
16733,en
10755,tl
10206,tr
8055,en
11920,it
15092,tl
2203,id
4951,af
5016,tr
15214,en
11261,tl
1684,nl
6850,es
7100,fr
7039,tl
5531,nl
14044,it
7613,en
7863,nl
14615,nl
9116,tl
8035,es
6737,id
16838,id
5156,en
2082,id
10525,tr
5997,id
8900,id
5341,af
5027,fr
13297,es
6433,en
11827,de
5160,en
15075,fr
15703,sv
10588,af
16648,af
4013,fr
13407,es
1127,nl
16983,af
16317,tl
2288,es
16874,sv
3337,it
13069,de
11483,tr
3127,tr
4544,fr
3750,it
1352,en
7889,fr
6069,pt
17020,sv
5006,fr
4560,id
1594,id
3982,pt
14253,es
10738,tr
15518,de
14791,es
27,it
8888,tr
6958,tl
9656,fr
3039,nl
5027,id
13871,de
6027,es
11427,af
9976,fr
15845,fr
1786,en
13412,en
4620,it
9561,nl
6559,pt
3915,es
7355,sv
8541,pt
14283,es
14117,sv
1071,tl
10213,nl
3091,tl
3426,tr
862,es
2560,tr
15296,sv
3408,nl
5475,af
3212,en
15503,en
11570,es
10288,it
7152,fr
11296,nl
12817,sv
13592,it
9746,it
2615,nl
10712,en
17107,id
5902,it
9054,de
1575,de
15231,en
10621,tr
6652,id
11999,nl
3522,es
4966,pt
2497,sv
13383,nl
13881,tr
86,af
16148,tr
6726,de
10621,id
5902,es
13459,es
3741,de
1833,fr
9361,de
9153,id
10804,en
12166,nl
13372,af
6489,fr
6489,tl
7902,pt
6682,id
11273,pt
15127,tl
4477,de
1622,nl
15792,fr
10321,de
8774,nl
4673,fr
4606,en
6424,fr
13871,de
3330,es
12537,de
281,nl
14214,tl
16100,nl
16162,id
11825,de
427,nl
16781,it
5286,it
10333,en
11502,sv
4040,id
10399,de
5201,nl
441,pt
14857,fr
4137,de
10827,de
7889,nl
12779,it
10508,de
13689,es
1803,pt
6489,id
3761,id
5661,af
16907,fr
4273,es
3146,tl
9233,pt
4618,en
6561,tr
9321,tr
9236,af
14608,de
9107,en
2373,fr
5577,af
4689,en
10107,sv
8150,af
1059,fr
16677,es
4224,fr
4957,tr
7613,fr
3631,tr
15707,sv
9986,tr
3050,es
8900,tl
15785,es
1671,sv
11427,sv
4241,en
17111,id
3775,fr
10753,es
15345,pt
4680,sv
8260,it
16975,de
13741,pt
16402,it
1427,id
50,fr
7927,tl
3714,de
6994,it
11706,tl
4838,pt
6801,af
2917,af
2408,nl
11681,fr
13342,tr
10462,pt
16712,fr
9738,sv
5157,de
12430,pt
864,af
10756,it
16402,id
14074,id
14170,de
14090,en
9301,en
13853,es
14179,sv
13547,sv
9353,fr
3686,pt
14179,es
1379,sv
17143,en
7044,af
12291,fr
10285,sv
10501,de
1123,pt
6600,it
4662,sv
15828,de
1467,sv
17135,it
4121,nl
10570,tr
14000,id
1655,fr
14023,id
8771,fr
10049,nl
6025,tl
10455,tr
10828,pt
10031,af
6294,it
11177,pt
13853,tl
1675,de
3091,id
14406,pt
8449,nl
15464,af
1467,sv
14615,en
5245,id
9149,es
17051,id
16873,pt
348,tl
13064,en
6495,en
3582,af
16376,fr
2859,af
3031,pt
8206,it
2056,it
14504,tr
15276,af
7170,nl
15777,it
12252,es
13580,sv
4248,en
11318,id
10621,tr
9964,sv
7613,de
4081,en
10078,sv
14933,it
5330,af
16712,pt
8436,de
15610,es
10317,tr
9706,es
6372,en
738,es
9902,af
16711,fr
2965,tl
16222,fr
6295,fr
6074,pt
6439,sv
10321,sv
4826,en
10979,it
8001,en
4973,sv
12004,id
11451,nl
8055,es
3400,tl
6747,it
7100,es
6596,af
7697,sv
16730,tr
1108,af
8245,pt
15655,it
2075,pt
6469,id
14981,pt
12883,en
12558,pt
16523,de
10815,id
10970,en
7496,tl
13101,tl
9885,it
15736,tr
16813,id
16591,id
4436,id
8,tr
4436,en
5010,sv
15994,nl
7542,nl
12256,fr
15556,de
11133,af
6045,en
17179,tl
3982,tl
9363,sv
1537,pt
14912,de
3554,pt
2795,nl
8967,fr
11265,fr
13799,nl
15862,fr
17123,de
7894,es
10563,pt
1777,af
7113,sv
8782,sv
14367,en
8388,pt
15382,af
15966,en
5774,tr
12905,en
12537,pt
10753,nl
17151,af
12098,id
10760,af
8404,es
8394,nl
12409,tr
12873,sv
15626,af
16151,fr
4654,nl
608,it
13206,en
13192,tr
11267,tl
12020,nl
1778,sv
14015,sv
15815,fr
4132,id
9924,de
10053,tl
5258,af
5611,it
826,fr
6616,tl
9014,es
13591,nl
12606,sv
13122,de
3562,it
14356,es
14246,id
4346,id
8,pt
6856,es
9506,en
4402,af
7004,it
1803,id
7557,tl
6294,it
6582,nl
17069,nl
4992,af
10915,fr
15593,af
4772,nl
11368,de
2373,fr
7499,tr
15610,id
4272,es
10996,af
16899,es
11644,id
10177,tl
8415,es
12469,pt
124,nl
13181,tr
4580,en
7908,sv
456,nl
11343,sv
2840,it
14891,nl
14928,tr
16693,tr
15464,de
16677,fr
533,tl
14648,it
2168,it
15963,tr
16028,id
16120,it
2134,pt
16145,pt
4890,id
11911,pt
4334,pt
997,pt
16801,es
4253,en
448,pt
9844,af
10048,tr
11180,af
5524,en
8044,id
15880,pt
3717,id
14015,id
71,de
11177,af
13900,en
12986,id
2801,pt
100,fr
14074,es
5365,pt
5579,nl
16961,tl
16178,pt
4973,nl
9011,tl
8431,es
6815,fr
782,af
15789,de
8670,tr
10674,en
5414,tr
1474,nl
7820,de
1452,es
1722,sv
4166,pt
12263,fr
12818,tl
16766,it
4614,sv
7894,fr
751,it
3725,sv
9269,tl
16010,id
864,de
15231,pt
1607,es
1266,tl
2167,tl
8679,pt
3447,pt
2163,af
6282,nl
3702,es
151,fr
5157,sv
13705,id
14742,nl
16229,it
12233,af
1458,tr
8322,it
10843,fr
5911,pt
13869,sv
15982,tl
10770,it
14306,de
13370,tr
3542,id
11177,de
3091,es
3700,fr
5410,de
15802,nl
2496,nl
4496,sv
8975,tl
15618,de
150,pt
1575,fr
13758,es
14817,pt
6433,it
15456,es
6322,tr
14367,es
4309,en
1238,tr
8666,af
6457,af
16859,sv
891,af
13188,tl
15693,pt
8846,tr
1489,tr
6860,sv
13552,af
9182,fr
15763,nl
8245,tr
16518,en
6672,de
12846,en
8033,id
726,id
11695,id
1803,de
16419,nl
8261,tr
15845,pt
962,id
14169,es
3761,en
17052,de
17142,tl
11678,sv
3433,tl
13407,tr
3091,sv
14419,af
86,tr
2056,tr
1191,en
451,sv
11339,tl
10077,tr
2564,tr
3967,nl
9746,en
3614,es
6147,tr
11417,tr
944,tr
4524,sv
14995,af
14243,es
14000,sv
1336,fr
5703,es
16377,en
8975,es
13223,id
4244,sv
13706,id
3960,es
14368,sv
15402,en
11286,en
1151,it
0,fr
4183,pt
1043,de
7098,id
2403,af
6213,it
7355,sv
13298,en
2531,de
14884,pt
9640,id
2517,pt
15197,tl
6371,sv
8960,tl
14096,af
1750,nl
3986,sv
11802,nl
12930,sv
14673,de
9746,tl
16694,fr
2931,tr
10571,de
12343,af
4502,nl
8985,en
3886,es
4442,it
7916,it
13411,tr
8562,pt
1374,id
3008,en
7380,fr
6050,af
11782,en
13683,nl
216,id
8822,tl
2350,id
329,it
1404,fr
16280,sv
3700,fr
962,pt
11168,tr
6515,nl
8631,pt
4217,fr
8857,id
2898,tl
8148,af
15197,af
14762,it
11024,tr
10915,sv
8079,de
11932,af
12672,tr
6073,fr
9964,tr
4155,es
14317,de
10534,af
2400,af
1750,en
14001,af
1962,nl
1061,de
13636,en
16354,sv
15124,tl
15652,sv
3542,tr
2220,af
430,tl
9216,it
15464,id
6177,sv
13690,id
1063,de
10931,en
7000,it
3967,pt
3196,de
13303,sv
16455,nl
14367,de
6214,id
10061,id
7496,tl
7726,tl
15205,sv
5349,tr
10048,it
837,tl
14912,id
7690,it
12233,id
12972,af
6267,pt
13907,es
6746,de
7087,it
1379,nl
7262,es
9061,pt
15721,id
3606,sv
10338,tr
10055,af
4205,af
8013,af
11075,de
10887,id
11947,es
14412,nl
1014,de
10156,pt
8241,tr
5888,id
4026,af
6815,nl
16145,es
8694,en
11483,es
5243,es
2016,tl
13312,sv
7711,tr
15815,nl
10260,tr
9384,nl
5411,tl
5840,en
11999,en
15213,es
10760,en
1760,it
27,tl
527,af
2316,en
16048,sv
9275,id
8073,it
9878,es
6878,pt
12553,sv
9902,es
16163,tl
261,tr
8289,pt
1158,tl
5245,nl
4232,tr
5243,tl
6710,sv
5103,pt
16518,nl
12121,en
12054,de
10016,fr
7655,sv
6103,es
826,nl
6166,pt
16377,pt
10853,id
11259,id
16563,tr
14419,id
11140,es
1276,af
14706,sv
7467,nl
7606,it
11633,af
4618,it
2914,it
16398,fr
362,en
10045,sv
13177,it
10756,fr
12182,sv
13330,tr
1252,tl
11174,af
12473,en
12254,en
2026,tl
16151,sv
16245,sv
12736,tr
9542,nl
8126,de
10182,tr
6967,nl
11303,pt
12254,es
17170,sv
4871,de
4244,tr
10960,en
16892,es
6229,es
9815,id
3489,fr
10655,fr
13494,en
61,id
10302,it
13780,nl
12308,sv
1756,sv
16353,id
15554,fr
15075,fr
5258,es
2870,fr
804,es
6617,nl
12800,tl
15987,tl
712,de
9194,id
2412,de
10444,af
8001,fr
2551,es
14170,fr
15350,nl
8058,af
10286,tl
10403,nl
13023,af
13567,en
5600,tr
250,it
920,es
12310,nl
6737,es
8073,tl
8732,it
2320,es
13619,sv
15950,es
6313,af
9691,id
16872,tl
15186,sv
3337,de
430,af
16056,nl
13031,tl
14646,id
4362,nl
14025,af
12607,tl
13372,nl
3750,pt
2330,id
8280,es
2548,sv
11767,pt
712,sv
11875,nl
15487,fr
15055,en
4136,pt
13552,de
17051,id
4178,fr
14315,tl
12710,de
7355,pt
7879,es
3774,id
4917,pt
7266,nl
1635,id
10684,en
15364,sv
4620,fr
8302,fr
7664,pt
15271,en
10655,tr
2113,fr
11643,es
5611,id
3447,pt
8085,de
8925,id
16791,sv
5047,tl
11644,sv
9198,de
13215,tl
1294,fr
16772,it
7870,it
16652,id
16763,tr
1756,pt
14412,it
17179,id
8667,sv
16353,tr
10678,id
9237,pt
7844,it
7087,en
11339,sv
16430,tr
8013,sv
12019,es
9772,pt
6568,fr
12883,en
1063,pt
9680,pt
6516,id
16467,es
15056,sv
9528,de
10696,en
6027,en
15032,fr
8001,de
2134,nl
5250,nl
13552,sv
14023,af
4227,es
13853,id
5152,de
2309,nl
9198,en
11215,es
16052,it
100,pt
5243,nl
13869,fr
1778,de
6732,it
14592,en
5911,fr
7499,es
17005,nl
10731,it
9617,es
16560,fr
9156,pt
16430,pt
16677,tr
16201,tl
15296,tr
16880,en
2578,tr
15849,tl
11423,de
13567,en
5396,nl
16672,nl
13016,es
11279,it
5413,tl
1042,en
10355,es
5043,it
3829,id
9726,it
14919,it
12070,pt
3727,tl
5600,id
13853,it
1640,tl
3474,tr
14917,it
15968,it
1804,tl
1622,tl
11166,id
7189,id
9895,fr
8765,af
11598,af
3859,de
4442,pt
4026,tl
6129,de
6496,tl
1811,en
15133,id
14787,nl
7712,tl
15056,it
3184,tr
12838,tr
6352,it
4560,sv
4040,af
5341,en
441,en
15610,nl
10055,en
6376,de
8868,it
12582,it
16353,sv
14763,nl
6294,tl
424,id
9812,es
10731,de
8388,es
17115,fr
12839,fr
16589,de
10308,fr
10427,tl
6958,fr
6050,fr
441,af
10365,tl
14857,af
10985,fr
46,sv
11267,nl
10080,en
11141,de
14368,id
9902,en
15548,pt
16622,nl
2753,pt
9155,en
15296,tl
9327,it
12844,fr
3727,af
12957,fr
3204,id
3864,id
13043,pt
16693,sv
15933,pt
9198,tl
5261,sv
4933,pt
7232,tl
9341,nl
14370,nl
11515,tl
631,fr
1683,de
3386,en
7726,pt
4244,nl
2288,id
5611,sv
14044,sv
2975,it
8553,en
16698,id
1794,tr
8782,tl
4491,pt
16947,pt
258,fr
5341,tr
14308,es
12381,nl
1180,nl
2796,id
14817,fr
451,de
12245,es
8461,tr
4550,it
3178,de
15062,tr
11678,nl
7712,it
4913,nl
15554,nl
6994,tl
3031,tr
3020,es
4580,en
5966,tr
10053,tl
14787,id
862,en
11250,it
4217,tr
13342,fr
10915,it
9656,en
15177,es
2733,tr
3021,en
15511,it
4692,en
2673,en
12972,af
12818,es
3481,sv
10571,id
1527,tr
1675,tr
8148,en
2167,af
5550,af
7946,pt
16461,fr
2208,pt
430,sv
9059,it
4048,id
2355,pt
12383,tr
11751,nl
8029,fr
10093,it
1120,sv
1404,af
7918,tr
7654,id
11860,en
13554,id
1249,id
355,nl
7892,en
9565,sv
9198,fr
16899,sv
11664,id
9103,en
10076,en
10440,de
1352,nl
14000,it
12162,pt
2432,it
6542,sv
11215,es
6806,af
12306,de
1547,fr
2062,id
50,de
4201,tl
13150,sv
7879,id
5958,tl
5570,tr
10846,es
13683,en
2594,id
3408,sv
5009,sv
16089,id
6064,it
1108,tr
533,af
11067,fr
15231,af
3034,id
9182,it
3433,nl
2859,sv
3020,tr
9966,id
939,es
16961,tl
12672,nl
4968,fr
5258,id
9918,de
424,fr
15634,en
3435,tl
6503,tr
158,tr
8126,sv
15401,de
6746,de
9855,af
5997,pt
6353,sv
10588,nl
2615,sv
2350,tl
1090,en
11303,tr
15995,tr
8535,es
5523,es
6178,nl
1238,pt
103,es
936,fr
329,fr
8110,de
9362,tr
360,pt
15815,af
2906,en
13618,fr
6064,tl
13714,id
5413,id
7847,nl
14440,tl
3175,tl
686,sv
2035,it
16455,tr
2163,en
1048,es
8308,pt
6615,af
12724,es
2704,fr
3570,id
13604,it
12536,de
6891,en
14126,es
10164,tr
7662,de
6229,af
11767,en
4998,pt
6974,id
2512,fr
3614,tl
9541,nl
1904,tl
1266,de
9095,af
12972,tr
16719,af
13881,it
4152,fr
625,tr
837,sv
4355,af
41,fr
201,nl
16532,en
7820,id
12306,de
10076,tl
16642,sv
1750,sv
1449,id
11266,af
13341,en
16891,sv
6181,es
355,en
10538,sv
6561,en
11858,de
14597,tr
14189,pt
5347,tr
14465,tr
16166,id
14891,sv
2057,de
16024,nl
11525,id
16082,en
12263,af
11990,tr
9640,en
16427,en
9321,nl
9964,de
3603,en
8880,it
10523,en
4377,tr
16662,en
9630,pt
8390,fr
13888,id
124,tr
5196,nl
17019,es
4155,af
8651,tr
9175,id
5026,de
9594,af
7718,it
2128,id
10853,nl
3702,tr
5347,es
6594,it
15333,af
14115,es
279,fr
6836,de
761,id
5840,pt
13679,it
9507,de
11098,tr
9651,tl
3295,de
4132,de
5085,fr
13348,it
12874,id
3386,sv
11600,en
12802,it
9793,af
1511,tl
3884,pt
10503,fr
15445,tr
16461,en
16221,en
13222,tr
10534,sv
11916,sv
216,de
1301,en
10909,sv
2201,pt
5040,sv
4882,it
11990,af
2230,it
400,it
8912,en
15387,sv
3775,nl
16398,it
1744,de
7870,id
2908,tl
7557,pt
3600,fr
5650,en
14646,af
3,de
13067,id
12987,es
4309,es
962,it
14026,tl
9943,es
1913,it
1832,sv
6410,nl
9088,es
7686,af
5703,es
6045,tr
4013,nl
9674,tr
9112,sv
89,tr
3582,nl
4580,id
13023,tl
15199,it
6503,nl
6083,af
8598,tl
7654,af
8001,sv
16772,id
15828,nl
14995,af
9330,pt
8640,pt
13630,sv
8126,fr
4391,id
1804,it
16956,nl
10472,es
16178,tr
5465,id
12367,id
13706,tl
4253,it
3725,af
7902,af
665,nl
15532,sv
6650,sv
4283,it
8846,de
17123,it
3441,nl
16297,de
5160,af
9909,nl
9061,de
6041,tl
8535,id
16518,de
15890,sv
15857,nl
1830,de
5671,de
7890,it
14130,es
5128,pt
3631,id
9897,it
11261,tr
14822,de
6562,it
12419,tr
12873,af
6682,tr
11026,af
6127,af
3960,id
11987,nl
1440,nl
12982,tr
424,es
1043,tr
6542,de
6434,pt
2588,it
2566,tr
9909,fr
6500,tr
13777,it
14179,tr
13124,en
9815,fr
9931,de
5574,af
1607,af
15995,es
3034,pt
8781,en
5292,tl
5396,pt
15703,es
369,nl
14605,de
3907,en
12066,en
6457,id
15062,fr
6495,es
17156,pt
124,it
3774,fr
9986,de
4848,it
4312,it
10080,en
6923,de
12582,af
5116,it
14228,af
15124,de
16717,sv
6469,en
6593,sv
11098,it
16846,en
2573,fr
16838,de
10508,id
1796,nl
5688,es
2296,nl
13439,en
16838,es
13926,de
5823,tl
931,nl
11953,tr
6313,en
9204,fr
13536,en
512,sv
11875,id
7141,af
11075,tl
14601,id
6557,en
7549,en
14190,de
4524,tr
2679,en
6694,tr
15296,en
5911,nl
14622,tl
8579,pt
3995,pt
4887,de
1933,af
10403,fr
3606,tl
8741,it
1794,de
2870,fr
16446,nl
1249,pt
10285,tl
8150,pt
6806,nl
1120,it
2271,fr
14690,id
10288,pt
6744,pt
151,af
9358,af
9193,id
10851,fr
8004,es
14794,fr
6683,fr
14879,nl
7767,tr
8771,id
6643,nl
15565,pt
508,sv
5997,en
10687,pt
3982,sv
14549,en
3305,nl
9352,tr
1866,de
16158,fr
7120,it
1741,de
11871,sv
3077,id
11685,nl
14912,pt
1551,it
2868,fr
11871,af
5201,tr
17123,tl
9760,es
11844,de
10308,de
1202,nl
8410,fr
5823,fr
11426,id
14530,id
16446,tr
14370,tl
3542,de
9568,en
10365,en
837,nl
17108,af
6865,tl
16956,fr
13031,fr
11343,nl
1639,de
13404,de
10970,pt
11827,af
1833,it
14118,tl
3021,af
5570,id
6572,es
15802,sv
443,pt
15548,id
9918,es
3683,de
13777,tl
14498,af
2472,af
6596,tl
15010,af
6747,tr
5347,es
14817,de
7467,af
4662,fr
9918,pt
9569,es
5128,tr
10081,fr
15731,nl
13318,es
730,tl
3750,en
14585,it
15326,af
7654,id
2798,it
4224,af
5103,en
726,es
8967,nl
8598,fr
10534,tl
14382,nl
13679,es
13102,en
491,id
16914,af
3116,nl
14889,nl
14228,sv
9175,pt
9793,af
16446,af
5038,tl
219,en
16276,it
2517,tl
5250,af
6025,tr
5149,en
8241,en
10957,fr
15318,fr
14011,fr
9772,tl
9565,pt
4186,af
1549,tr
6166,af
13855,af
14101,en
12957,af
8251,af
366,id
16100,tl
8037,en
10220,es
7919,af
8553,af
17052,af
16593,tl
14449,de
13984,fr
9952,pt
527,en
16892,tl
10501,es
3507,de
1400,tl
5948,it
14967,af
12802,pt
2512,id
263,tl
1151,es
3568,id
11081,en
3586,it
15358,tr
9284,nl
6926,id
931,de
3099,fr
7004,tl
508,af
16911,en
379,de
11700,it
14461,sv
16052,nl
10403,de
16622,tl
1063,de
13521,fr
494,pt
12150,fr
11250,id
14995,tr
1256,de
11302,de
4837,fr
10317,pt
12073,sv
9520,nl
9761,es
4917,es
8585,tl
80,en
13591,fr
2545,nl
14170,sv
10981,af
1924,af
7922,de
7319,es
15670,id
4258,tr
614,pt
5165,nl
8828,es
12054,af
1084,nl
2351,sv
15963,pt
6353,es
16814,pt
8541,en
864,tl
12294,es
10099,fr
2548,af
5550,id
5349,tr
4985,it
9980,fr
13796,de
15651,tl
7557,sv
16501,fr
13591,sv
2203,es
1413,tl
15387,de
12098,es
14304,pt
10357,en
15966,nl
2311,it
4201,tr
1833,de
9236,tr
2679,af
9107,sv
9116,pt
13186,pt
11514,es
1176,es
11384,id
15472,tl
1266,tr
2400,id
6069,af
12339,nl
8516,es
12159,af
11257,pt
16975,es
15880,en
13122,tr
15513,en
3586,pt
9669,de
3838,fr
6539,id
12127,tr
16221,id
8916,id
2447,en
299,tl
1811,af
11636,es
5497,it
385,nl
6496,tl
10206,tr
17156,sv
2868,sv
11798,nl
11162,tl
14917,de
8868,pt
16038,nl
6725,fr
1874,tl
8129,pt
11916,it
2205,pt
10197,de
7524,es
8672,nl
13983,pt
9341,tr
6060,de
15565,af
11427,de
1413,es
2451,fr
3146,af
14481,nl
8055,tl
5573,pt
14904,de
10667,sv
3295,tl
13616,pt
4580,es
15661,id
10150,es
14605,en
6798,af
5261,id
16222,tl
5573,af
13567,de
8248,es
13175,id
16930,it
11563,pt
12073,en
13043,sv
8037,tl
3378,id
174,en
393,es
5573,de
13738,es
9577,sv
9651,id
9507,tr
6313,tl
5149,tl
3011,tr
1870,it
3037,sv
11796,es
11751,id
4966,af
9629,id
4309,es
13798,tl
10709,pt
11424,fr
6562,it
12693,tr
4896,es
12430,sv
5043,de
15792,fr
4589,it
391,de
6448,de
3819,nl
4461,it
4247,id
16320,de
2441,es
7549,de
14453,tl
6616,nl
14228,pt
6860,tl
47,it
3264,sv
7219,es
15548,sv
2548,pt
2156,pt
10816,de
10786,af
16642,af
4710,en
2703,tr
14912,es
7219,af
13140,tr
7355,pt
14316,nl
12814,af
11340,sv
12166,tr
5297,id
15707,nl
7711,id
17108,en
8290,es
16763,tr
14015,tl
14544,en
10177,en
9629,tr
2773,nl
11867,id
13199,id
2717,nl
16899,de
9720,de
10352,de
2093,tr
13310,nl
9851,id
6973,tr
4837,af
10090,en
13690,tl
585,es
2777,fr
5074,tr
6964,id
8230,tl
11636,nl
8828,nl
13404,it
8765,it
14170,it
3960,pt
2801,id
17052,it
4024,pt
4119,tl
14917,af
3387,af
10247,fr
13340,en
7539,af
4024,de
4845,it
9561,af
14763,fr
6582,en
6489,de
10970,en
2441,tr
15563,pt
14553,de
4121,it
1217,fr
14770,pt
14026,fr
16989,sv
6382,af
2610,sv
5050,fr
3098,nl
13467,de
9460,sv
4241,tr
4347,en
10608,en
1144,fr
5127,es
11767,pt
6550,tr
14822,af
6682,tl
15546,tl
8402,nl
9236,de
9795,sv
5401,en
13819,de
12233,id
1510,it
13016,id
12251,es
14926,it
4896,pt
6582,af
12367,sv
9871,sv
6469,fr
4299,sv
6726,af
16662,pt
3175,pt
11029,en
13451,it
4487,en
4826,tl
85,tr
9976,sv
10093,it
6495,en
13252,de
1065,af
279,de
9768,fr
3543,tr
10848,fr
15444,nl
13166,tr
9460,af
13457,fr
14370,id
13102,tl
13412,en
5658,en
3742,af
6025,de
14116,sv
14228,af
14508,tr
8390,it
15062,tl
3080,pt
8001,es
11796,nl
2639,sv
9651,pt
1205,en
5199,sv
11903,de
7044,en
389,id
13486,sv
6557,sv
6708,es
16930,de
5250,nl
7087,it
10755,tr
10790,fr
10957,pt
10931,tr
15487,de
7570,sv
6134,en
3912,tr
15765,id
13630,fr
3030,es
12558,it
6061,en
13717,it
1703,tl
10346,sv
3780,de
5544,pt
16437,nl
9323,pt
9619,it
2717,fr
11318,tr
15700,fr
11751,de
3167,en
4673,id
13575,fr
11455,es
5497,sv
5635,it
5413,tr
16777,de
11845,tr
9691,sv
3212,en
16730,sv
12098,sv
10132,af
14473,de
6959,fr
3554,tl
12873,pt
8033,af
11514,sv
13986,de
14545,nl
16591,es
7751,tl
11460,id
473,tr
9629,pt
13688,en
2859,tl
15359,es
8073,sv
8670,nl
14169,de
5037,nl
12839,it
3700,de
11677,id
10738,pt
11417,id
2610,pt
2414,af
2985,pt
6439,id
668,tr
8044,es
11133,af
1205,fr
11361,de
555,it
7117,pt
6997,tl
16496,en
15039,sv
132,pt
14154,pt
122,sv
9706,es
686,fr
4871,sv
5820,nl
16201,en
2338,sv
1030,tr
2753,es
14926,fr
8679,fr
6897,es
1454,pt
10440,id
12019,nl
2962,pt
3146,af
14090,af
3489,fr
1180,fr
1423,es
7117,tr
15598,id
10501,sv
6496,en
15656,sv
14644,nl
6073,pt
6495,pt
7293,nl
9353,sv
437,tr
1176,tl
2322,it
8055,tl
3323,fr
7080,nl
15409,es
13636,tl
7613,id
13740,en
999,tr
11767,de
6477,af
3532,tl
16766,de
4784,nl
3116,es
15155,tr
2423,es
7004,pt
3214,sv
3883,af
3595,tr
13341,es
16666,de
7922,fr
588,fr
8366,sv
2985,pt
13115,af
8308,id
2298,sv
4803,af
9895,tl
12252,it
344,tl
15686,pt
1148,pt
10093,es
5149,tl
7953,sv
17179,pt
1870,de
4336,en
3295,es
14822,nl
6936,tr
1940,es
6973,it
781,fr
12722,id
12419,sv
14549,af
6174,nl
15651,en
10577,sv
13681,it
1870,es
10755,en
3114,tl
1205,id
588,pt
15200,sv
8358,nl
16859,pt
7450,id
16930,tr
16890,de
13690,de
5703,sv
8366,id
14608,tr
5082,af
7461,de
2540,sv
9761,en
8642,id
407,nl
16384,es
9124,af
17156,af
6015,tr
767,tl
15399,fr
12437,sv
4428,en
13616,fr
9856,en
4985,es
1474,pt
2959,af
3741,es
8949,af
12548,af
3742,sv
7463,tr
3407,id
13370,fr
10915,tl
12707,it
4077,tl
2075,pt
8415,af
7556,fr
10019,en
1710,it
11168,tl
15109,fr
4463,it
2387,id
4831,pt
14229,tr
9569,en
11616,it
2237,id
5414,sv
11265,pt
4587,fr
10523,id
14530,nl
10105,af
9116,af
8857,af
14597,sv
2320,de
767,de
13346,id
6194,en
17052,tr
3503,nl
1677,sv
3118,af
9980,id
9923,tl
8033,id
15747,de
13722,it
17123,af
5318,fr
329,af
15963,id
2016,nl
14683,pt
11322,id
2551,tr
7314,af
14917,nl
7712,nl
12189,en
5414,tr
1933,af
9520,sv
4112,es
2721,tr
14879,af
13407,es
13215,en
14994,sv
12159,pt
5051,en
13372,tr
169,af
2903,af
3566,af
9471,tr
11802,af
5396,fr
4355,tr
4402,nl
3338,it
13310,tl
17156,de
385,en
631,fr
0,it
1594,sv
9980,nl
12281,fr
10497,af
12213,id
13774,nl
11875,pt
10512,en
9979,de
11024,nl
16082,sv
13487,nl
14268,af
6713,de
7477,tl
5856,it
6072,en
11189,de
15513,en
4496,fr
7455,sv
15995,tr
686,nl
15560,nl
2472,en
1180,it
10808,de
14761,es
3361,de
2298,fr
17075,tl
4461,tl
6295,de
2724,en
182,sv
1413,nl
10687,nl
796,es
843,fr
5159,es
555,id
219,id
1256,id
11186,pt
7628,sv
12213,it
768,de
16677,tr
14690,nl
85,es
9138,sv
13853,sv
12377,en
6643,en
15055,pt
11585,sv
4461,tl
15409,en
1640,nl
3785,en
12244,fr
15789,it
9014,af
16385,fr
13221,tr
16669,nl
7224,pt
11643,pt
5635,de
3401,it
5116,en
315,tl
2271,de
12413,es
10442,en
15561,it
13666,tr
9632,en
3330,tr
4178,pt
15305,nl
15276,es
9923,it
16872,tl
4023,tr
9137,tr
71,fr
14505,nl
8107,nl
7927,nl
5279,es
12248,id
10333,id
6559,tr
6438,pt
4273,tl
3426,tl
13685,sv
8426,tr
7057,fr
11459,tl
4183,fr
10853,id
3884,fr
6774,nl
2560,af
6220,en
13604,de
964,pt
14874,tr
59,es
15983,tr
1554,pt
8631,nl
3280,id
15296,it
9187,fr
4712,de
3859,it
11570,es
4088,af
1372,tl
2812,nl
13016,nl
333,fr
3034,fr
13666,tl
9694,tl
17054,nl
12623,tl
10335,it
4831,en
4544,fr
7655,nl
3911,tl
3008,tr
7556,en
7565,en
8731,nl
6305,it
15020,sv
5037,af
13819,id
6710,id
1830,af
13984,af
10166,af
12261,id
7711,tl
9250,en
443,es
15311,it
2548,af
14354,nl
9074,fr
3775,sv
2264,es
2400,tl
11318,tl
12261,it
10150,sv
3750,id
1264,tl
5590,pt
7295,es
16694,it
15554,pt
8553,tr
9931,es
15138,fr
5292,sv
0,es
8004,de
5159,de
1807,es
10678,tr
6964,tr
8058,id
4994,it
11424,de
3603,tr
16361,fr
9137,fr
11162,en
12244,it
14684,pt
2497,id
2921,it
14442,af
3812,tl
5627,id
14395,en
9637,it
16183,it
8853,fr
9352,de
11685,id
63,es
15216,it
14239,id
5074,tr
14243,af
16096,tl
10197,de
14742,en
9620,af
6060,tl
6109,af
12844,fr
15444,nl
11796,it
1428,tl
10080,pt
6194,it
2566,fr
14690,nl
16560,it
9088,tl
13758,sv
8430,id
1148,de
9254,sv
9561,id
11023,es
2678,sv
3091,tl
14457,af
9930,it
177,fr
1756,tl
16983,it
2480,tl
8888,it
11514,de
1671,en
6891,id
6162,tl
4917,es
10512,nl
11339,nl
6295,it
9669,id
2850,nl
2678,pt
12054,es
7978,fr
11875,en
612,sv
5160,nl
2690,es
15518,nl
870,id
11610,fr
2146,id
13221,it
3936,fr
5955,it
7039,tl
10679,en
14919,af
7257,pt
2773,de
7726,de
6112,tr
12999,sv
2093,af
12240,nl
15777,id
13188,es
8985,tl
3050,nl
10673,pt
16005,sv
17020,pt
11610,en
14316,it
9438,fr
3228,sv
7209,nl
6385,nl
5116,pt
10381,en
4614,tr
4838,id
12532,tl
5196,nl
5165,de
15548,nl
15723,de
686,es
12160,id
8791,fr
4132,it
2258,nl
6103,nl
13761,sv
4361,de
12256,en
10061,af
9153,es
12299,tl
4606,fr
2168,sv
13361,nl
3349,fr
3011,id
13078,nl
6077,tl
6061,fr
4589,fr
13206,de
16029,af
3812,de
3222,pt
12800,it
13689,af
1594,es
4930,en
15731,de
8150,sv
4155,af
9676,sv
8730,nl
11773,fr
16559,en
730,tl
6402,nl
9994,nl
1533,nl
6801,tl
5619,es
14939,tr
15488,fr
9202,fr
9471,tl
319,pt
9030,tr
6621,tl
3762,pt
1579,es
13591,it
4132,fr
16082,pt
1784,pt
6593,en
13863,it
13625,id
8975,af
15592,en
9138,pt
2960,nl
13023,en
10895,tl
14889,tl
8824,sv
3127,tl
3812,de
9924,pt
397,fr
10357,sv
6722,af
169,fr
4391,nl
3193,id
3146,en
686,id
14241,tl
14117,de
385,pt
7170,es
10276,nl
16642,es
15655,fr
10954,nl
14063,sv
4673,tl
4178,sv
86,nl
3841,en
17156,sv
870,es
15113,it
8269,pt
2795,it
10292,tl
3305,id
6616,id
2156,fr
5623,de
11665,pt
1318,it
13684,fr
4112,id
11990,nl
8992,nl
315,tl
4550,pt
14163,tl
14355,nl
11238,pt
2673,de
4391,en
7583,id
16271,pt
10909,sv
12376,it
11598,en
216,fr
9977,tr
7777,tl
15326,en
2178,tl
7598,pt
7751,en
8001,sv
16276,nl
6027,it
2578,es
5199,pt
2611,nl
5902,pt
7319,sv
6683,af
4638,tr
5333,tr
16271,nl
6402,af
16163,de
4112,de
14147,es
8568,sv
5406,nl
11146,pt
12800,id
8520,fr
16605,tr
15298,pt
12235,nl
6897,sv
8978,tl
1808,tr
6301,af
12291,fr
16384,pt
10440,fr
10462,fr
5270,it
8539,de
16924,tr
13439,af
6382,id
9408,sv
5970,nl
7563,af
738,sv
14419,fr
9691,en
16165,en
8055,pt
9720,nl
2263,es
2578,es
576,en
8642,en
12724,tl
4496,sv
16406,tr
10960,sv
1622,sv
3080,id
15845,sv
150,af
14179,tl
4560,tr
779,tr
5439,pt
7039,es
10927,nl
7122,id
15467,id
9793,tl
1636,sv
1833,de
6801,af
41,af
4957,it
2206,de
6732,tl
16446,af
1683,af
10699,nl
9875,en
11349,nl
3099,fr
4428,tr
14838,sv
6433,es
9457,es
7955,sv
4851,tl
12607,tr
7004,tl
14683,es
10645,fr
16461,af
8585,fr
13346,pt
9943,fr
9019,fr
14891,de
4601,en
8990,de
2156,de
13439,af
14939,tr
12961,de
3091,es
14354,tr
2234,fr
10077,id
4017,en
2995,pt
12604,tr
4985,tr
8672,es
14838,it
12685,nl
6968,fr
11539,pt
6305,es
2985,pt
6997,tr
16532,fr
16874,de
15208,fr
9043,es
10655,de
10224,fr
4960,de
9394,sv
16166,en
13761,af
6801,id
4227,tl
5413,pt
11427,it
3852,sv
13077,nl
15508,fr
11858,nl
2432,id
5427,tr
4224,de
9254,de
7570,fr
16146,tr
9011,af
14504,de
6755,sv
16955,tl
13370,tl
12813,sv
12951,id
6426,tr
10226,fr
4236,tl
13077,de
7777,tr
7908,pt
5439,pt
9237,fr
14040,id
12951,tl
4104,pt
8140,nl
16519,nl
430,es
10909,es
4780,nl
864,fr
4803,tr
7503,nl
15815,sv
8107,pt
4130,fr
1372,fr
15763,de
11798,nl
7894,af
4547,af
15970,es
15321,it
2578,nl
1744,it
1994,de
9909,en
12818,fr
8888,id
3717,tr
13154,fr
967,it
8182,de
8769,sv
11782,en
1352,id
4272,it
10430,en
16002,fr
11420,en
7170,pt
10927,tr
9301,sv
3516,tr
2384,sv
12004,id
4934,it
3433,pt
14658,pt
1294,it
1527,tl
4712,af
7044,de
14053,af
16297,nl
321,de
16801,tr
6747,it
13799,fr
14465,tr
14315,id
14967,tl
6083,id
2168,sv
10333,de
16045,tl
11189,de
4620,fr
13457,id
9438,af
3750,de
4125,tl
102,af
5557,en
491,tl
9263,it
5026,fr
12442,af
3407,de
11920,sv
12446,sv
4909,sv
2035,tl
8300,af
10828,de
14378,nl
10674,nl
15721,sv
15318,en
12453,id
3674,nl
9896,en
2908,fr
4443,en
8415,tr
7500,tr
15904,de
8280,nl
2414,fr
7014,en
10981,fr
11905,de
17119,fr
14661,id
261,en
4710,en
7262,af
9317,nl
7061,fr
1960,af
4764,sv
16028,tr
7292,tr
16677,fr
5727,fr
4178,id
8900,es
13372,de
931,tr
14615,sv
9577,af
9977,id
6304,de
11858,tl
8413,tr
4443,tl
13035,de
1059,nl
2611,tl
15337,it
13580,de
9528,es
13766,de
13619,nl
12511,es
2777,pt
2611,id
10319,de
12098,fr
12354,de
13491,sv
8058,en
15213,sv
4268,id
8653,es
9305,af
16672,id
15456,tr
63,sv
10808,af
4232,af
9353,af
999,sv
1703,es
16624,tl
13881,af
2983,pt
5661,es
6446,nl
10292,de
5406,tr
4992,es
1617,en
8653,en
16749,tr
15723,en
527,af
6755,fr
10335,id
13855,it
6023,es
16419,pt
6319,it
10571,de
13714,nl
1554,es
3426,es
16222,tr
16717,fr
3669,de
4881,sv
9718,tl
11154,fr
16148,tl
4313,en
11616,en
4896,en
11954,de
4402,tr
11636,de
15792,nl
3444,id
14683,en
473,de
5574,pt
6562,it
3841,pt
13467,it
1653,it
10696,pt
10588,tr
7912,es
5050,it
15200,tl
11361,tr
6774,tr
5774,pt
8358,de
3674,af
13536,en
702,nl
4268,tr
4673,tr
6129,sv
9941,fr
17147,it
14151,tl
14791,es
6083,af
6229,tl
9761,tr
9691,en
3077,pt
1252,tr
9153,es
9358,de
6962,tr
12240,es
7567,de
8498,tl
12866,es
2962,tr
1352,id
14246,tr
13869,de
399,tr
11862,it
16406,tl
7730,en
411,de
315,id
8888,it
10053,fr
3741,de
3002,fr
456,nl
11166,fr
393,id
7889,nl
14555,pt
9011,id
14591,pt
10217,de
6181,tr
9202,tl
3407,en
13684,nl
8496,pt
6403,id
14339,de
9062,nl
4452,id
9689,fr
11920,nl
3884,af
651,es
5297,en
2931,nl
13361,af
7808,tl
10132,pt
7500,pt
14939,tr
15880,es
14118,af
15448,fr
2128,tr
6116,tr
870,tl
11339,af
299,tr
4125,en
5985,de
6411,en
7026,nl
12558,it
9506,es
9406,af
5330,tr
8651,sv
8674,nl
751,id
16914,es
12716,id
15508,fr
1371,fr
7851,it
6747,de
426,tl
2098,tr
10759,pt
4988,af
5358,it
7762,it
5974,en
2384,en
15020,pt
10776,tr
2316,sv
7718,sv
7912,tr
2887,es
4073,pt
12707,id
6992,af
13318,sv
9059,fr
2311,id
14243,af
6650,pt
16886,nl
7100,nl
3029,tl
10565,de
14919,af
6304,tr
6503,es
14096,af
5043,tl
3161,nl
2906,tr
8037,en
13188,sv
6798,tr
9754,tr
14253,de
10019,es
1646,en
6064,en
3008,nl
7981,es
14228,tr
17123,tr
8320,pt
5697,de
11133,it
10636,it
862,tl
11417,it
7664,nl
9291,sv
1546,pt
10317,en
1551,sv
2234,af
1812,tl
14912,nl
2373,tr
15950,de
2564,de
15553,id
10792,it
12672,pt
13197,tl
13199,id
6424,af
2717,id
2531,de
170,pt
41,de
4933,it
16874,it
10960,nl
427,de
16907,tl
3378,it
13722,af
7289,de
16072,en
13766,pt
4236,en
7569,fr
15109,it
13186,id
4881,nl
9341,es
15732,en
369,af
1527,tr
11871,af
15358,sv
8888,af
13346,pt
6878,tl
5198,pt
2859,tr
14053,id
16891,tl
14622,it
6663,pt
3516,it
4671,tr
4653,tr
428,id
2408,tl
10525,pt
3096,pt
11812,fr
8107,sv
11600,tr
366,fr
2709,tl
4024,id
14382,tr
7502,pt
779,en
8269,af
13035,tr
6162,af
16384,tr
4283,es
14116,de
5324,pt
13997,tl
13223,nl
9844,es
16719,af
15809,af
11279,it
1774,tr
6101,es
3077,pt
8562,tl
11437,it
286,en
3894,sv
2263,tr
7295,tr
4933,de
4436,af
189,es
4299,it
13798,en
103,tr
6301,tl
11720,de
11644,id
1440,tr
884,id
12004,de
14315,pt
4992,de
16297,tl
9761,pt
1784,fr
8043,tr
17095,it
360,id
15348,en
5658,en
936,af
5261,es
11270,id
10909,af
5911,sv
8766,af
6994,pt
13288,tr
16719,tr
13439,en
5297,pt
9930,id
3400,id
16438,pt
9363,es
15203,id
5278,nl
15670,en
11664,tr
4271,nl
967,it
15626,sv
2724,tl
14190,fr
6557,pt
7152,nl
4764,nl
17051,fr
6118,sv
6968,es
10848,af
7690,en
11706,sv
13854,nl
10023,sv
5902,af
6901,pt
3196,tr
9656,af
6489,af
6865,es
6892,pt
16627,nl
11024,tr
9520,en
12874,fr
5683,tr
6562,tl
366,es
4362,en
16282,tr
11164,de
9931,it
5600,tr
15214,nl
3398,id
12413,tr
2816,en
16045,es
7843,pt
15963,id
8562,nl
2163,af
11767,af
369,de
14126,it
13679,af
527,en
2208,es
8058,nl
11700,id
14684,nl
16781,sv
6178,nl
3859,fr
2234,id
7380,id
102,pt
13761,tr
9545,it
10132,it
790,it
8150,id
14442,de
3486,de
6109,sv
11664,af
31,es
16851,de
3582,es
1115,sv
3408,it
4443,fr
8290,it
362,fr
12869,es
864,nl
1061,it
14597,es
5324,pt
15289,nl
6290,sv
16032,tr
8260,pt
7531,es
3011,af
14283,id
7549,nl
10472,es
3835,sv
17015,af
4764,de
15109,en
16314,nl
4833,af
7122,it
11328,es
7966,it
7044,fr
5050,it
16995,fr
7569,nl
14545,nl
16399,nl
7664,es
1449,it
2354,id
5919,es
11990,it
1454,es
16459,en
8336,en
6495,en
9460,de
4173,fr
12306,pt
6147,it
441,nl
7726,fr
4547,en
1294,nl
5043,tr
2108,fr
5245,en
14,en
3986,sv
407,af
2711,it
14147,af
15280,en
10895,af
14142,it
6083,en
13404,pt
13734,en
13926,tl
11476,sv
17015,tr
10757,de
10224,de
9402,en
12716,id
261,sv
16406,en
14368,tl
4803,id
15906,en
11634,en
400,es
2921,tr
2412,af
484,it
16183,pt
8525,tr
2673,de
1741,nl
4881,de
3253,fr
4985,sv
11782,af
3775,de
8765,nl
12789,nl
16603,en
15274,tr
3175,de
9827,tl
12689,af
16974,tl
2540,es
15399,nl
1777,tr
8916,tr
168,tl
9528,fr
17148,es
12340,de
2384,pt
5691,tl
16961,it
15127,fr
4851,pt
8541,fr
2651,id
8269,fr
7902,pt
7891,es
14917,es
15321,id
13069,af
13592,it
14701,sv
6162,it
2564,tr
15472,en
2174,it
10957,tl
4058,fr
16642,id
11720,de
17111,fr
9955,fr
3337,fr
5888,tr
14585,nl
3329,de
41,pt
12618,tl
8300,tr
4299,af
3603,pt
5640,tr
16384,id
9979,id
14701,sv
1636,id
2451,pt
11343,id
6417,tl
5074,es
4998,id
4933,af
8426,sv
3600,en
4854,af
11582,id
5116,fr
8498,nl
16401,fr
9856,tr
6962,af
486,pt
11318,af
3441,tr
15693,id
10645,id
13150,nl
2721,sv
14891,tl
4212,pt
10673,af
6672,fr
5544,de
15565,de
5871,en
5160,id
3859,tr
10759,af
1658,fr
17069,tr
10805,tl
16603,de
15983,af
5640,it
512,de
6405,tl
10319,de
680,nl
3539,en
15963,id
4712,fr
5707,de
5321,pt
13717,de
8730,tr
7539,id
14653,nl
14877,es
1607,es
8085,af
8670,af
7876,id
12618,fr
10786,nl
4081,id
443,en
14044,tr
2638,en
6774,fr
14553,fr
15503,tl
12306,sv
4890,sv
15448,de
16461,nl
16763,id
14442,id
14904,fr
1428,pt
11720,nl
13473,es
10755,es
168,es
2338,nl
9955,nl
15592,id
862,en
10851,sv
11023,en
12607,pt
3320,tr
11751,de
11437,es
6325,sv
1719,sv
15513,nl
11860,en
13252,en
11798,sv
5640,nl
5159,af
12160,de
15982,es
12251,pt
3785,de
4173,es
1379,sv
15445,es
9193,fr
11250,id
14011,fr
10353,tl
4955,sv
14023,nl
12073,de
5219,tl
13639,de
12824,es
2962,tl
5525,tr
6027,tl
6617,tr
14117,tl
2708,de
3837,nl
16357,tr
7993,nl
3329,de
13986,en
3167,pt
3837,en
8148,nl
8300,af
17042,it
4137,af
3228,it
16225,tr
15020,es
9601,it
3413,nl
7583,en
14465,af
4813,fr
4031,nl
8029,de
16222,pt
16914,de
1510,nl
10513,af
2780,tr
8912,sv
7836,de
11616,tl
3522,it
7185,tl
6469,fr
3542,tl
9175,de
5333,es
9669,tr
14794,sv
15289,af
9438,de
13340,af
4334,nl
3995,tl
8948,it
897,tr
6060,it
9853,pt
6172,af
15785,es
13591,nl
967,en
9156,id
4319,tr
9270,es
16061,tr
6980,es
13823,fr
10472,nl
15333,tr
1371,it
11947,sv
4854,af
47,en
3911,de
2890,es
1833,es
11343,tr
5590,en
16103,pt
4268,nl
9706,af
16178,tl
12468,tr
1594,id
2271,pt
790,af
9706,en
15598,sv
14461,pt
7057,nl
1474,en
13639,tr
8043,sv
170,af
15133,tr
5966,pt
8466,en
5953,pt
3138,it
14648,fr
2531,es
2780,nl
8975,pt
6926,sv
1760,it
15950,nl
14879,de
6159,af
9193,tl
2711,de
10645,en
13986,af
13083,sv
12800,en
1474,id
4043,tr
3582,pt
4205,it
1061,tl
9204,de
17095,en
2085,es
15185,nl
3654,sv
14015,nl
5321,es
16781,en
14539,tl
1249,af
8631,sv
15345,id
15062,id
2472,de
13554,id
4217,en
10640,de
13150,nl
16273,it
12982,es
7266,es
1812,pt
1866,pt
1666,it
4173,tr
14246,tl
16072,id
7879,tr
15686,tl
14994,nl
1151,it
3986,id
2108,pt
15321,nl
15113,af
10608,sv
10226,id
6672,sv
10016,sv
7567,es
15276,es
16401,de
12263,sv
1715,nl
13546,pt
17054,nl
10339,es
1993,es
12367,en
9885,it
15560,en
6713,id
13083,en
14130,fr
3590,af
13221,en
5201,it
11942,es
6682,tl
6069,tr
5279,nl
3034,tl
9236,de
12263,en
1098,de
424,tr
5727,tl
3398,en
3864,sv
16911,pt
15062,nl
1794,af
10588,af
11417,tl
11467,af
15413,tl
16532,af
1995,de
15487,es
7520,sv
17075,pt
31,tr
7767,sv
1247,fr
14889,pt
4026,it
6319,de
4620,sv
10825,es
10999,id
8150,fr
17138,it
11914,id
10433,en
201,af
4798,en
4212,pt
13035,de
7563,af
10759,it
13974,es
4119,fr
8541,tr
15364,sv
4580,tr
7122,pt
5557,nl
8906,id
10848,nl
13083,pt
9962,fr
7503,de
13192,id
85,it
11098,pt
4960,nl
10494,fr
16729,de
7073,tl
16158,sv
9507,pt
6682,nl
2263,de
16518,tr
14526,it
2480,tl
8585,en
7528,af
4848,en
12240,pt
15906,id
4966,sv
15359,nl
8206,id
15563,tr
1630,es
3117,it
1401,it
16859,it
15548,de
15847,en
10828,de
3550,tr
14904,tl
2198,sv
1622,af
2588,de
6959,fr
16385,it
15732,es
2684,es
4189,de
12121,pt
13069,sv
16899,it
11164,nl
9121,es
3600,pt
5557,pt
3021,af
3039,de
1904,en
16961,sv
13575,tl
3600,tr
2035,nl
12235,nl
16096,fr
7219,en
8666,nl
2438,af
14490,tr
15311,pt
6967,tl
6623,en
15326,es
6575,es
15448,pt
2651,sv
1404,es
2316,it
9225,pt
4994,en
14239,en
12817,en
11525,nl
2283,af
5349,fr
3686,nl
15197,af
15304,tr
7046,de
15672,es
730,it
6039,tr
10843,pt
1124,id
31,es
12299,en
3338,id
13457,pt
12607,fr
13135,id
7569,es
3819,en
1047,de
15703,es
16048,fr
2082,fr
4187,af
14154,af
12957,fr
3162,tl
1252,tr
16170,fr
4672,it
16791,es
7055,es
7730,fr
8888,sv
9112,tr
12339,tl
11942,tl
1098,af
10338,pt
6561,de
8280,fr
16430,es
14757,sv
12905,sv
2611,id
2322,pt
443,fr
14498,fr
13847,tl
15862,nl
9940,pt
6129,it
7817,af
9966,id
14891,af
6542,pt
3401,es
15200,tr
11665,sv
2812,pt
10317,af
6432,pt
10696,pt
7912,sv
16593,sv
10333,fr
11424,sv
14564,af
15350,it
10061,en
11474,nl
2178,tl
6229,id
826,af
189,sv
6856,pt
5619,id
10286,it
12452,pt
2798,it
4550,de
14029,id
16781,id
14126,it
1425,de
8766,nl
1808,pt
14925,nl
9341,en
10286,tl
533,af
6764,af
5888,nl
3118,nl
13165,nl
6500,id
9212,es
5347,pt
13486,pt
7502,en
15561,tl
12121,sv
8914,id
13340,tr
4189,pt
10440,pt
8294,nl
1812,nl
4313,en
11458,en
3513,nl
3671,tl
9009,nl
11180,it
15948,de
8366,en
9545,tr
2673,it
4838,pt
6747,id
3101,tr
3762,nl
15904,it
3771,tr
5584,sv
5229,nl
11720,nl
5475,de
16916,de
2165,tr
16029,fr
12685,nl
4589,pt
10442,fr
61,fr
16506,es
3907,tl
9284,de
14889,en
12813,es
540,af
10100,pt
6737,nl
16496,tl
13016,de
17138,it
3543,en
12051,fr
6645,id
9519,tr
5590,id
8731,af
15472,it
13242,pt
2965,es
13122,sv
10335,af
13761,pt
1581,fr
4013,sv
2082,id
1115,af
3444,sv
6623,fr
15708,en
12604,it
832,sv
13630,sv
13074,nl
13407,af
6405,af
5697,it
7502,id
3295,af
80,tr
3162,sv
11633,af
16938,it
13283,af
1301,sv
7820,it
4567,af
4283,fr
5468,sv
7316,es
4482,en
4662,pt
2311,af
17107,en
13439,fr
7777,de
11438,tl
2709,tl
5219,id
6073,en
8730,tl
12020,de
16772,es
6194,es
3605,tr
15968,af
10119,es
7161,en
506,sv
15553,pt
281,tr
8474,en
12409,it
6268,tl
15723,af
2207,fr
15593,tl
1247,nl
15274,sv
15445,pt
11345,nl
7844,af
4767,pt
4346,tr
6964,id
13124,de
16886,tl
16758,it
16622,tr
11168,en
10512,sv
9942,pt
10357,af
5678,af
11107,id
7966,de
16890,af
1913,nl
17043,nl
2412,tr
14859,fr
3870,af
2840,sv
11778,es
16024,de
2350,de
15358,id
3982,nl
12182,es
4312,fr
5600,nl
15133,nl
3030,it
8766,pt
16361,es
5953,de
15200,af
290,en
12736,es
13242,es
6878,pt
1715,tl
168,es
6366,es
2174,tl
951,id
12294,sv
10815,pt
6439,de
1804,sv
14973,sv
5176,tr
6331,en
13363,id
11911,fr
4121,de
15298,es
15276,nl
11770,id
16131,es
8904,tl
10171,sv
12532,it
4152,de
13997,tl
8404,fr
6722,pt
10858,sv
16048,tl
10525,de
3694,pt
3212,es
13031,de
17042,en
12281,id
783,sv
651,tr
4145,en
1589,pt
9632,fr
9964,pt
10276,id
2164,es
1072,pt
1993,pt
14015,es
8119,es
1148,fr
11085,tr
12618,en
299,fr
11265,sv
13536,de
15402,en
9494,de
12339,nl
10381,pt
15311,de
8426,it
11124,af
13177,sv
11844,pt
16648,af
6313,de
14705,fr
6288,es
3522,en
15464,tl
10077,id
4254,en
12623,es
6902,tr
7919,af
16410,sv
1511,sv
10772,sv
5152,id
1098,it
151,es
6902,nl
2098,af
2207,fr
10268,af
16891,de
12306,nl
13881,af
1777,de
4957,it
3513,af
8343,pt
6936,pt
16944,nl
4376,pt
4882,id
5017,pt
7539,af
6319,tl
5856,tr
16120,en
11302,it
6116,id
4347,en
8460,it
9931,id
13312,tl
9149,it
3337,es
9871,en
10080,nl
7026,af
14083,nl
7559,id
11720,id
11700,tr
2365,it
3784,it
16024,id
15229,it
1794,nl
5010,en
10832,it
11628,it
16766,pt
9754,fr
8079,nl
11424,de
1247,es
3306,fr
10055,tl
4871,de
6227,fr
16710,es
9897,af
9275,de
2781,de
11733,fr
7319,fr
6434,tr
9594,fr
1537,tl
14283,id
2336,id
13929,en
14304,sv
7449,pt
10260,fr
13685,af
2432,sv
1741,tr
3543,it
11306,af
1108,de
7843,nl
8765,tl
3960,en
11189,en
3400,sv
8791,pt
13983,sv
6533,es
15296,tl
2921,nl
2887,nl
13372,en
3184,pt
16730,pt
6172,de
5128,it
11340,it
5040,de
1374,es
9275,tl
6485,fr
13607,tr
15214,sv
5623,af
12310,nl
11177,id
14241,it
6663,af
10501,pt
7294,nl
63,id
2057,tl
10433,es
12982,id
9062,id
6646,tl
17095,sv
3695,id
16593,pt
6670,af
1180,af
15448,en
10268,de
13016,en
11628,sv
12383,it
7953,sv
9700,tr
7693,it
7194,af
9305,tr
6918,nl
16353,fr
2230,es
8042,sv
7449,pt
2156,es
8618,tl
16168,tr
1276,af
3321,de
3295,es
16089,en
781,sv
6069,it
1264,de
9577,de
14453,nl
4024,nl
8466,sv
6069,id
4205,es
13554,fr
10206,tl
9030,sv
10699,es
10226,af
4249,tl
3598,de
11053,tl
15676,en
13077,tl
3727,af
5278,en
6506,tl
17042,af
9943,nl
6958,sv
391,sv
13154,nl
16461,de
11841,af
12844,it
5279,es
16899,id
13197,es
9156,af
3387,de
16886,en
12008,fr
3103,af
1093,sv
6477,af
15348,tr
3128,tl
10816,it
5296,af
10444,sv
7711,de
11141,sv
14339,tr
15647,it
12263,id
14874,fr
2498,af
12675,id
10078,fr
475,af
2496,es
9594,es
6878,id
15010,de
11990,id
319,tl
1774,it
14163,tr
1778,de
10444,en
612,pt
14414,tr
16698,es
10444,sv
17005,de
17051,sv
13681,it
11318,tr
10323,nl
8640,nl
15839,sv
7219,en
12392,fr
2035,id
16838,it
9330,it
17119,af
1646,es
8320,af
16098,tl
2230,id
4132,id
2030,pt
4992,de
6074,id
14958,af
2850,af
10346,tl
7013,en
11643,sv
10673,it
6708,it
1675,tr
11272,pt
1833,af
4383,nl
4620,it
2775,en
10563,it
861,pt
16703,fr
11515,pt
12073,en
11839,de
3834,id
1941,tl
4934,tl
1454,en
11162,nl
7194,es
14011,tl
2146,id
13552,nl
11612,tl
15802,it
11607,pt
16914,de
964,sv
5919,es
9706,sv
7690,de
2812,tl
16642,sv
4249,id
15387,tr
11067,es
286,nl
8206,it
1684,en
15155,en
14794,en
13035,it
4171,de
14877,fr
3116,it
14857,tl
8436,en
1658,af
8394,fr
7966,tr
10365,sv
3725,id
5225,tl
8426,en
15635,sv
13618,es
9856,tr
5017,fr
6958,de
17136,fr
5614,sv
13407,af
9577,af
59,tl
9358,nl
182,tr
15553,af
12419,es
16813,de
11916,it
16229,es
15249,tl
7654,de
10786,it
7596,nl
3167,tr
9074,en
5370,es
10915,tl
3205,nl
16677,nl
7718,tr
468,af
3099,af
15200,fr
7122,fr
15565,id
7151,nl
15845,sv
10440,de
6856,pt
5988,de
15382,en
7686,en
16729,pt
6746,sv
11335,tr
11384,de
9270,nl
13283,tr
16170,sv
16758,af
14444,fr
13460,sv
15321,it
8681,id
3822,tl
14253,nl
9216,it
12710,tr
11539,es
9301,tr
14138,en
1377,de
15113,es
2298,nl
17107,tr
16506,af
14889,it
7199,id
10853,fr
9014,tl
1537,es
13140,en
15321,it
5721,en
7778,es
6319,en
12473,de
3870,en
7450,it
781,nl
12377,fr
14015,it
4544,sv
3683,it
13580,de
8394,tl
16314,es
13040,pt
10893,af
2796,de
1866,af
14874,sv
334,it
11024,es
6928,tl
6073,sv
3695,es
2336,tl
14473,it
564,it
6424,tl
12019,id
10403,tl
12802,nl
8005,en
4554,es
12070,en
9114,fr
1336,pt
13199,pt
1874,af
11476,pt
3771,de
9035,nl
11361,fr
3785,nl
3834,fr
151,af
4116,fr
1048,id
8182,it
15289,es
15401,sv
3364,de
4803,fr
14481,sv
8731,pt
11273,fr
11303,de
4809,de
6892,de
7927,id
796,sv
6372,id
7503,pt
3784,sv
3522,es
8390,it
15454,tr
13044,tr
7953,af
5038,id
1995,tl
11420,it
11467,id
2903,es
15971,tl
9577,sv
11339,en
16711,tr
13706,id
4248,sv
6267,it
4672,de
5225,af
6129,it
11665,en
6918,af
4258,de
11598,sv
14963,nl
16797,tr
2721,fr
468,fr
15763,af
17119,id
8035,tr
7013,nl
14539,en
6672,pt
15794,sv
5427,af
8767,it
12150,en
15387,de
16914,fr
10636,es
13926,sv
12961,es
292,tl
897,es
13888,fr
11858,nl
6288,it
2365,tl
14117,tl
3406,pt
9895,tl
16402,fr
16892,de
6618,pt
3305,de
5160,af
15062,pt
12511,de
4449,sv
14001,tr
9394,fr
10759,id
12932,id
2610,nl
1744,es
16145,tl
17144,fr
3915,pt
4928,it
12473,sv
15655,tl
6926,af
10427,pt
14567,tr
1264,nl
11154,af
9153,id
254,de
12951,de
6878,it
4547,sv
4874,es
12310,it
11644,af
13761,af
11827,sv
15181,it
11341,en
16519,it
2163,sv
5544,fr
4992,tr
16056,de
178,id
13895,nl
1831,sv
11665,nl
16266,en
5378,fr
11502,it
4119,pt
6694,sv
14412,fr
5640,af
2237,en
5757,es
1247,de
14601,es
9952,es
6663,de
13516,pt
17179,es
16221,es
8308,tr
11959,nl
4216,es
5149,id
6112,it
14958,af
8570,tl
11920,fr
13342,es
13242,af
1151,pt
5347,pt
2690,it
2057,es
16947,en
9015,es
2255,nl
576,fr
15789,es
13798,es
6077,en
7531,id
6503,it
5307,de
1639,tr
11366,sv
5691,id
3175,tl
4890,nl
14025,en
6434,id
8409,it
12526,en
4254,pt
9568,de
16888,sv
5225,sv
7014,es
14817,fr
1594,en
15532,tl
15056,it
5475,tr
475,it
11643,id
5952,en
14190,pt
13165,es
1994,tr
6059,es
8992,pt
2542,id
14367,en
11162,tl
16758,nl
4073,it
13616,it
16056,tl
10640,nl
12329,sv
974,it
16624,es
15095,sv
11733,tr
14605,fr
2225,it
16049,de
14555,en
10276,de
3864,fr
1160,id
832,tl
15181,pt
12329,de
1635,af
651,id
17111,tr
2198,fr
15055,nl
4890,pt
13457,es
9233,fr
2965,af
11920,id
12367,en
11306,es
427,nl
9061,de
12905,pt
10960,sv
7567,sv
3077,pt
7686,pt
12779,fr
7549,nl
5578,tr
13929,sv
4580,fr
5014,en
15185,sv
486,nl
11125,tl
6819,pt
6958,es
12851,sv
16613,it
50,fr
3098,pt
8044,de
6897,id
5727,es
9977,af
6295,nl
14406,de
16427,it
12240,id
16780,id
12377,tr
7294,pt
426,sv
6594,de
13069,it
14268,af
12745,af
3907,es
5813,af
2351,pt
15987,fr
12930,sv
4516,en
14429,pt
14001,es
4896,en
8284,pt
3413,it
13242,fr
16145,de
2220,it
9074,fr
11650,nl
15186,de
344,nl
5627,pt
1266,af
13310,tl
12293,it
3598,tl
5623,af
4155,tr
9952,en
11942,pt
16050,af
17107,id
6477,tl
13607,fr
15213,sv
16028,nl
8413,en
14919,es
13165,id
6789,es
11177,tr
9361,af
6411,tr
14646,es
4232,de
8284,pt
400,es
3031,af
12329,en
5966,af
6322,af
4043,sv
13150,af
2816,tl
8978,en
527,it
3474,tl
15933,es
4026,fr
7946,af
13722,af
11922,pt
4882,de
15200,sv
3162,fr
11107,pt
12354,es
10357,de
11664,tl
2679,pt
3204,fr
10077,af
1653,sv
10655,pt
6902,fr
10308,nl
15950,tr
12672,af
14926,de
1093,fr
14406,de
8535,id
10851,en
15693,pt
16377,es
5948,id
14116,en
16028,de
3196,sv
5948,tr
7266,es
12098,pt
3060,pt
16459,af
5856,af
8248,es
540,fr
9942,it
608,id
6322,es
5358,id
9856,af
12251,id
8535,es
11570,tr
1655,it
5261,sv
9061,fr
10019,de
13575,de
2868,id
355,tr
4174,de
13165,es
16413,nl
7061,en
15503,it
7817,tl
967,es
4803,de
334,tr
15508,fr
14179,es
14995,en
8631,id
1960,en
7199,it
7892,tl
16427,af
2296,de
1351,tr
11133,it
1831,tr
2962,it
16672,de
8308,tr
6994,tr
6542,it
9406,es
16146,fr
11186,fr
8585,tl
13575,fr
177,it
7916,fr
10090,sv
8670,nl
16729,tr
6213,sv
15829,it
15359,de
6433,tl
4402,de
16883,sv
8828,it
4966,de
10049,tr
6431,tl
4040,es
13099,sv
12629,nl
4400,en
15554,tr
13043,fr
974,nl
12866,es
2160,de
15721,en
17119,de
2868,id
6172,tl
8732,it
16178,nl
5051,tr
2265,tr
4837,it
6774,sv
508,es
10957,af
2795,af
6578,tl
11720,es
12419,pt
6473,es
8410,it
8230,id
4913,id
16413,tl
1874,sv
10296,en
11858,id
13178,id
9175,id
16471,sv
14874,af
5204,it
13741,fr
13383,tl
6101,en
16089,pt
15847,de
9394,nl
2255,nl
1061,it
10590,fr
12402,it
3566,de
290,en
6181,de
15337,fr
17156,en
782,en
5131,it
10090,en
16375,tr
897,fr
2441,it
3146,fr
7461,id
16975,it
5243,af
1830,it
4831,es
15587,id
13391,es
13494,fr
14074,de
7628,tr
11353,tl
8694,de
13607,it
8906,sv
7666,af
334,fr
6195,sv
8100,sv
6352,pt
15304,pt
15661,it
6181,de
6325,tl
9198,nl
7292,it
1904,en
9061,sv
8289,en
827,es
16712,en
7528,es
13288,fr
14767,tl
3554,af
14229,sv
12723,tr
13554,af
827,en
3819,tl
4168,af
2995,id
16052,de
16899,es
10346,es
437,es
5584,tl
2146,sv
4088,tr
16437,af
16501,en
512,es
16560,tl
3492,nl
2365,tl
4212,es
5554,tr
8290,es
10534,de
8882,pt
11186,fr
7014,tr
2780,tr
6506,sv
16532,de
10792,tr
3253,sv
13630,de
6448,tr
1982,tl
10931,fr
2690,tr
2781,id
5568,tl
1014,en
10497,af
16222,id
71,it
15686,fr
8977,en
15849,tl
14083,fr
5820,en
13043,af
13451,tl
3398,sv
1904,tl
4671,pt
7098,af
14967,tr
2887,af
3785,id
15382,es
14378,id
13341,de
3128,tl
468,pt
3337,de
16630,tl
3686,id
6761,es
9250,af
7583,id
2354,tl
7524,tr
13506,sv
6241,af
14622,it
9856,sv
6293,pt
1413,de
14223,sv
2678,en
3298,nl
11796,de
16357,id
3214,pt
5427,af
15652,es
14762,sv
9363,es
10931,tl
14770,tr
14053,nl
5245,nl
7927,es
10824,de
9182,pt
14449,id
14958,sv
11903,af
15298,tl
10712,de
17144,pt
85,de
11529,id
2870,pt
7664,fr
9812,es
2995,fr
14169,nl
14622,es
11987,fr
2207,nl
1123,nl
4516,en
11634,tr
16693,it
13758,id
4400,it
7878,af
14229,en
10260,id
1872,nl
369,it
16002,de
4130,tr
12634,sv
1205,de
15839,nl
3,tl
15039,sv
8404,tr
1812,id
12789,af
8968,fr
11296,tr
16075,tl
8904,en
10497,nl
6229,nl
3387,de
17179,de
15971,fr
9971,nl
11612,en
4258,de
2201,en
5697,pt
5229,it
11470,nl
17116,tr
5321,fr
102,de
10674,id
9979,pt
4178,de
14794,sv
17043,af
3323,fr
16703,es
12672,fr
16461,es
13242,de
8977,sv
13780,sv
7467,fr
13547,sv
8366,fr
15448,tr
16883,de
9896,en
5433,pt
6806,it
16813,nl
8056,tl
5122,tl
3178,fr
14169,es
15815,it
5911,es
16275,tl
9341,de
6267,en
7741,tl
7531,tl
9061,af
9305,es
1452,it
15906,es
4443,tr
8667,es
14457,sv
13255,nl
15109,tr
3595,tl
2414,sv
6385,tr
796,it
4227,tl
8846,af
8276,pt
9569,de
5225,de
16719,nl
1076,tr
63,tl
14700,fr
11860,pt
11554,fr
5501,en
6013,pt
10824,id
5261,tl
969,it
15656,it
1684,id
12835,pt
10276,en
9198,nl
967,nl
185,sv
8044,nl
8125,nl
4319,nl
14475,it
525,nl
8073,pt
6645,tl
10365,tr
6967,it
14044,es
15706,fr
1831,af
5118,es
6473,id
13639,af
10936,af
14223,en
16694,af
14419,it
10352,en
5349,tr
3214,en
10444,tr
3378,nl
8674,es
13694,af
9545,sv
3204,de
15358,tr
1874,af
15904,nl
16813,tr
296,nl
7316,de
8165,nl
10226,tl
12213,nl
2774,nl
6729,nl
2146,es
4826,es
12814,id
4077,en
8900,af
4601,nl
15700,id
3829,nl
2517,af
7922,es
3894,id
8129,pt
16846,af
13619,es
7117,sv
3605,fr
10286,de
12254,af
17157,tr
8366,en
11474,fr
15785,nl
7461,tl
14096,de
1547,nl
3184,af
3178,sv
14498,nl
7980,en
1483,tr
5410,pt
13855,pt
6446,sv
6337,en
6229,tl
15946,tr
10260,nl
16799,es
16983,pt
9182,fr
17151,id
15216,fr
10731,sv
2438,pt
15845,it
427,nl
12717,af
5221,tr
6129,tr
3103,en
11636,sv
10895,nl
6214,tl
5062,nl
50,nl
4838,it
71,tl
4452,es
4090,tr
12814,af
15464,fr
7262,pt
17108,de
16002,es
13122,fr
12930,id
9795,en
1759,de
9156,tr
2035,tl
15280,sv
14505,af
11023,sv
9011,fr
428,id
12354,it
13823,tl
15731,pt
16560,nl
6798,tr
11455,af
1059,es
4290,sv
17005,de
2434,fr
6774,es
16056,af
17098,nl
1722,it
9856,fr
15610,fr
16914,es
10538,fr
5774,af
12717,pt
3413,en
47,es
3205,sv
4081,pt
9202,nl
1551,af
4136,tr
2906,nl
16672,id
13040,af
7569,tr
2610,fr
11904,es
17107,tl
15963,id
6650,tr
4702,de
969,de
6489,es
15177,id
3894,pt
5332,tl
258,tl
2921,es
201,id
614,tr
15225,tr
1593,sv
15942,sv
5683,pt
10893,it
14419,af
16384,tl
6352,en
14026,tr
5593,pt
13858,es
4496,tl
9630,tl
11802,es
2908,tl
8125,es
7455,tl
11474,id
1640,de
4928,nl
1741,es
4227,fr
12558,tl
8977,de
936,fr
9341,fr
13895,sv
9772,de
15970,nl
12717,id
3624,tl
14096,tr
11146,tl
4201,de
7055,de
10286,id
8251,sv
1639,nl
4614,es
4189,af
14973,it
4934,en
3098,nl
6301,pt
6785,sv
3779,af
9767,tr
16851,tr
9225,sv
2225,tl
11903,es
9885,es
10812,sv
13706,id
9250,nl
14370,af
1093,nl
1719,it
3542,id
13031,es
317,nl
14,es
14967,pt
14243,pt
5523,af
10339,en
6958,tl
3178,it
14690,en
9426,pt
3253,tr
5158,es
5468,nl
12835,de
15487,tl
12098,id
3570,sv
15231,de
9269,fr
5321,sv
4271,en
12254,id
6331,af
12289,pt
3481,sv
12299,af
15557,es
12856,en
8410,sv
451,nl
16672,sv
5347,pt
9878,af
1640,nl
4638,sv
6195,en
86,tl
6268,fr
1760,tl
9353,fr
13679,de
5574,fr
8525,en
7878,tr
437,de
4377,id
2026,de
7690,tr
7098,tr
15995,it
2441,it
11437,en
3566,sv
1093,de
15890,tl
15032,it
7055,es
3812,tl
15321,es
16886,nl
16353,af
14406,tr
10712,es
15399,de
15231,en
10525,sv
2931,pt
2703,tl
2167,tr
9857,de
8791,tl
10048,sv
12930,fr
6732,de
9680,pt
5953,de
16874,de
1784,en
14644,de
9137,pt
15661,nl
14130,it
4043,it
6485,tl
14742,fr
9689,tr
2160,fr
2237,pt
6267,pt
8694,sv
4048,id
13223,pt
333,tl
12419,nl
14083,es
16228,en
11920,pt
1666,es
15723,en
13491,tr
15305,id
14074,nl
13188,it
5953,pt
560,nl
16627,it
6485,es
6325,es
4601,it
3444,tr
8570,nl
16652,it
6352,en
456,en
290,es
13521,en
428,sv
5027,pt
6034,tl
6446,de
5330,af
1811,id
11841,de
10220,tl
3550,en
962,de
6789,sv
14306,es
6593,tl
6652,id
12166,sv
3838,af
12536,es
16166,tl
3671,tr
3114,fr
16089,id
9856,tl
540,fr
6293,af
2551,es
7262,sv
5365,en
11812,nl
9827,af
10684,de
4702,de
6290,tl
13694,sv
10743,tl
1684,tl
9015,en
16593,af
4313,tl
1549,tl
14147,en
15707,id
9263,de
14000,tr
15095,tl
3349,af
14792,fr
1156,fr
13407,it
5406,fr
10494,fr
14395,it
14272,nl
11270,sv
11947,af
11812,af
5774,fr
10427,id
15095,it
8402,sv
2578,tr
11914,fr
4638,es
612,af
9426,af
8276,es
12430,af
2082,en
10731,sv
6177,id
12189,fr
12159,nl
9680,de
1120,id
10308,tl
6572,id
7876,nl
8409,it
10097,pt
158,fr
12607,tl
14229,tl
15911,id
4023,af
2975,nl
11628,sv
12070,nl
14475,tl
7751,tr
13177,nl
832,es
12261,tl
16797,it
5574,af
12366,sv
576,sv
1635,tr
16880,af
4168,tl
9182,fr
9707,fr
4031,pt
608,tl
3116,pt
11238,es
3590,sv
13255,af
448,sv
12707,af
14382,id
14973,it
11166,es
738,pt
15756,nl
2615,es
5301,es
6293,id
11453,pt
5176,it
5332,en
16899,fr
10217,de
1640,sv
16888,nl
951,tr
11238,sv
8968,de
1547,tl
11420,es
3435,nl
11272,pt
12054,it
9943,en
16098,id
16273,id
2146,sv
13666,af
14904,nl
8992,tl
15186,de
1794,id
11335,it
6178,af
5118,nl
16056,pt
5611,pt
10960,nl
4601,pt
2205,sv
15971,af
6403,de
2638,de
5488,sv
15382,nl
9680,it
14150,pt
12856,tl
6720,nl
17081,es
10171,es
9137,pt
8140,es
15113,fr
4702,de
8642,de
8261,af
6127,pt
11266,id
10308,fr
491,id
4988,nl
7449,es
14705,nl
6194,id
13361,tl
13340,fr
6516,fr
15546,nl
14429,it
6892,tr
6134,pt
13341,tl
5578,de
8880,id
16947,fr
8539,sv
16024,sv
16356,de
2168,tr
8553,it
11353,de
8110,pt
16245,id
8825,en
12759,id
16662,tl
3138,it
17111,pt
4224,es
7196,id
16318,af
4809,tr
7151,tl
15513,it
10827,af
6243,tr
12377,fr
8562,fr
3864,en
3598,fr
12121,sv
12722,es
6129,es
13348,tl
13199,sv
5250,af
9896,sv
16061,es
9793,de
14591,de
14304,pt
14268,es
8906,pt
2591,sv
7258,de
6433,nl
5370,sv
15942,id
2774,nl
17043,es
8469,es
5661,es
10048,es
3870,it
2447,de
765,sv
1994,nl
3413,es
2271,fr
5697,nl
15849,fr
5614,de
4412,tr
9930,fr
12264,es
4166,en
1756,tl
14126,tl
7889,sv
14440,tl
2850,fr
15765,pt
12710,it
7355,en
4672,tr
5658,de
11798,pt
14567,id
17052,it
11418,pt
9155,tl
10982,tr
4487,pt
5600,id
1542,pt
8694,de
16983,es
13303,af
15825,pt
11286,pt
8251,nl
6301,id
2174,de
15987,af
7098,nl
11827,af
2113,nl
1072,fr
14705,id
6220,nl
6072,af
9520,it
16974,en
6041,sv
9994,nl
14444,es
13823,fr
3435,tl
11250,fr
11914,sv
7044,sv
17054,id
16892,id
8431,de
10494,sv
14229,tr
14283,sv
12051,sv
3598,en
3364,tl
1511,en
3590,de
12161,tl
5411,nl
11796,sv
2330,tr
4187,es
6964,en
8251,en
10247,af
15971,pt
14243,it
12685,id
16357,tr
8498,id
6064,nl
12261,fr
16280,en
15792,en
10786,tr
4672,pt
16317,af
17005,en
4764,en
1683,en
10494,af
1072,tl
4268,sv
7039,af
7461,it
4988,es
11075,it
12240,tr
11678,nl
5531,fr
2679,id
8276,af
16719,de
6726,de
891,en
7013,it
3099,pt
9494,it
7266,tr
7057,it
3114,tl
12419,nl
11798,sv
17156,pt
11546,nl
10493,en
10815,fr
5544,tl
16501,pt
16733,tr
80,pt
14241,es
14504,es
12339,pt
7061,it
4710,it
614,nl
10099,de
12759,fr
14539,it
12623,es
13255,tl
8404,sv
486,af
10508,sv
11904,af
12724,en
14545,sv
15942,tl
3434,es
9651,id
7117,pt
11612,tr
8640,tl
3742,pt
13192,tr
9182,de
6865,fr
4273,id
3,id
5552,tl
3907,es
9795,en
10213,en
6439,it
3167,tl
9994,it
4130,nl
17116,de
10738,tl
1516,tl
7609,es
9897,de
7628,it
4177,sv
1635,sv
451,tl
1993,it
9793,tr
1607,tl
14026,nl
7316,it
2311,af
4312,de
2780,es
14706,pt
9506,pt
12844,tl
14757,pt
5157,es
2094,es
7100,tr
4026,id
2545,it
5554,tr
16630,fr
8882,id
292,it
4833,nl
10757,nl
4826,tr
13186,pt
2258,it
5122,it
6241,de
5721,pt
6112,es
9402,de
15166,af
13619,es
3305,id
2531,it
12264,en
8300,nl
16627,en
15333,pt
940,af
12957,fr
6962,tr
16410,id
3761,sv
15655,fr
8498,id
4383,af
14706,af
16377,nl
15280,sv
15387,it
8245,pt
16717,af
3264,tl
16318,af
11875,it
3330,fr
11261,id
12340,es
6652,fr
1090,it
10206,pt
11146,de
15557,tl
14981,tr
14925,tl
4290,it
15563,es
3837,it
9912,af
4361,af
13035,tl
10718,nl
13172,tl
16430,de
11563,tl
177,id
1960,sv
3039,af
1413,tr
10938,tr
9110,tl
9528,en
9851,pt
8900,es
10772,tr
4439,it
7563,tr
15987,en
10579,tr
1759,sv
9700,tr
11845,fr
15137,af
4377,nl
8766,es
158,af
2057,tr
15656,it
424,id
3050,af
2850,af
2564,fr
10786,de
15598,pt
5488,tl
8985,id
14101,it
8853,tl
7194,it
2560,it
16777,de
8100,pt
16437,tl
12383,it
13363,sv
6431,it
14700,tr
2859,es
10016,en
6305,tr
9155,it
11915,nl
5221,nl
9408,pt
12987,nl
9592,sv
1646,de
7751,pt
6371,en
12869,en
6575,en
5198,en
11947,de
4654,nl
13900,nl
6670,pt
15652,af
6289,de
7291,af
5165,af
11141,en
6928,af
6402,en
8290,tl
1108,it
11180,pt
668,tl
14126,tr
5661,en
7141,af
10893,tr
3060,fr
14015,it
12452,en
10471,sv
1428,tl
6319,sv
9043,sv
8731,en
9225,af
14490,de
11953,fr
1144,es
6994,pt
3020,en
11335,it
11650,nl
10349,pt
9053,en
14378,es
1098,es
15841,de
14189,pt
9043,nl
4951,nl
3700,en
14644,it
14904,tr
7113,tr
7762,pt
9406,es
14339,id
281,sv
2708,id
3603,nl
1807,de
14116,af
8765,de
2497,fr
564,tr
4712,id
6024,fr
9103,de
13298,nl
17052,tr
4236,de
1084,es
2673,nl
16890,fr
2316,sv
5627,de
15556,de
8541,fr
7922,af
3859,en
3774,sv
2166,tr
826,tr
11764,it
4692,pt
15560,sv
5199,tl
6060,tl
11607,id
9426,tr
14308,de
13847,de
1833,id
5250,en
3174,pt
5221,sv
10981,en
12957,af
5333,tl
12150,af
5204,nl
13391,tl
1794,en
16938,tl
4347,en
6744,af
5812,tl
16225,sv
10938,fr
5401,pt
17111,nl
15095,af
3408,tl
1575,fr
12308,it
2560,it
7970,nl
5758,fr
16178,fr
8289,af
11474,tr
2724,tl
8771,af
17042,pt
12468,es
7870,it
13982,tr
10319,it
1796,tl
8453,de
14026,es
2146,en
8498,it
8853,it
391,nl
9930,tl
13798,id
15457,id
16399,nl
12789,fr
14925,es
1474,fr
10501,it
15138,af
7971,nl
8404,tr
5016,id
1065,sv
512,id
1831,de
13934,id
5128,pt
9212,nl
10753,it
1483,id
4136,es
11125,af
6503,nl
5529,tr
3600,es
17147,pt
16529,fr
12817,tl
10119,fr
12402,af
14429,de
9291,es
14933,tr
7528,nl
843,nl
7946,af
13154,nl
13074,af
16693,nl
14330,en
8404,it
12818,tl
9270,pt
15971,sv
14608,tl
9212,pt
13192,tl
10399,pt
730,nl
71,tl
17143,pt
2403,tl
1993,af
3894,nl
10276,tl
5043,tr
8679,id
17170,fr
16056,nl
9855,tr
10579,en
13871,tl
3894,sv
2733,af
11467,fr
5757,tl
10355,id
6539,en
2850,sv
9669,tl
3398,es
16103,es
14608,tl
3734,tr
3566,tl
11023,af
6411,id
15686,it
7013,pt
10790,tl
969,tr
761,fr
10776,en
14884,fr
389,sv
6747,tr
11999,af
590,en
6241,id
17090,sv
11341,fr
15561,nl
8960,it
6366,tl
8635,es
4412,en
6617,es
6372,sv
1677,tr
9694,sv
2540,es
9321,en
3884,tr
7120,fr
2309,pt
7463,sv
14770,pt
15187,it
11827,de
13616,fr
13064,sv
15661,tr
2354,es
3116,pt
12536,tl
15626,fr
2816,id
16100,fr
16974,tl
8516,en
9095,tr
6426,de
7559,it
2517,es
4173,af
292,nl
7817,es
12963,af
5286,fr
13494,nl
13907,tl
151,fr
16120,af
10323,de
12054,af
2423,pt
3702,it
10049,af
6178,af
7185,de
4247,id
7916,de
6726,fr
5040,pt
15950,pt
411,fr
16563,id
2498,af
9156,tr
9637,tl
6127,nl
9902,af
9569,nl
9923,en
6616,sv
14473,af
14429,id
13630,tr
17095,tr
15721,de
10508,nl
16814,de
379,id
9689,sv
12473,de
8387,fr
12693,tl
8119,pt
3400,pt
9330,sv
1400,sv
16961,nl
8635,tl
4227,nl
13929,en
8453,id
9316,de
9175,de
2615,nl
15166,nl
3,af
4776,en
5349,pt
4168,en
9976,nl
4402,en
13548,de
2651,es
5347,tr
16529,de
11168,af
9706,tr
14253,de
11460,tl
3205,tr
9204,es
11361,af
680,tl
10621,af
6402,tl
281,af
3894,de
10679,id
15635,sv
12537,sv
4268,sv
5199,tr
3870,sv
15968,it
16072,id
9569,nl
12608,fr
4667,nl
13639,id
3321,fr
4449,sv
9303,nl
14757,it
7879,tr
5661,fr
6023,de
12245,en
8949,nl
11286,sv
9061,nl
14315,de
14762,fr
15736,fr
7258,de
1294,pt
12883,es
10125,es
2770,es
4001,sv
4477,tr
6517,nl
1830,de
4216,fr
16603,nl
7891,es
14347,it
17019,es
1047,af
3550,it
10824,nl
8449,id
9284,de
964,fr
5497,tr
5758,es
7953,nl
3700,tl
12532,af
3503,it
15177,pt
4837,af
2551,pt
9855,fr
16318,fr
216,es
3695,tr
11871,nl
8731,es
16413,es
1458,af
13467,pt
9923,de
11306,pt
13679,es
4955,tr
16523,es
4882,en
2995,es
13464,fr
11932,af
5396,sv
6469,sv
17069,nl
7557,af
4547,id
16375,en
9153,tl
5544,tr
9323,de
9175,de
14083,es
216,pt
16613,en
12759,id
9384,de
5047,id
13140,nl
6221,fr
10125,sv
15124,de
11141,nl
4189,de
13554,id
1180,af
6376,tl
4492,es
11322,tl
5919,nl
9656,it
8085,es
3029,es
250,tr
14498,es
15670,tr
13318,it
12604,tr
16248,fr
3750,pt
8968,es
3717,id
4606,fr
7774,tl
9362,fr
11067,it
8907,tr
5488,tl
10846,es
2166,fr
5573,en
14241,es
80,es
6572,es
15634,sv
16891,tr
3116,de
936,tl
16955,en
12254,id
4492,af
14246,tl
1655,sv
5328,af
6055,fr
12824,es
3030,es
15216,tl
16089,it
3582,sv
8442,pt
6946,it
8345,pt
4833,pt
1993,de
13592,tl
3162,tr
12376,pt
5006,fr
10759,tr
9897,pt
16248,es
4874,en
3674,tl
4848,es
12446,en
1812,tr
11546,en
4090,tr
9457,tr
7185,de
7978,tr
14316,es
11172,af
11458,tl
6974,nl
11914,nl
1061,es
9438,it
334,id
13625,nl
10366,en
3774,fr
1160,nl
17147,af
10527,tl
4216,de
14928,it
7258,tl
6946,fr
4402,tl
4491,fr
6227,it
15998,sv
15518,tr
10938,en
4921,tr
442,nl
16669,fr
5593,nl
14553,tr
15010,tl
9524,af
6248,de
7693,id
3127,af
14090,nl
1575,en
5912,fr
1061,it
3590,tr
1866,en
8539,pt
16701,de
7946,en
13298,it
11420,de
16271,de
2365,it
1516,es
6550,fr
16563,fr
7055,nl
6294,es
8762,id
11598,sv
3253,pt
2921,af
7878,it
473,fr
914,pt
6562,it
1144,id
9542,sv
6118,de
9941,pt
2423,en
5481,de
6295,id
7057,tr
5439,af
1832,sv
3516,es
5797,tr
9015,tr
9156,af
3864,fr
2441,pt
201,tr
8390,id
412,tr
16710,it
6134,de
8762,fr
5721,fr
1318,id
5301,it
15364,tl
4112,sv
10938,id
1308,it
2540,tr
11751,sv
4662,de
128,id
2350,es
8188,de
5640,fr
5433,id
7141,tl
2128,tr
10302,fr
3623,af
8442,sv
2316,tr
14457,es
15208,id
4909,tr
12802,af
11318,de
6562,af
5468,de
8347,en
3982,en
16838,af
3532,pt
6061,fr
16082,es
13457,pt
4667,it
13881,af
6755,pt
13741,id
4780,es
9035,tr
10757,af
11862,id
10786,tr
767,tl
6301,de
11858,fr
15857,tr
11914,es
2775,pt
3222,de
8100,pt
14919,it
14025,af
3936,nl
8791,tr
12724,tr
7539,es
13690,id
15670,sv
5165,tr
16956,nl
10503,es
15444,fr
884,tr
15113,af
16276,tl
6295,nl
11483,it
6550,pt
11437,nl
14792,af
8553,tl
15847,it
13738,pt
2334,pt
12838,pt
5413,nl
11420,nl
6652,tr
9941,it
9577,es
14308,sv
6457,it
2542,it
8453,tr
16131,tr
7876,en
15092,tr
10832,de
2798,fr
10406,tl
2775,en
13888,nl
16061,en
10970,tl
12019,fr
1533,nl
5158,de
1115,sv
2798,pt
12244,tl
3700,tr
13908,de
8670,nl
625,es
6964,nl
6378,es
4081,de
360,sv
6967,en
6337,de
12961,af
13867,nl
11628,fr
11628,tr
8828,nl
15532,de
27,fr
11125,pt
13863,fr
10263,en
3513,nl
635,en
7520,sv
3837,tl
16280,fr
7168,id
16271,de
6060,es
13513,de
12824,it
14268,es
15862,nl
1098,en
16729,id
506,pt
10335,fr
6926,tl
7262,de
6860,nl
11164,id
12343,pt
11685,es
2566,en
13619,af
5339,en
12672,de
804,tr
4994,es
13494,en
6378,sv
0,en
11770,es
6572,it
17179,sv
2497,it
8958,it
3986,it
12723,de
2931,nl
10031,es
5278,fr
14268,nl
6897,sv
13101,pt
7955,tl
6174,tl
14151,es
9656,af
4496,af
15592,en
1635,sv
258,sv
15229,af
2198,en
8261,pt
5014,it
8846,pt
10292,af
7654,en
16314,en
11914,de
6417,es
3323,pt
2711,es
6729,it
14933,pt
15857,pt
15796,de
4463,es
2824,en
14163,fr
6024,en
15670,de
11554,es
843,sv
2775,en
3444,af
10206,tr
3406,es
13908,en
10333,tl
7013,es
9561,tl
10076,af
3481,pt
2167,sv
6806,en
13491,tl
8409,nl
4620,id
1379,id
5523,pt
2336,en
14347,sv
15010,tl
15747,sv
11920,tl
16613,en
1191,de
4217,nl
3280,id
5229,pt
6371,af
8033,nl
10349,en
9656,nl
3193,pt
7836,fr
10302,fr
4854,pt
14025,id
10523,fr
4917,af
6282,es
4187,es
6928,de
16888,id
8535,de
7844,tl
13303,tr
2777,sv
12835,pt
9772,tr
16907,id
10444,es
7662,tr
2322,nl
5475,de
14442,tl
12340,de
12672,de
4125,nl
1655,en
15032,de
997,tr
12846,de
9897,it
15970,pt
5339,pt
220,pt
14308,nl
12844,id
8140,tl
4171,sv
10527,de
13714,tr
8674,tl
8188,es
11023,af
2309,id
11384,tl
1719,tl
360,fr
16401,tr
5550,id
1510,af
7609,tr
3118,sv
2403,es
12582,sv
14444,tr
12606,es
14323,en
11026,nl
11409,tl
14044,pt
15998,nl
11423,id
3911,es
8767,sv
6550,sv
660,fr
4463,sv
12824,pt
4544,id
1308,nl
7503,it
171,de
2075,it
3329,fr
2206,it
10655,en
2156,fr
1995,nl
9881,fr
9629,tl
9955,pt
2365,pt
6663,es
3175,id
6159,tl
7953,pt
11904,it
6214,sv
334,id
7768,it
11426,de
14414,tr
4780,tl
7295,nl
15467,en
11598,de
2128,es
5221,tr
6650,tr
9194,en
13363,de
3178,nl
6968,nl
12817,tl
14283,sv
1256,tl
14370,tr
14163,es
11987,en
5406,id
3980,it
12294,de
804,it
1994,es
1156,de
3725,fr
13473,id
14315,pt
804,it
3546,es
3522,id
14033,af
15513,id
10640,tl
10608,it
11959,sv
14354,tr
11705,it
2591,sv
13604,it
864,it
16318,sv
14214,de
11353,nl
8308,tr
5261,tl
9438,nl
14348,it
16455,de
861,id
6103,tl
6267,id
15199,en
5550,de
7287,it
11250,af
14214,af
6473,fr
16701,pt
1962,nl
564,sv
10534,it
12251,it
6077,id
7185,fr
17136,en
16532,es
1191,tr
2703,sv
3378,de
15348,de
3002,id
3714,nl
4355,sv
761,de
9088,id
7980,de
5307,en
6732,es
16851,de
6485,tr
15890,fr
1744,nl
16438,tl
4236,fr
6516,tl
2773,it
14912,pt
10206,nl
10915,fr
11424,af
15968,pt
2338,sv
4560,fr
8568,tl
13847,de
1784,tr
16501,fr
13074,id
15563,de
10927,nl
4692,sv
4780,de
1807,tr
2906,en
1933,en
6997,de
999,nl
540,nl
10512,tl
8260,tr
11133,sv
6290,af
9506,fr
9204,es
3852,de
12104,id
11029,fr
1191,de
9629,en
14457,es
6434,af
1516,af
6432,pt
9554,tr
6378,af
5370,af
680,it
4271,af
1589,de
16781,en
11685,it
13172,nl
8828,es
15358,de
13684,fr
4152,it
8125,pt
15634,sv
16245,af
10824,af
16471,fr
767,tl
9689,it
3852,en
3222,fr
9156,af
7870,af
14504,tr
16384,id
3413,tl
8033,nl
6015,tr
486,it
296,id
1808,de
10166,it
8635,pt
11438,en
5703,tr
5017,de
6923,tr
14874,nl
4104,sv
13592,fr
14757,fr
804,sv
12629,es
15513,it
7712,fr
13222,id
11124,es
15137,it
2166,en
7557,af
13741,nl
5948,af
15890,en
6503,pt
5554,tr
12329,es
6213,tl
14253,pt
10684,pt
14138,nl
9964,tl
10045,nl
5258,sv
15983,it
6405,pt
14023,fr
12982,it
1692,de
7520,tl
14822,de
13077,pt
5221,en
11778,es
3401,tr
12293,it
15847,fr
2890,es
2400,en
781,tl
6438,af
158,sv
9009,en
12452,fr
12982,it
5318,sv
10600,tr
1774,sv
12987,tl
3761,fr
16398,id
9720,de
8795,es
12413,es
1371,af
10150,fr
668,sv
15957,en
10757,tl
10824,af
4896,fr
9054,it
13986,nl
1205,fr
4928,en
6378,nl
13186,tr
6402,sv
12070,pt
13688,fr
11546,es
8925,fr
2408,tr
14116,es
11384,it
1778,fr
12160,en
8308,it
6506,it
7355,sv
12240,fr
10226,sv
4882,id
15626,fr
13997,it
10760,tl
10843,tl
13717,tl
2220,fr
17179,pt
4249,nl
5917,es
6469,es
7847,en
12020,tl
631,pt
250,it
5953,nl
14330,pt
12581,tr
2311,de
7500,en
10078,tr
14000,tr
11455,es
13744,fr
7559,it
5410,de
1575,es
14189,id
944,pt
11636,nl
14308,de
7196,en
441,fr
4928,tr
10776,de
2283,tl
9054,id
3870,af
15275,tr
8795,en
10366,it
9885,af
1301,de
9674,nl
8251,en
9254,tl
6294,sv
7450,nl
6221,af
16385,tr
5886,pt
3418,it
3980,tl
14306,en
8358,nl
5552,es
15548,de
7660,sv
9738,tr
10979,pt
9358,fr
14705,tl
11628,de
8853,pt
11916,es
13986,sv
8570,es
4491,it
4928,nl
14026,tl
14342,nl
10843,fr
4116,fr
7257,de
10712,de
1252,fr
17144,tl
16271,en
9237,id
13099,fr
13754,nl
2271,tl
6897,de
16560,sv
15839,tl
2316,en
16883,tl
15828,tr
14355,id
5050,de
16666,af
16459,fr
4168,it
2451,sv
590,es
11026,en
10858,it
1982,sv
15464,pt
9291,nl
6559,de
7073,id
14473,fr
7712,tr
2128,af
100,nl
17151,en
10851,af
6313,fr
11124,de
6517,en
2770,af
6195,id
3330,it
1360,de
11796,tl
5970,pt
9620,en
11376,tr
527,fr
13681,en
3489,sv
14214,tr
16038,nl
9767,tl
13391,tr
8824,tr
13717,nl
14787,en
13222,nl
15672,pt
3138,tr
3434,tr
13867,tr
5970,en
9554,en
13122,id
10571,af
17170,af
16622,it
12581,it
12402,tl
10406,nl
2201,de
16589,id
2753,sv
6902,fr
16024,es
16406,nl
1202,de
6241,id
14526,tl
6578,id
16461,nl
1874,de
12161,es
13966,tl
4400,sv
13798,pt
16733,nl
11616,pt
3542,es
12392,en
10513,en
7278,pt
15700,nl
2230,pt
12581,af
4702,id
11302,id
3568,id
14791,it
5732,tr
12104,id
1554,id
12675,es
13567,fr
3127,fr
14925,de
2840,nl
10956,af
3624,tl
13796,es
10568,pt
2447,tl
564,de
2354,tl
14115,it
5703,it
11905,nl
14241,pt
5324,de
15634,fr
3734,en
2777,pt
6542,tl
10406,af
4764,tr
16406,sv
10673,tl
8204,af
12707,nl
6568,tr
15127,pt
10090,nl
14553,fr
8204,it
3986,tl
6729,it
8856,it
16642,fr
14838,es
1722,pt
16703,tl
5523,fr
13796,fr
10699,es
15656,tl
9707,nl
11417,sv
15186,pt
10868,en
13078,pt
14701,es
7161,es
2801,en
16282,it
15592,tl
15987,pt
6118,it
14368,de
7975,tl
6083,tl
1741,sv
2441,nl
89,de
14475,sv
13175,tl
5757,nl
5570,fr
7380,af
1866,af
5378,en
9019,es
11328,pt
9326,tl
3907,id
5156,fr
5468,id
6496,id
779,it
3114,af
6542,pt
10462,id
14147,de
6994,pt
3870,it
1413,id
4001,af
6331,id
10568,id
5296,es
15706,es
13083,en
10909,tl
837,af
6568,tr
14939,tl
8409,tl
11124,af
5158,id
355,en
13524,id
15199,en
16603,pt
6134,nl
14539,es
962,pt
2094,tr
16163,nl
9194,es
13288,fr
6682,es
13888,sv
7293,nl
3433,tr
7741,id
5902,tl
3674,nl
7122,en
7851,tr
9896,pt
15998,tr
6729,tr
7098,sv
13666,es
7993,de
6694,id
16583,tl
790,en
5156,sv
10365,nl
4024,sv
10206,af
14457,de
8033,sv
2801,fr
8300,fr
2594,pt
10655,fr
4119,sv
2386,fr
2338,nl
1786,de
16698,fr
6496,pt
7224,tl
5970,nl
348,it
8781,sv
12244,id
8730,pt
13318,de
5199,af
4589,it
6268,de
7660,id
9961,nl
6241,de
9793,sv
5292,it
16166,pt
9986,de
12685,es
14822,pt
7542,nl
665,it
13288,en
2128,en
12291,tl
2062,id
11875,it
1862,fr
16131,tl
9629,id
8320,es
5707,id
11409,de
9149,tr
6557,nl
7461,it
16373,de
4826,id
9524,nl
12376,it
2423,nl
7189,af
16797,nl
9402,tr
6221,id
6178,tl
9330,af
9562,es
6926,de
11168,pt
4313,es
4336,en
2271,tr
6301,nl
4487,tl
4272,nl
4662,tr
6720,tl
6438,af
9592,tr
5614,sv
2225,it
10048,af
15511,af
14658,tl
11695,nl
6761,tl
5650,sv
7316,af
1308,it
14822,id
3037,fr
13310,pt
11267,tr
11664,id
12707,nl
10406,tl
3723,it
14958,nl
635,sv
5159,fr
7013,fr
12127,it
13694,id
1452,sv
12340,en
6178,nl
2283,en
10171,tr
1832,fr
6618,en
6557,af
3039,it
13222,sv
16944,tr
4672,pt
4266,fr
14382,sv
9632,tr
12629,de
6746,tr
1489,en
7397,pt
9494,en
6410,tl
16989,fr
14925,af
4273,tr
14644,en
11438,tl
13181,sv
4346,tl
11695,de
8635,af
15187,en
540,it
7380,pt
6304,tr
4361,de
16296,en
13361,tl
12608,en
9962,nl
9275,de
12121,pt
13926,fr
10687,af
10321,id
6013,en
3829,nl
391,es
11353,de
11773,it
6294,sv
9591,af
3835,af
3761,it
15565,it
13734,tr
14767,pt
5930,es
15444,it
2447,af
17116,id
6533,id
16975,nl
8322,fr
15454,tr
389,id
13934,nl
6214,pt
7908,id
9700,af
7863,es
7916,it
11266,en
6600,en
3117,it
5279,sv
10996,nl
14214,sv
9674,af
6248,sv
5579,af
12558,en
5433,en
16730,sv
3378,de
7196,pt
9637,es
8762,sv
940,id
12248,tr
9216,nl
1866,it
8,en
9878,fr
608,sv
14912,sv
9352,en
14126,tl
16613,tr
1352,it
4580,tl
6023,tl
10093,id
7287,id
10755,fr
8667,it
13567,af
12526,es
4809,af
3407,it
16506,fr
9772,tr
7262,fr
8431,af
17170,fr
13777,id
15448,tr
3993,sv
10846,pt
9263,nl
430,de
103,en
3400,id
7380,nl
7292,fr
1510,es
15707,nl
6755,en
11744,nl
8651,en
2588,en
15723,af
9620,tl
19,pt
826,de
1158,nl
8880,pt
2605,es
13974,en
15205,en
15467,pt
11266,pt
8004,it
2035,de
10292,id
9156,de
1784,tr
6220,id
3406,fr
7141,tr
12452,es
14449,it
8119,tr
15635,tl
7817,pt
9855,tl
13966,de
2206,tr
12963,fr
14981,fr
9812,pt
13165,id
9918,fr
8674,pt
765,id
14253,es
15560,es
4452,nl
15109,de
13400,fr
1745,fr
12582,tl
299,it
8261,fr
13188,de
15845,af
12020,fr
12957,de
11903,en
15825,af
13348,pt
10667,it
13636,id
2007,en
3838,es
12161,tl
6282,es
12736,nl
13554,it
16438,it
3503,it
8667,nl
14599,es
9149,tl
14223,pt
10523,tl
1400,af
448,tr
4305,sv
17119,it
15401,fr
13762,tl
12634,tl
15298,pt
448,id
9088,id
4589,tr
11423,en
11770,nl
13031,nl
1300,id
15409,sv
16589,fr
2263,fr
5703,id
9637,es
13197,es
12244,tr
7477,fr
5324,id
12581,pt
9844,de
13188,fr
12437,sv
6785,id
4084,id
4776,de
11720,es
3723,de
6643,de
12366,fr
4023,sv
10738,de
3418,es
12468,af
16446,es
1452,tr
6670,tr
10790,nl
17019,af
1994,tl
13101,tr
13199,tr
4960,pt
6645,tl
5912,tl
7613,tr
15276,fr
3264,es
12951,fr
5378,nl
8822,af
16148,es
3727,af
13974,nl
13330,es
7039,af
14118,fr
15382,id
9110,af
6891,es
7140,af
1527,fr
9275,en
15982,id
13683,tr
9520,tl
103,de
7927,es
10097,fr
10825,sv
16402,pt
250,fr
540,id
13567,en
14706,af
6764,en
16907,tr
9895,tr
12856,af
5912,fr
14928,fr
355,pt
14038,nl
1360,af
15950,en
16924,fr
13297,nl
9986,fr
3566,fr
15966,tl
6069,tl
3214,sv
10678,tr
11162,pt
8029,es
3426,tr
14437,en
7654,sv
7181,tl
15825,es
10156,de
9561,en
5199,it
2311,it
12402,id
16103,it
7117,it
1276,tr
16694,nl
9979,tl
13666,tr
660,af
9110,es
10743,tl
13984,tl
14440,nl
10038,de
5037,es
14040,tr
6103,tl
3771,tl
12581,es
6041,tr
13740,sv
17020,en
2434,fr
12685,nl
1722,nl
4174,sv
16730,af
5131,en
11582,es
7774,pt
12972,it
16648,sv
4550,tr
7712,sv
5410,sv
16470,fr
11845,fr
12553,fr
10426,pt
6151,it
1374,es
15957,en
3214,de
3570,tl
14096,fr
9471,de
2207,fr
9197,sv
1300,fr
15968,tr
2517,pt
3418,af
15651,tl
12343,af
5840,pt
15364,es
13069,nl
6937,en
10346,fr
1360,sv
13288,tl
3441,nl
3624,af
15998,it
16399,de
6672,de
17142,tr
17107,fr
9979,sv
16248,tl
15829,nl
31,es
10220,de
10538,af
13077,it
2927,id
6923,tl
761,sv
17116,pt
3624,id
2721,af
16282,de
7314,it
6923,tr
4985,id
13035,sv
10696,en
2684,en
11844,af
10608,de
2497,tr
10743,id
10954,es
6289,fr
13575,es
13513,es
16772,nl
1995,pt
12254,it
6550,tr
1784,nl
5988,fr
15736,af
7477,fr
9138,fr
5122,de
12367,tl
6178,en
2283,en
6517,tr
2770,tr
10909,en
2605,es
2594,tr
10563,es
6708,nl
6774,nl
3330,fr
7953,id
14859,it
1924,es
10399,tl
13197,sv
4086,fr
15513,tl
8666,de
1960,de
3444,fr
6923,nl
14879,en
8888,en
16419,tl
2496,fr
5378,nl
3196,id
12818,pt
15409,pt
4090,it
13513,af
11368,id
7080,en
14597,id
10999,af
13154,sv
974,en
13255,it
3320,de
12908,en
14690,fr
4383,nl
7891,pt
16103,tr
9565,tl
333,sv
3725,it
15518,en
12413,id
13074,de
14746,en
7531,tr
5006,id
14668,nl
14770,nl
6578,it
3835,tl
11384,nl
16529,tr
12251,fr
13734,nl
15635,sv
170,af
4013,en
1862,af
11678,af
4896,fr
10268,pt
7397,id
3570,en
16648,fr
11467,tl
7168,id
1796,af
7927,fr
931,pt
16622,fr
15845,tr
2647,id
9202,de
4347,af
11340,es
174,tr
9940,fr
15185,id
11546,af
3406,tr
4992,en
6337,sv
2336,tl
1336,en
6446,tr
4934,it
9225,en
9767,es
15231,de
13464,it
9732,pt
9902,en
10081,nl
17170,nl
5328,it
11536,fr
8681,fr
13150,pt
8469,id
6077,pt
9402,en
15275,it
1264,it
6304,en
15587,tl
4955,fr
13124,en
9197,fr
14429,tl
13630,tr
13740,tl
16560,nl
15731,pt
8390,en
4048,en
3780,pt
2566,en
4073,it
7922,en
1048,de
870,fr
15249,id
6559,es
560,en
11124,de
17157,nl
11026,nl
1808,fr
4145,de
9554,it
15532,de
16777,de
10119,nl
10525,fr
11409,de
1546,fr
3386,pt
1542,en
9827,sv
8119,af
2007,af
4871,en
15208,it
15464,pt
1744,tr
6181,de
3837,nl
7844,de
7528,pt
6288,id
12252,tr
10381,en
2062,pt
10931,id
9542,tr
8140,pt
3884,nl
10355,de
2113,nl
10678,fr
2265,tl
4618,pt
17170,af
1063,pt
6643,es
16730,de
9931,es
8033,sv
169,en
6980,id
3714,tl
8084,nl
635,pt
15700,de
14615,pt
1127,pt
10898,it
11257,sv
3178,pt
15792,fr
14757,pt
8916,it
1148,de
13693,nl
4362,tr
6147,es
5721,id
8732,nl
5258,de
3590,en
2887,af
9270,af
4702,fr
964,fr
4073,tl
5958,es
13031,tr
7025,de
7314,af
4412,fr
4240,fr
8320,sv
12623,it
6426,it
5037,en
11665,tr
13754,en
5650,es
8276,pt
9565,pt
1759,nl
494,fr
15216,tr
2296,tr
17090,nl
6495,tl
13766,tr
8516,sv
14442,es
132,de
12159,id
15358,nl
4090,pt
832,en
14963,nl
4580,pt
391,pt
9506,sv
11366,de
4477,fr
8387,pt
13494,de
13494,sv
11563,tl
3915,pt
5027,en
2610,tr
702,sv
7912,id
16916,fr
5229,it
9361,fr
12723,id
9301,pt
11634,en
15557,en
7975,tr
10832,es
5401,tr
4137,it
8125,tr
2178,es
7844,tr
9795,sv
13619,nl
16712,pt
1744,pt
4672,id
9362,it
13140,sv
14498,en
13766,id
6295,fr
4224,es
13714,en
1176,sv
7567,de
832,de
2384,tr
15459,nl
3809,de
13188,sv
11085,tr
5948,en
4177,tl
15454,sv
7686,de
10538,sv
15305,tl
10999,pt
13714,pt
16024,fr
9718,tr
10503,id
6477,fr
5871,en
13717,tl
1065,es
12581,it
4955,id
13616,es
6446,fr
4767,sv
13766,pt
261,af
14033,pt
13758,nl
1692,pt
7502,en
14306,af
15062,fr
3349,pt
9678,tr
2447,tl
10077,de
2914,af
16048,tr
10990,fr
16296,id
7477,af
4848,nl
10501,en
12469,id
7912,nl
3605,de
13318,sv
10996,tl
8618,af
15464,af
12623,en
13625,id
2258,sv
14981,de
13984,nl
1622,tl
9651,id
4232,it
7170,af
10451,es
8568,af
6901,it
891,en
6083,pt
9528,de
9121,es
10455,it
5985,de
14382,pt
13242,id
3570,en
9857,fr
16583,sv
2566,id
11598,de
8284,pt
15948,af
16170,tl
178,de
13521,af
7046,nl
16146,tl
9941,tl
15656,af
5347,de
16228,en
5650,nl
9121,fr
9494,es
11969,tl
13604,nl
3734,nl
13312,nl
6962,en
6596,it
7502,de
1786,tl
15345,tr
5330,de
5339,de
13199,af
14440,pt
16096,af
15950,en
4040,fr
8880,af
8044,tr
9460,pt
10023,pt
261,es
7467,id
3669,fr
16883,sv
8013,tl
8,tr
16765,tl
407,de
4119,fr
1581,af
2386,tl
4461,tl
427,pt
585,nl
6617,es
7531,de
12244,sv
13077,nl
4088,sv
9651,it
15137,pt
6027,af
12957,tl
7061,tr
3870,af
3298,it
12402,es
14597,sv
7353,pt
7664,tl
17052,it
7499,nl
5871,pt
16733,af
1401,sv
7224,de
12526,es
8679,tr
1352,nl
1065,nl
9720,tr
4712,fr
15706,nl
1423,sv
7319,en
4982,pt
8539,nl
9632,tl
2733,fr
216,af
1513,nl
86,nl
14038,pt
279,nl
3413,tr
4998,id
12813,it
310,tr
2396,af
827,en
512,tl
11166,tl
10940,de
6516,nl
804,id
6166,tl
6151,id
9986,de
3298,nl
6500,es
13150,fr
7777,pt
14356,nl
3146,tr
329,it
12813,en
15274,af
6515,nl
3099,af
15109,id
15203,id
4001,af
4618,es
7140,af
5797,es
46,nl
1351,pt
15513,pt
9941,en
10352,it
6372,id
16956,pt
10588,tl
1812,af
10577,en
827,af
13363,tl
15296,de
6432,af
14555,fr
12446,tr
11582,it
16560,fr
13855,de
14071,en
14442,pt
16838,af
14490,pt
10031,tr
16082,nl
8442,es
5812,fr
6901,it
16622,sv
8336,tr
14761,it
4043,pt
11922,de
2396,pt
14644,es
5623,es
3838,fr
665,sv
16455,id
11476,en
11677,tl
6720,tr
4813,sv
5324,tr
1812,tl
15686,pt
9402,es
9909,tl
3118,fr
2057,id
1759,af
764,id
484,tr
11417,de
8013,sv
7922,de
2615,id
11914,it
10048,es
9519,tr
9528,id
11257,es
11366,pt
1352,id
13714,fr
6582,sv
122,id
11987,de
1940,af
16318,en
6268,de
12252,af
4391,nl
399,de
7878,pt
4671,de
5339,es
13689,id
6785,af
14787,id
7463,de
5127,it
14253,tr
11353,de
6134,tr
9317,es
12581,af
4671,tl
1862,nl
13618,en
1542,fr
14096,tr
1047,pt
2638,en
10770,es
14378,es
360,tl
5837,tl
7922,nl
4951,nl
14770,de
16005,es
14038,tr
5988,pt
12723,af
533,nl
322,pt
16165,id
14,en
3460,nl
999,af
15656,sv
4248,fr
9962,id
3624,fr
14169,nl
5010,es
15587,es
11990,en
4013,nl
2985,sv
3595,en
4710,es
15124,id
7878,en
16583,id
6600,tr
4917,sv
4428,pt
14838,es
6293,fr
5577,fr
13359,sv
7319,it
2890,es
8867,tl
14395,tl
11368,it
12281,es
14545,tl
6027,pt
2007,it
1993,pt
10081,tl
4809,pt
10996,de
15359,nl
2134,it
1982,it
10568,it
9237,nl
10590,es
1924,de
3114,sv
4654,tr
3178,es
5996,tl
15849,sv
4784,tl
13521,it
7975,sv
379,pt
2527,sv
7055,en
14138,sv
751,fr
2365,en
15598,af
2868,fr
8442,id
11349,tl
5127,id
16029,fr
3408,en
5552,pt
1127,de
10979,fr
11922,sv
10403,it
3967,nl
10527,pt
1831,nl
9326,de
1870,pt
9601,tr
6500,it
1870,de
4428,fr
15700,tl
3734,it
765,af
1874,de
8248,nl
1513,it
1872,es
4439,nl
8494,fr
2451,id
16719,es
14504,fr
16002,id
2434,id
790,af
15841,nl
1160,tr
7971,pt
11107,tl
5221,tr
185,de
3364,tl
9263,tl
5650,id
13222,tr
1778,fr
6747,fr
1636,it
3562,tr
8516,es
11616,nl
686,es
315,es
13690,en
8294,it
16120,nl
5837,id
8466,nl
5813,fr
16357,nl
1108,en
4244,id
16438,af
8992,id
13310,tl
7500,fr
1256,sv
7499,nl
5658,tr
3717,it
3507,tl
5047,it
8541,sv
10674,nl
6720,de
5919,af
11420,tl
13934,en
7654,af
9212,it
2334,tr
9121,id
14615,fr
2265,tr
1533,af
15548,nl
14151,tl
564,tl
8042,id
15138,tl
1072,sv
1862,en
5159,sv
9969,de
8125,tr
16754,de
6014,fr
7500,fr
1759,tr
2711,es
16669,sv
9095,en
14189,nl
5017,sv
10825,pt
15456,nl
16183,af
10772,nl
9062,en
3329,tr
13460,af
2959,it
15337,tr
6865,en
6023,fr
5970,es
9720,id
6974,af
16589,fr
7843,af
16662,tl
8402,de
10687,de
12759,nl
14151,fr
6774,id
1120,sv
3103,af
1750,id
781,nl
10319,tl
1636,id
8562,tr
1756,fr
426,sv
11700,sv
14530,tl
16357,af
5917,nl
16911,sv
15124,it
15911,tl
15950,en
7583,tr
2591,es
10019,nl
9594,tr
9110,sv
12436,nl
201,sv
468,tl
13567,id
16916,fr
1427,sv
16777,de
2480,sv
7583,af
13592,it
411,fr
12121,tl
11681,af
2164,en
15610,es
13083,es
8732,it
6331,fr
7219,de
14620,it
8640,it
16583,es
12354,pt
8904,tl
5593,sv
7978,es
12261,fr
8245,tr
4377,tl
17051,en
11600,pt
15444,af
9691,id
14342,tl
13706,id
281,pt
15933,pt
9812,id
10256,de
6039,tl
10893,id
16385,tl
14023,en
13177,nl
1904,nl
14475,af
8553,es
14417,en
13400,de
16120,nl
11343,id
132,en
13412,pt
16609,es
4524,de
1217,es
27,es
9030,tr
3546,nl
11695,es
9237,tl
16045,tl
11751,es
17147,id
13363,es
15560,it
16766,it
15445,af
11157,it
13457,tl
10171,tl
6477,tr
10497,it
491,de
4496,id
15187,en
14661,tr
13754,tr
13222,tl
4550,sv
7025,de
13099,en
15401,af
14761,tl
9656,it
962,nl
11420,id
8990,it
310,sv
5911,fr
8562,id
730,en
16024,pt
2035,nl
2898,id
6213,id
14904,nl
12453,fr
14130,en
9361,pt
15950,pt
14304,es
12264,sv
11706,it
5292,af
5196,it
4544,de
3162,de
1750,pt
14033,es
8867,id
5051,tl
782,sv
16730,pt
3408,es
456,id
3320,sv
7199,en
10247,es
7598,en
4412,it
13361,tl
6055,es
3175,id
2651,af
10828,it
6194,es
11259,it
13863,en
13741,it
1121,es
13400,en
2711,af
11279,de
7570,de
5578,es
14794,es
14545,af
974,id
6936,fr
8347,it
13679,pt
8043,af
16872,sv
8985,de
6974,en
292,de
10756,it
9406,it
12558,sv
8781,af
10600,de
10076,de
9772,tr
16430,af
5554,en
608,es
7741,es
5261,en
12308,af
5573,pt
8300,en
12986,fr
11861,af
4930,fr
7542,it
362,it
11539,es
16496,id
2220,nl
2611,it
15177,nl
16385,tr
9565,en
12354,fr
14440,pt
9720,it
11767,de
7467,tr
12437,de
3222,af
9955,id
15802,id
14179,tl
940,fr
16275,es
997,tl
1777,it
9761,it
15777,es
6992,en
7542,en
8882,tr
7890,sv
4013,es
11353,en
4130,af
11802,it
8308,tr
1547,id
1202,en
14545,tr
15304,tr
4077,fr
10019,id
9857,fr
11700,fr
15652,af
10472,tr
1658,de
8394,de
2594,it
16712,en
8469,tr
1202,nl
10709,tr
7870,pt
8960,pt
1513,tl
1489,id
10936,id
11695,de
16662,de
12121,nl
16563,tl
12963,en
13524,pt
3474,id
12961,af
13122,es
8635,nl
1007,tl
2965,de
15205,it
12532,es
10843,it
456,nl
9895,tr
12248,tr
1076,it
297,sv
14368,af
6337,id
15703,de
11685,nl
9591,pt
151,tl
1993,en
12308,nl
16717,it
16357,af
939,fr
5050,fr
2178,tl
2237,it
9760,fr
4268,en
9637,sv
1063,tr
12623,tl
15796,de
6293,en
5156,tr
533,de
15765,sv
15518,en
6789,sv
13486,pt
11570,sv
4966,fr
12537,it
3039,af
15387,en
427,es
6267,en
2560,it
10285,tl
2704,it
14567,en
10982,id
14683,es
16165,es
540,pt
14412,es
4951,pt
15518,tl
5837,af
7919,nl
12340,it
1042,sv
5758,es
940,it
14615,tr
15271,id
7161,pt
2684,en
9761,tr
10352,it
6561,it
10440,pt
3980,tr
3337,de
1671,es
7953,es
940,tl
7113,sv
6902,es
2311,sv
16072,es
13077,es
10125,fr
11172,es
9187,en
263,fr
2350,id
10731,fr
3321,pt
46,pt
5341,sv
7980,en
3581,pt
6403,es
11266,tr
16944,es
16559,en
11643,en
11157,sv
11442,fr
4187,en
4953,es
6568,es
10772,nl
4299,sv
2777,sv
8741,tr
6093,sv
14367,en
13717,tl
3295,sv
8469,tl
16398,tr
12127,tr
14370,af
9732,nl
3228,fr
665,pt
6241,pt
6694,tl
9303,tr
379,tr
15731,es
15459,en
12634,id
7289,sv
12710,it
779,pt
7870,de
3330,en
13982,tr
4058,nl
10568,tr
15311,tr
2396,es
14585,es
13607,fr
4023,nl
16427,tl
11459,nl
2007,sv
5691,en
9074,tr
4346,af
12251,pt
5958,en
6744,id
389,af
16765,fr
10577,id
3771,tr
4680,it
3606,pt
6013,es
5902,tr
4496,id
4104,es
2921,es
2230,de
5016,tr
9263,af
6785,en
4554,pt
10855,nl
7654,it
10979,sv
11903,tl
4040,es
7570,id
5488,de
15456,tl
6994,nl
1048,en
10718,tl
4247,sv
1483,sv
3116,af
59,tr
8916,en
17087,tr
16222,es
15166,nl
9994,de
11270,en
6980,sv
9568,it
3995,af
9380,nl
11536,fr
9121,es
14040,pt
2220,af
7111,nl
11744,af
7956,fr
3986,en
16874,en
3460,pt
2258,tr
16859,id
16075,af
13974,nl
11947,pt
10357,sv
1549,en
12745,it
10353,id
10938,fr
10308,en
9011,es
3433,de
3253,id
4502,nl
15350,es
12951,tl
15274,de
7559,id
12251,de
1014,de
16052,it
16710,tr
10346,en
16891,sv
16297,sv
1007,pt
9885,nl
12963,nl
9011,es
4550,es
10960,pt
16049,es
5411,en
369,pt
7946,en
3702,pt
11451,nl
10699,id
11860,af
4436,tl
5321,af
10808,tl
12339,de
13847,id
8912,tr
14859,pt
5758,fr
12430,fr
1710,nl
10226,fr
185,id
12717,pt
11778,de
8347,tr
11633,pt
9851,tl
8461,nl
2198,sv
15556,af
4998,nl
14473,es
9270,tr
2870,es
1537,af
13383,es
1489,sv
936,sv
3912,it
10699,es
4776,tr
9149,tl
16158,en
2093,it
16799,es
315,tr
3982,fr
2780,nl
7477,en
939,it
7956,pt
11700,en
2384,it
442,es
14457,tl
7666,id
4837,fr
10816,it
1048,fr
4205,it
7697,it
8260,tl
11423,it
13177,fr
12166,sv
4934,nl
2350,pt
8260,pt
12436,nl
14668,it
6426,id
16248,fr
9107,tr
4890,pt
920,en
12604,id
15062,nl
5043,pt
15911,pt
12159,sv
6737,tr
6439,id
13494,pt
1043,it
348,nl
11677,pt
6720,tr
16593,de
14644,tl
15634,tr
13341,af
13766,pt
2438,nl
6729,sv
5650,tl
7836,id
315,en
47,id
13124,de
4253,it
14508,fr
2995,fr
10076,id
16228,tl
10023,en
2298,fr
8670,tl
3492,en
9720,en
2975,it
15187,es
7851,it
17116,tr
16361,en
10214,pt
6729,fr
4132,id
5149,tr
6073,id
10858,fr
2733,tl
15225,af
7257,en
999,de
8394,id
17095,af
8496,fr
17051,fr
5296,fr
15203,tr
4550,nl
11904,tr
7120,nl
7461,nl
2166,sv
8343,tl
782,pt
1786,pt
16166,tr
15225,tl
6014,tr
9202,tr
6337,af
5159,nl
14567,es
9380,it
8730,sv
5554,sv
15032,de
13681,de
5009,af
5122,id
15508,tr
14963,sv
13491,en
8907,nl
6064,it
15020,fr
16413,sv
12020,en
15289,de
5258,sv
1639,pt
7609,tl
11107,af
2085,it
1960,pt
8042,sv
15785,de
14026,fr
12717,fr
7686,es
17051,de
14746,af
2201,sv
1377,af
660,it
7879,en
219,tl
5127,sv
15554,nl
4934,tl
1093,es
4442,af
8248,sv
3837,pt
7680,en
9212,en
4026,en
9732,es
16376,nl
17020,es
9718,tl
7912,en
3011,id
16717,it
13361,fr
15957,de
11345,tl
7690,fr
2113,es
254,pt
3570,tr
5157,nl
10577,fr
8968,es
7314,nl
261,it
5985,sv
10493,en
2673,nl
12409,id
11953,es
14000,af
9853,af
1537,tr
11257,it
10772,tr
12121,sv
1756,af
16373,es
2545,en
250,en
12263,sv
3669,af
10674,tl
11600,fr
16583,id
14599,tl
6431,sv
5082,tl
3907,sv
967,en
5118,es
16983,tl
2908,tl
15181,it
59,es
7287,pt
1941,es
3486,it
2870,af
12008,tr
3426,es
3162,es
13693,nl
263,en
19,tl
6801,it
1084,id
10501,tr
10119,fr
10770,pt
5159,it
254,it
362,id
9617,it
3606,en
9895,de
16846,fr
15214,tl
443,it
7141,es
13679,id
2703,it
15546,nl
424,fr
16694,de
9619,sv
3717,pt
3723,af
4874,tl
2887,es
2545,tl
12838,tr
17015,es
11796,es
8666,id
10808,en
11157,pt
10285,de
4241,tl
15225,sv
1741,tr
12745,fr
1703,nl
1205,de
10679,nl
14223,es
16956,en
5292,nl
9327,nl
10217,tl
4554,af
7503,id
16947,id
12161,pt
5292,tl
13618,fr
6064,en
13135,pt
13799,fr
11164,en
11802,en
2384,en
11529,es
11426,sv
15518,tr
10673,id
4227,tr
6313,de
4680,de
14673,en
8642,it
3762,tr
3522,fr
7778,es
16668,en
7563,es
6533,id
3349,tl
4710,tl
10792,af
7697,tl
11706,it
8635,it
2412,sv
14382,pt
9361,tr
6856,tl
9323,de
3037,es
1180,pt
2780,fr
764,id
9912,pt
1546,nl
10049,it
8460,tr
11154,sv
15092,af
1108,sv
2551,fr
4224,id
1933,it
10755,es
7817,fr
7266,tr
13774,de
13536,it
15763,pt
12430,sv
128,sv
317,fr
10442,tr
4477,tl
5671,es
5199,es
16532,tl
11751,en
7892,af
7524,fr
4001,en
16846,de
7477,tr
16377,de
7219,es
13774,tl
8261,es
5953,it
1811,es
4953,tl
14791,de
7978,tl
11612,fr
6446,nl
5635,pt
6618,sv
12608,sv
15289,pt
10177,tr
3408,af
10699,pt
8165,nl
6720,tr
16535,it
13506,de
6220,af
726,af
2094,nl
3408,fr
9629,tl
11515,tr
11204,it
3492,en
5955,pt
11426,nl
8322,pt
6994,es
16245,tl
2438,en
5570,af
10563,es
11643,tl
2330,nl
8767,tr
14116,sv
9857,sv
4798,de
12294,pt
6027,tl
8539,id
14564,it
12846,nl
14163,it
1549,fr
5557,sv
9815,tr
2174,en
14071,nl
10960,nl
14063,tr
14239,af
5270,en
6322,id
11189,fr
8294,tr
16693,af
12377,en
3184,pt
15672,tl
11905,en
10442,es
2774,en
4845,af
9969,id
861,af
1440,sv
15010,it
1646,es
12339,af
16652,pt
279,sv
5619,pt
11514,tl
2927,af
6801,de
1423,es
8436,pt
15721,af
4772,fr
10296,sv
14316,de
11340,id
9236,it
6646,de
10674,nl
10816,fr
13547,af
4780,fr
4524,fr
6720,en
15208,es
631,it
10804,tr
5301,es
297,sv
2225,tl
1994,sv
13439,de
10805,af
6500,fr
13908,fr
15010,en
5401,tr
13199,it
1715,nl
16280,de
9726,sv
5074,es
7292,en
11858,id
15809,en
13516,fr
2921,af
1794,tr
3205,nl
5017,en
6434,en
2396,pt
9738,pt
8436,es
310,en
10679,id
8525,es
7168,pt
7528,nl
6371,nl
6372,es
13863,de
9924,de
16225,tr
13666,af
13625,sv
9630,en
12310,en
11773,tr
4667,pt
14889,fr
3434,id
10985,nl
2330,id
11124,tr
4614,tr
16146,en
14490,tl
11922,tl
13714,af
3834,tr
9408,tr
9506,id
13023,tl
6764,pt
5912,de
2753,de
182,sv
13283,id
8390,en
14115,tr
10699,en
7609,it
6572,tl
6214,it
17011,af
967,id
16357,en
10756,tl
12376,es
5199,tl
12722,tr
5577,de
12366,pt
2780,fr
10317,pt
1425,en
6147,es
216,pt
1703,pt
5127,it
15229,it
13867,pt
7556,es
5661,es
10045,sv
9270,it
17136,nl
8100,tl
11861,tr
10339,tl
3590,tr
738,es
1061,pt
10031,tr
1336,de
15723,id
10731,pt
13043,en
8079,fr
14063,tl
2016,tl
7567,fr
8762,pt
15229,es
6109,it
15825,sv
12127,fr
3785,tr
13908,es
6774,id
5590,fr
2480,nl
6572,tl
7168,sv
3117,af
7039,nl
8846,pt
15276,af
4132,de
329,es
4874,sv
3161,de
16754,fr
10497,pt
6072,pt
11529,es
11124,es
3196,it
16168,en
16501,tr
16082,fr
10590,it
14382,nl
8394,af
13252,es
6515,id
14792,it
3838,pt
2551,pt
3967,nl
9303,sv
11098,tr
7902,sv
11029,af
16263,id
555,es
15763,tl
9594,id
1830,nl
14792,tl
3184,fr
4268,sv
13288,sv
11636,sv
14794,sv
1759,en
10323,pt
8949,es
13688,it
3883,nl
2165,sv
12999,tl
10640,fr
1509,it
7000,it
348,af
15841,af
8165,tl
13546,id
5525,tr
10563,sv
13023,id
4491,it
13312,nl
12618,pt
15777,nl
16916,nl
2931,tl
11023,af
6077,fr
11328,fr
4346,de
201,id
1427,af
16955,fr
12824,es
712,af
12693,tr
3435,af
12932,en
2434,it
7557,de
6473,fr
5433,fr
2906,de
9562,es
14509,sv
14761,af
13740,pt
4772,sv
12189,sv
2298,af
9316,es
4375,it
10588,pt
9216,pt
158,af
11460,fr
8912,it
10442,en
4764,tr
7971,tr
10426,id
6388,id
12104,tr
2355,tr
3080,sv
9956,es
16713,pt
4491,id
8037,id
16797,it
10444,de
3775,tl
12413,pt
8013,sv
8562,fr
15700,pt
6083,af
10893,af
962,nl
8449,id
2708,tr
8741,id
2545,pt
15133,id
5573,id
13506,af
333,nl
258,id
8856,nl
9878,es
8948,tr
6073,tl
15700,af
1710,sv
1124,nl
8251,id
6575,it
17148,en
8260,es
14504,it
16148,id
13591,af
8453,id
10451,de
10081,sv
5732,tl
6325,sv
5318,sv
11633,sv
11081,pt
1635,es
9640,id
12051,tr
6432,af
14925,it
8055,it
7232,fr
14599,de
3050,sv
3298,id
15197,en
16892,en
3550,sv
11664,id
16010,pt
14791,tl
3489,sv
4933,tl
2400,tl
10260,it
4121,fr
11861,fr
16873,tr
6289,af
11862,sv
5468,tr
13693,sv
761,es
8774,sv
10323,es
12558,pt
14465,tr
1542,tr
258,de
7291,fr
6683,pt
16170,de
7531,sv
15785,tl
11999,tl
9912,de
2890,pt
63,de
16098,id
10956,it
4673,it
3098,de
3614,id
2288,es
5333,de
9541,en
11180,pt
8410,tr
11554,it
5401,es
590,es
3835,es
1579,it
9760,fr
4205,nl
1428,sv
3700,nl
2082,tr
397,de
14029,es
5652,sv
16320,it
3080,tr
8769,tl
10247,sv
3562,it
3907,en
10214,it
3993,tl
5152,af
15137,tr
14348,fr
3096,id
8960,af
7891,nl
4428,en
10805,id
12098,sv
11141,id
8585,de
6438,tl
2296,it
7161,de
16589,es
132,af
3031,tl
8415,pt
11744,tr
5332,de
4073,nl
6151,tr
4402,en
1692,pt
8248,af
5552,sv
15472,en
6761,fr
9460,en
9216,sv
2207,tr
1546,tl
10217,pt
14,nl
10220,pt
16758,sv
15445,tl
5225,de
4183,nl
12468,fr
3581,tr
13896,es
11459,tr
10812,de
13516,fr
8782,es
9494,tr
8640,pt
6050,de
7397,tl
5584,de
6516,id
1636,sv
6426,af
13927,sv
10206,nl
2265,fr
7539,nl
10177,fr
14229,sv
11695,es
14585,it
14530,sv
7080,af
10053,en
7711,it
12020,de
13222,sv
10285,en
11695,nl
9815,it
5037,fr
1589,de
5439,es
1030,tr
16989,af
9460,de
9592,es
4266,tl
15399,tr
14549,fr
14684,pt
14126,es
4177,sv
9326,sv
7292,it
11969,nl
4813,fr
9827,sv
7189,pt
1351,tl
4249,es
13101,pt
11778,fr
14701,id
12166,pt
12745,tl
6045,de
2708,en
6670,tl
12453,es
11953,tl
15802,pt
16888,it
15399,it
10503,es
4305,es
8387,tl
11302,af
3686,pt
10494,af
9323,fr
3222,id
15948,id
8766,tr
12367,tr
13536,af
8044,it
1014,af
3838,pt
5468,en
9592,de
16899,af
16467,tr
12800,en
7567,fr
13777,af
9956,id
10753,fr
4400,de
7455,tl
12248,es
7258,de
12162,en
3101,fr
11634,tl
16010,tr
15187,es
13101,sv
5296,it
4998,nl
7080,af
6594,sv
5919,en
6181,fr
11279,id
2721,de
6958,en
10451,af
10197,en
560,nl
13666,af
13150,nl
11598,nl
6722,tr
8867,id
4968,es
4177,pt
5292,af
6352,de
427,tl
1533,es
7583,de
2545,en
2906,es
3669,fr
12366,pt
15348,sv
3717,id
10577,id
9121,fr
3434,tr
4798,fr
12963,nl
2859,de
4121,sv
5082,id
321,sv
5158,nl
9979,tr
9062,sv
11460,tr
1063,sv
1719,nl
14608,sv
2447,af
13823,id
7559,nl
9316,fr
7902,fr
8182,tl
8828,sv
4606,es
4152,nl
13705,de
1722,de
9640,id
1719,sv
5297,de
11453,en
8148,sv
329,tr
8828,de
7927,af
14414,de
4689,fr
2647,af
2207,af
9225,es
9943,tr
16791,fr
9871,pt
9971,id
2605,id
8431,id
8308,id
5757,de
7087,es
13135,it
2512,fr
9746,tr
178,en
150,tr
16221,tr
473,es
6473,en
4272,fr
13867,sv
11904,sv
5016,id
4187,id
10433,fr
10985,id
5413,pt
9569,fr
17148,nl
4436,nl
4994,pt
1511,it
3128,tr
11180,es
4764,fr
10093,id
2451,id
3080,af
17098,fr
3852,it
1924,tr
7891,de
13040,es
2315,af
412,tr
9542,id
2432,sv
12851,nl
14246,es
12294,fr
15792,af
10256,af
12054,en
10982,de
2638,fr
15785,tl
15546,fr
4266,tr
11204,tl
8618,nl
4833,es
15274,pt
14356,id
8939,tr
6034,nl
4589,sv
16652,it
10352,de
9617,fr
686,sv
6410,nl
6621,id
3780,tr
16627,it
174,nl
4486,tl
15350,pt
14822,nl
15413,af
5134,sv
2220,tr
9629,en
4764,it
13823,it
14994,af
4024,it
12306,tr
4452,id
11514,es
9352,tr
2850,tl
7262,tr
5557,af
441,es
15736,nl
15651,en
6850,af
2564,fr
14475,fr
9977,de
15904,af
16523,tl
15249,nl
9656,it
14539,tr
8762,af
7528,pt
16560,tr
4104,es
5051,en
17157,en
14794,fr
6221,es
8260,nl
11349,pt
1744,nl
3995,en
4313,tl
9291,nl
13451,fr
16662,tr
2447,sv
1127,tr
3723,fr
5955,de
635,tl
17069,pt
1120,id
16005,nl
13819,fr
16758,en
4031,de
15203,nl
15968,fr
3008,nl
10031,tr
14917,sv
11172,sv
13506,fr
12251,fr
12908,en
2384,tl
9676,nl
10571,tr
8916,tl
4516,af
2512,en
884,af
3532,af
3444,sv
13040,af
12932,de
17098,fr
11798,it
6801,sv
4934,en
14096,af
2480,tr
11932,fr
15911,af
7216,it
7762,af
8261,nl
16158,pt
6645,tr
5017,en
3513,id
16201,fr
2903,fr
9153,es
16061,es
9674,de
7496,en
10263,af
2781,sv
5948,it
796,tl
15200,tl
751,sv
13124,tl
7778,tl
10107,af
1401,tl
397,nl
1547,it
12329,id
3060,en
7570,es
11598,es
3486,tl
10045,tr
10816,en
13722,it
2887,tl
9303,en
17151,id
5525,nl
4463,es
12469,af
4587,nl
9116,af
8598,it
7666,af
5378,af
768,id
322,it
9761,it
15413,tr
16974,it
12299,tl
8402,tr
3623,sv
13078,fr
2311,sv
10497,af
9327,tr
16437,sv
9112,en
10718,fr
3723,tr
8044,de
3598,tr
8165,en
660,af
4813,af
10206,en
2957,sv
2868,it
17108,it
399,pt
2365,af
14101,de
5010,de
4881,es
11782,pt
8056,pt
9562,tr
1784,it
14074,af
12789,it
11423,nl
9760,de
6672,sv
14229,it
16183,pt
16916,it
15280,pt
5619,en
1811,en
7690,tr
9630,nl
14406,en
14418,it
6836,nl
7224,nl
299,fr
6159,it
12844,tl
3413,pt
6305,fr
7080,en
7073,tr
15326,sv
8241,en
1744,nl
16519,it
86,nl
1913,en
9212,en
11681,sv
16100,fr
61,es
10579,af
14683,en
8868,af
8681,de
1658,de
2780,sv
6694,pt
15271,id
11335,fr
4580,id
10213,es
5250,es
13693,id
10027,tr
12162,tl
9316,nl
8188,tl
4567,fr
11368,sv
10513,en
9541,sv
286,tl
4837,it
2205,fr
11845,es
14395,de
379,af
14700,it
12446,nl
525,tr
8431,tr
12166,fr
15020,de
16916,es
11764,es
9676,fr
17011,sv
16995,es
15032,pt
14316,tl
14130,tl
182,pt
6352,nl
15721,sv
6710,sv
319,pt
11695,tr
13929,de
3595,it
5911,fr
6892,nl
4116,en
3695,fr
16377,pt
4086,fr
8900,id
5573,en
9952,tl
10016,tl
2540,de
12856,nl
15948,af
150,af
13744,fr
9364,en
11825,fr
3852,id
4463,en
1180,id
7953,de
5593,nl
1831,tr
6815,sv
9629,fr
9321,en
17098,en
7955,en
12634,pt
177,nl
8765,tl
16377,en
15213,tl
11505,id
3852,fr
14874,nl
16229,fr
6181,tl
15304,nl
11081,nl
5198,en
13044,tr
5574,it
13762,es
10696,es
2816,nl
12813,en
8906,it
6116,en
5568,en
8404,tr
8741,de
5888,tl
14040,nl
12383,sv
3011,nl
11827,fr
10217,fr
10621,tr
4477,id
5570,id
10350,fr
2959,it
12293,sv
7528,fr
3566,fr
5330,pt
2208,it
625,pt
5038,id
10776,pt
12453,af
16266,id
12629,es
16883,en
16275,en
5797,en
12824,id
11644,fr
3212,af
4377,tl
11140,id
6129,es
16103,id
10333,pt
2542,pt
12536,tl
10197,es
169,tr
122,fr
9844,af
8867,es
9768,sv
5974,fr
6964,af
12618,it
11162,es
4833,af
11141,nl
15020,tl
2373,de
3418,af
1516,af
11272,fr
12263,sv
1533,tr
16430,en
3323,es
14925,af
4921,sv
11570,fr
10350,en
12160,sv
50,pt
16402,fr
17069,tr
1646,sv
16398,nl
11259,pt
13766,pt
5439,nl
7266,it
2412,tl
16385,it
10097,es
11616,tr
10828,it
5985,nl
5652,pt
1804,nl
13798,nl
11460,tr
151,tl
9768,af
15700,tl
14214,fr
1180,id
6901,it
8579,fr
782,id
13722,en
3030,es
13412,nl
9363,sv
7686,es
14544,es
12582,es
4772,nl
4667,nl
17179,nl
5615,tl
5671,nl
1655,de
8453,de
15186,nl
4258,id
8541,af
12629,af
16356,pt
3008,sv
7741,pt
15467,id
11474,tr
254,pt
14138,fr
16401,pt
8498,id
16318,pt
15560,de
16529,de
7863,it
5082,de
441,de
5245,id
11140,fr
14919,fr
1940,es
8765,tr
15185,sv
14419,id
10090,tl
17095,sv
10760,it
8958,de
286,es
4309,sv
11825,tr
15970,tl
1777,es
15055,sv
11424,nl
5554,fr
5958,pt
7730,id
7141,it
11180,en
12634,sv
11922,pt
997,pt
10755,sv
10355,fr
14615,nl
14661,it
6683,id
11677,it
14601,sv
5370,es
781,pt
16148,tr
8906,es
5697,es
3204,en
17142,tr
16163,tl
8345,sv
16376,it
4166,en
4121,tr
10099,sv
3037,pt
15155,es
1098,it
16961,af
1318,it
6901,pt
1537,nl
16883,en
5544,nl
3516,en
11536,en
1467,nl
10832,tr
11905,tl
1098,pt
9640,en
7726,es
17157,af
9471,tl
14646,es
4560,tr
16201,de
14038,it
16559,id
3161,tr
15275,tr
15672,id
321,it
3598,en
8294,tr
1076,sv
11644,tr
86,tl
10078,de
7596,tr
4833,af
14933,it
12248,en
6646,de
9689,nl
3146,es
15847,de
10031,tl
12150,en
12716,en
13115,sv
4702,en
6559,tl
85,en
5296,en
2237,id
8681,it
9541,tl
16907,it
2234,nl
5160,nl
1400,fr
4587,tr
8992,nl
1065,tl
9986,en
15708,es
14154,sv
8058,fr
279,es
2056,es
1630,pt
15457,en
6962,fr
862,it
10493,fr
430,tr
9269,de
13799,tr
4081,it
6909,id
189,es
16668,nl
4799,tl
12553,fr
4477,de
16282,pt
15062,pt
17157,de
15756,tl
1786,en
7851,fr
13854,es
14746,af
2264,es
13400,es
5678,id
491,sv
8248,pt
8033,id
2591,fr
14601,tl
13044,pt
14787,fr
5062,es
150,tl
3995,sv
10442,fr
5279,pt
9772,id
10220,sv
8782,tl
1786,af
15511,it
11265,it
15557,es
897,en
7291,af
8939,fr
4043,de
11932,it
3775,en
10292,it
12724,de
10451,pt
3809,es
8402,id
11733,it
12308,af
4001,af
15785,sv
11341,tl
6370,sv
4667,de
6621,tr
6860,id
16890,en
13853,tl
9637,es
6294,nl
14339,de
16662,pt
4887,tr
16245,tr
11029,id
15732,nl
10381,fr
3207,sv
1830,de
8857,it
14116,pt
8968,it
6101,id
8269,fr
4183,de
6557,pt
12240,it
2174,af
12797,af
11515,en
296,af
10346,fr
15732,id
15561,tr
2208,de
14567,nl
14142,pt
220,id
16029,de
12212,de
13717,sv
14356,de
9363,tl
14653,af
6134,fr
12383,de
13679,af
15971,it
15092,en
5158,tr
5758,it
3775,tl
1377,fr
15010,es
4654,tl
219,nl
1803,sv
3761,id
3654,tl
2237,fr
9678,en
12308,es
10224,tl
10296,en
13546,tr
11858,fr
891,es
527,sv
15747,sv
1156,pt
11261,it
13758,es
9019,pt
7563,nl
15203,nl
9918,tl
8474,id
9406,it
17043,de
13847,sv
15155,it
10868,pt
13567,nl
9871,it
9250,en
17054,de
5948,it
9562,pt
5953,tl
5919,fr
11424,nl
5953,fr
12160,sv
6694,es
16024,id
13619,pt
9962,id
11177,fr
7596,tr
12606,es
15092,tr
14690,es
3995,id
7847,sv
4031,nl
16622,es
5985,es
3539,nl
13192,af
5219,tr
12526,es
10494,it
2056,en
4347,tl
4848,es
8251,id
7955,sv
940,en
5006,sv
8795,tr
16944,tr
6561,de
1048,pt
7879,en
625,tr
10038,nl
14585,es
3349,af
7891,id
10213,de
15983,es
16630,id
6194,en
10156,tl
12779,tl
17147,af
10985,de
2962,es
3742,af
3387,af
7232,sv
16801,pt
6378,tl
2098,de
3960,tl
4851,af
10292,af
17138,af
6562,es
5577,pt
13536,de
14884,fr
13780,nl
3205,pt
5727,tl
12244,en
7556,af
2035,id
15845,tr
1607,en
10433,nl
14001,tr
12104,en
11987,af
5196,pt
15124,de
5837,nl
1655,nl
2647,fr
17138,en
12104,tr
8085,sv
3323,es
11643,es
8559,fr
4913,nl
4689,tl
2678,nl
15271,en
16892,pt
11146,es
11585,tr
10895,it
14330,de
12409,en
2512,tl
2315,id
2591,nl
4130,tl
4137,nl
4166,nl
7808,nl
16780,af
2890,it
16838,nl
16471,id
11867,es
14115,nl
8037,pt
13340,af
1635,tr
13681,af
2703,nl
17147,af
726,af
16178,it
8469,af
15350,tr
3546,pt
11029,af
14648,de
13348,pt
768,id
16559,it
16168,sv
4137,nl
2717,af
13412,af
16096,af
9923,tl
7141,en
1715,tl
17113,en
8867,pt
1549,tr
10182,nl
8570,es
1542,pt
16955,tr
3915,pt
15880,de
8880,it
2296,en
13546,nl
15933,id
10093,tl
796,id
6755,id
4544,es
14000,it
4874,fr
15326,pt
15445,es
4377,tl
940,it
14787,it
10224,es
4241,pt
16801,id
14967,it
11953,fr
10508,en
3298,fr
2355,tr
15995,sv
1351,sv
9956,sv
4874,es
1960,af
15796,af
4290,tl
2164,tl
11318,pt
8079,sv
17148,id
4930,en
13154,tl
13255,en
16050,fr
6319,af
8822,fr
12070,de
4960,nl
9961,tl
16320,it
7922,id
12789,tl
9878,sv
9182,it
12536,en
2396,nl
13688,af
7890,fr
1090,en
1510,nl
430,tr
16245,nl
9225,fr
7219,fr
11267,pt
6229,es
14653,en
2338,id
4145,id
10049,pt
1308,sv
9885,tl
4887,en
2178,id
15966,de
11081,en
10709,sv
3213,de
4136,fr
14154,tl
2094,es
11959,es
128,tr
6162,id
897,nl
15794,es
15655,de
11437,es
4254,en
424,tl
3408,tl
2931,it
17108,sv
16050,es
13908,tr
15094,es
6720,nl
1962,es
3426,af
13031,fr
9035,tr
10503,de
385,af
9912,de
1108,es
5523,sv
7117,it
5614,id
7004,fr
14339,fr
3780,id
16989,af
16170,it
6337,pt
1786,nl
9680,tl
11453,sv
3387,it
4909,af
286,es
3401,tr
11451,it
7353,id
16228,af
9528,af
11529,de
6041,af
6289,fr
8824,tr
5157,fr
7044,pt
7380,es
11914,id
14498,id
7751,pt
13974,de
9767,fr
310,pt
6325,de
9855,id
1372,tl
1266,tl
13215,sv
5296,nl
9112,tl
6050,fr
9233,id
9565,nl
14239,it
3582,en
14138,de
3447,tr
4874,es
14063,id
4620,tr
10072,pt
4249,tl
13639,sv
9014,tr
6713,tr
12339,sv
10217,nl
6457,sv
12618,id
11157,en
12537,id
14567,fr
14461,tr
11677,pt
11634,en
2960,fr
15056,nl
508,es
14791,de
5082,fr
6213,tl
2775,af
1423,de
7258,nl
11250,es
12972,en
1454,de
9156,tr
7662,tr
219,de
2434,tl
17090,de
6646,id
4482,de
11451,it
4988,es
4960,id
15736,es
3834,nl
177,sv
4026,en
3213,es
1784,de
5573,de
185,es
5902,tr
9577,af
258,it
6166,de
14437,fr
1777,de
9438,de
11841,tr
11612,en
11802,en
15670,en
11969,de
1655,tl
8975,it
15796,fr
12437,it
12537,es
344,es
9471,tl
9406,it
16733,id
9931,tr
10182,tr
296,nl
2062,af
4957,tr
16317,id
16098,tr
4692,pt
5658,id
8148,id
14620,id
11162,en
7152,es
3980,en
12051,tr
12553,fr
6959,nl
11418,nl
14994,id
2156,fr
7542,tr
15271,tr
174,sv
2605,fr
4201,nl
9700,tl
13178,nl
9962,it
914,tr
10171,it
7496,fr
13607,de
10940,de
10197,id
16944,de
14925,es
2396,de
16605,af
14074,it
4547,tl
89,tr
12951,sv
11474,it
100,sv
14038,nl
1630,tr
15676,fr
12851,fr
9233,it
6729,af
2615,pt
10090,en
10381,es
5225,tl
16050,nl
4887,en
8431,fr
12446,en
17081,nl
9979,pt
10858,nl
1646,en
10709,nl
4355,fr
15553,fr
1533,pt
9303,es
6891,en
6417,pt
2414,fr
2840,sv
14449,af
15203,af
17151,fr
10430,sv
9768,de
10815,tr
13548,it
10350,pt
6023,en
4023,fr
2781,tl
7966,af
6378,nl
50,af
4838,de
9896,de
5703,es
10512,de
8413,es
6295,en
1692,pt
7970,tl
7847,fr
6439,tl
3489,fr
6506,fr
4784,it
15445,tr
14891,tl
11490,it
11644,pt
13780,it
6746,it
12212,es
9971,de
5261,af
10023,it
10755,sv
10427,es
1756,it
3193,tr
3723,id
6424,it
13881,fr
7039,es
13383,tr
1579,en
4917,id
9827,nl
12381,en
13372,es
16989,pt
10503,nl
11685,it
4391,af
9732,fr
9568,de
12066,es
10523,es
726,id
16992,tr
16471,it
11067,de
12294,id
6434,af
761,es
11862,pt
10895,tr
5026,fr
16791,tr
11616,tl
14071,fr
11554,sv
6618,fr
3489,fr
6426,nl
10182,id
3654,nl
14001,pt
7004,tr
8336,af
7151,id
2709,tr
3507,sv
16166,tl
1982,en
12008,tr
9110,es
2178,tr
17157,nl
6109,sv
5952,es
15387,en
8404,id
10031,nl
13340,af
2271,id
10571,tr
281,sv
9236,es
11733,it
13412,af
9640,af
3812,id
8949,nl
2703,sv
1741,pt
15789,en
14646,nl
5074,fr
16987,fr
7122,tl
8948,nl
16677,sv
2717,id
12366,pt
391,fr
6865,af
13043,nl
13040,it
5501,it
8005,tl
16222,tr
15055,de
2400,de
5611,es
4620,es
11685,id
3096,pt
10645,id
2615,sv
8960,tl
7152,es
10534,tl
491,de
14615,tl
6353,it
4614,tr
4088,id
9053,it
10197,nl
6559,es
16096,af
12838,pt
5286,it
3967,sv
10674,nl
4764,tl
4560,sv
10323,fr
9321,en
4654,it
9124,af
5009,en
7993,fr
3771,nl
14417,pt
5286,nl
5758,es
891,en
10673,it
8985,de
15966,tr
9562,tl
7080,sv
4171,it
7894,fr
5301,es
10825,nl
13400,af
2639,af
11107,en
2781,en
15707,af
4402,pt
4524,sv
2396,de
5568,it
7151,fr
7549,tl
8494,fr
13734,id
17170,it
6411,tl
3020,es
3029,en
13040,de
16642,de
6072,en
608,it
10887,id
8681,nl
5524,tr
6967,af
8230,nl
10699,de
13575,id
5722,tr
16911,fr
1683,es
9656,it
5082,pt
8653,pt
3020,it
12672,it
17011,tl
8248,tr
6289,pt
9301,id
4166,id
7140,tr
10851,af
12263,en
2679,af
4154,af
10760,fr
6747,pt
9619,af
9871,id
17043,tr
13974,pt
11335,sv
2931,pt
8732,es
11871,id
4968,es
16609,sv
9175,af
17075,tl
614,af
10077,id
15345,pt
8320,sv
15554,fr
6402,de
10534,tr
7539,id
13693,es
9380,it
13740,it
12999,id
13853,nl
10471,tr
80,pt
6575,es
8640,tr
16883,af
2527,it
15723,it
14995,af
15444,en
11700,id
10684,tl
9095,tr
7981,en
8410,sv
6539,de
17156,af
7111,af
6319,sv
16049,fr
12672,tl
7500,tr
5365,nl
16758,nl
6438,it
8731,es
16158,de
3305,it
6403,af
1941,de
3841,nl
9153,es
4391,nl
10753,sv
1047,en
4212,it
11460,en
10403,pt
9986,af
9896,de
7500,sv
2315,pt
8188,tl
12745,en
9591,nl
10319,de
7100,af
3329,en
7353,de
14762,es
13798,fr
11270,tr
16703,fr
8767,sv
10804,it
11306,id
16297,nl
14742,af
4951,es
7467,tl
6918,af
15062,fr
12182,af
6967,it
1202,pt
7726,id
9316,tl
11341,de
3507,en
10927,tr
16471,en
3280,pt
11204,de
6516,tr
14874,pt
14592,fr
2423,it
17151,fr
13223,tr
10513,tl
9691,fr
7767,de
1301,it
6557,tr
4088,pt
15593,it
13411,tl
12511,it
16669,tl
59,de
5615,af
827,id
7224,it
7817,tr
11862,tl
10678,nl
9341,sv
4673,es
6457,it
9198,tl
6708,it
14585,id
7851,fr
2423,id
12982,id
5871,id
6744,de
2611,sv
8413,it
5584,tr
13871,id
527,sv
4205,nl
14508,it
3124,tr
15513,pt
14928,de
15364,pt
10220,it
8413,de
3606,it
5439,tl
2887,tl
4851,it
3883,sv
16529,it
5721,fr
8150,sv
319,nl
11442,en
6015,af
2551,fr
1217,pt
8409,de
5037,nl
3306,id
11600,de
4871,fr
6325,it
2414,id
6936,nl
6918,fr
3174,tr
8460,fr
7922,sv
6109,de
4973,tl
16944,fr
6578,it
12340,tl
16221,sv
6050,it
4247,tl
151,tl
4355,tr
16005,pt
6201,tr
10226,af
6403,id
6897,es
16263,en
13881,es
4119,tr
16245,nl
6663,sv
1336,tl
10999,it
9124,nl
12846,tl
861,fr
2386,fr
13616,id
3570,fr
15765,pt
11916,tl
2678,fr
2167,fr
1677,af
11174,de
16712,tl
17023,id
3096,af
11644,af
8912,tl
10321,de
10868,nl
585,nl
427,id
13513,es
16838,pt
4492,sv
2480,nl
4833,fr
2298,de
2146,id
2387,pt
4960,fr
19,af
5074,af
11417,es
4031,af
5615,id
16613,de
5243,tl
3870,en
7680,de
5204,pt
10858,tr
9980,de
10815,nl
10970,af
12162,nl
16297,nl
16563,en
8635,tr
8322,it
2777,de
6041,sv
3413,nl
2775,tl
3124,it
7219,pt
12606,tl
6243,id
4088,tr
15982,tr
4166,pt
13690,en
14461,sv
61,fr
8828,tl
9156,pt
12340,fr
9542,nl
8430,af
4851,tl
10256,de
3775,de
10023,es
1014,sv
4254,tr
5652,en
16983,af
1870,sv
16314,fr
14742,pt
15205,id
6496,sv
4112,id
16248,nl
5550,af
16275,it
2354,pt
7912,tr
6177,pt
11953,fr
5529,fr
4125,nl
2206,de
10568,en
712,id
9720,es
9009,sv
8116,af
15647,nl
1575,pt
12717,en
2480,af
3624,af
6582,fr
10493,pt
16201,sv
6891,tl
12606,nl
3603,tl
6457,af
5396,es
5930,tl
5707,en
14926,tr
7061,sv
8535,tl
13457,en
4443,af
10350,sv
10399,pt
2438,tr
6860,en
5074,sv
16883,sv
7946,fr
12409,fr
4232,af
10053,af
6746,id
4232,tr
9961,af
10909,sv
8990,es
7956,it
12070,tl
3837,nl
8289,tl
10049,af
4550,it
5974,fr
6290,sv
2684,it
63,fr
3503,nl
10718,it
10525,fr
6901,nl
13175,sv
1351,tr
6293,nl
14762,tr
2208,id
3103,tl
17144,nl
14348,pt
5697,it
9956,tr
5661,id
15197,es
1123,en
1513,id
1722,fr
13400,en
2931,tl
16318,nl
6902,en
10097,fr
1509,id
8431,en
6503,sv
9554,de
533,de
16096,id
15289,fr
10276,fr
3276,sv
13215,es
5614,fr
7046,sv
9384,nl
3516,pt
1511,tr
15075,sv
14530,sv
7216,tl
2201,tr
13031,id
4957,es
3037,pt
4090,tr
4273,de
6227,tl
10577,af
16024,pt
13016,it
4957,af
13122,nl
7292,sv
3532,fr
10357,tr
1511,es
1924,id
7993,it
16082,id
15721,fr
11474,id
13524,it
7353,tl
385,en
9902,es
14239,it
7908,af
6013,af
7666,fr
400,nl
3623,pt
8322,id
427,fr
10898,nl
1423,pt
533,de
15457,nl
9760,de
8005,en
1811,pt
14958,af
14029,it
4154,nl
6109,sv
16713,id
14063,es
12104,id
2472,af
4580,id
6744,tr
4232,es
8977,tr
16961,id
5250,pt
3378,es
9966,fr
2206,pt
15593,nl
17108,fr
1516,pt
2959,tl
11266,de
843,sv
3037,en
8035,id
8116,fr
334,af
9994,tl
969,en
6116,en
6034,es
11455,fr
13031,sv
158,es
6162,af
3011,fr
8846,id
13863,es
10019,it
7660,af
10097,fr
11999,es
1982,it
13895,id
0,it
6166,en
4283,fr
2414,af
14963,pt
310,tl
2408,nl
11607,es
11376,es
6424,nl
17135,sv
5286,id
588,de
13341,pt
10709,pt
12883,af
969,es
12982,es
14928,fr
1982,es
13869,it
14418,pt
6946,it
16749,af
8694,af
16938,es
3894,de
3387,es
5370,de
15563,tl
12366,fr
4449,pt
6901,de
6744,nl
5579,pt
12838,id
11265,fr
8568,nl
9316,fr
3838,tr
451,en
7777,tr
5330,tl
13242,de
2030,nl
6670,fr
3174,id
11733,fr
2472,nl
6643,tl
3671,it
7294,id
4486,pt
4985,pt
6616,fr
13744,fr
14126,tl
6127,af
11827,en
16916,es
962,sv
17138,af
12121,pt
15736,es
6129,af
11257,sv
3960,fr
11812,pt
5600,sv
5009,pt
2780,it
10812,en
7196,tl
15670,en
16376,sv
8366,sv
9969,it
4994,de
13188,tr
16891,en
15181,de
13101,pt
5159,id
14453,en
9187,fr
296,af
2588,en
1318,tl
15508,en
5623,fr
10848,pt
10220,es
2355,en
13135,tl
2265,fr
2264,tl
1832,fr
7266,de
7189,fr
3600,tr
4132,en
17023,it
219,en
10164,tr
4547,en
11920,sv
10090,de
11600,de
31,nl
12818,sv
5812,sv
9406,tl
5856,id
13636,af
10216,tr
4334,tl
9074,sv
14074,it
8868,es
12051,fr
4391,sv
16145,it
13684,nl
14939,fr
5481,af
4355,af
4249,en
9853,tl
11318,af
11904,it
9541,pt
7539,sv
9291,sv
19,tl
11442,nl
8413,id
15618,pt
4784,en
10568,it
3695,es
3212,en
1774,pt
6014,tr
16470,es
17043,fr
9768,es
9720,en
16002,nl
13734,it
10100,sv
16282,de
14792,sv
5952,id
10323,af
2531,af
14891,nl
6992,it
9053,pt
9519,es
6819,nl
16045,af
4216,it
15948,en
7278,es
397,fr
764,it
16229,en
920,tl
8387,it
8302,pt
14820,id
15785,de
10757,fr
3960,tl
3441,id
1404,sv
8466,af
15298,fr
11273,id
15706,pt
9317,en
